


  2026-03-25 15:03:14 [INFO]: Property sync scheduler initialized - Running daily at 00:00, 12:00, and 15:00 (Etc/UTC), with cleanup + ownership move AFTER each sync
2026-03-25 15:03:14 [ERROR]: (node:16908) [MONGOOSE] Warning: Duplicate schema index on {"agentId":1} found. This is often due to declaring an index using both "index: true" and "schema.index()". Please remove the duplicate index definition.
(Use `node --trace-warnings ...` to show where the warning was created)
2026-03-25 15:03:14 [ERROR]: (node:16908) [MONGOOSE] Warning: Duplicate schema index on {"id":1} found. This is often due to declaring an index using both "index: true" and "schema.index()". Please remove the duplicate index definition.
2026-03-25 15:03:14 [ERROR]: (node:16908) [MONGOOSE] Warning: Duplicate schema index on {"location_id":1} found. This is often due to declaring an index using both "index: true" and "schema.index()". Please remove the duplicate index definition.
2026-03-25 15:03:14 [ERROR]: (node:16908) [MONGOOSE] Warning: Duplicate schema index on {"slug":1} found. This is often due to declaring an index using both "index: true" and "schema.index()". Please remove the duplicate index definition.
2026-03-25 15:03:14 [ERROR]: (node:16908) [MONGOOSE] Warning: Duplicate schema index on {"location_id":1} found. This is often due to declaring an index using both "index: true" and "schema.index()". Please remove the duplicate index definition.
2026-03-25 15:03:14 [ERROR]: (node:16908) [MONGOOSE] Warning: Duplicate schema index on {"categoryName":1} found. This is often due to declaring an index using both "index: true" and "schema.index()". Please remove the duplicate index definition.
2026-03-25 15:03:16 [INFO]: Server is running on port 8000
2026-03-25 15:03:23 [INFO]: Testing Logsss
2026-03-25 15:03:25 [INFO]: Testing Logsss
2026-03-25 15:04:43 [INFO]: Property sync scheduler initialized - Running daily at 00:00, 12:00, and 15:00 (Etc/UTC), with cleanup + ownership move AFTER each sync
2026-03-25 15:04:43 [ERROR]: (node:6432) [MONGOOSE] Warning: Duplicate schema index on {"agentId":1} found. This is often due to declaring an index using both "index: true" and "schema.index()". Please remove the duplicate index definition.
(Use `node --trace-warnings ...` to show where the warning was created)
2026-03-25 15:04:43 [ERROR]: (node:6432) [MONGOOSE] Warning: Duplicate schema index on {"id":1} found. This is often due to declaring an index using both "index: true" and "schema.index()". Please remove the duplicate index definition.
2026-03-25 15:04:43 [ERROR]: (node:6432) [MONGOOSE] Warning: Duplicate schema index on {"location_id":1} found. This is often due to declaring an index using both "index: true" and "schema.index()". Please remove the duplicate index definition.
2026-03-25 15:04:43 [ERROR]: (node:6432) [MONGOOSE] Warning: Duplicate schema index on {"slug":1} found. This is often due to declaring an index using both "index: true" and "schema.index()". Please remove the duplicate index definition.
2026-03-25 15:04:43 [ERROR]: (node:6432) [MONGOOSE] Warning: Duplicate schema index on {"location_id":1} found. This is often due to declaring an index using both "index: true" and "schema.index()". Please remove the duplicate index definition.
2026-03-25 15:04:43 [ERROR]: (node:6432) [MONGOOSE] Warning: Duplicate schema index on {"categoryName":1} found. This is often due to declaring an index using both "index: true" and "schema.index()". Please remove the duplicate index definition.
2026-03-25 15:04:44 [INFO]: Server is running on port 8000
2026-03-25 15:05:01 [INFO]: Property sync scheduler initialized - Running daily at 00:00, 12:00, and 15:00 (Etc/UTC), with cleanup + ownership move AFTER each sync
2026-03-25 15:05:01 [ERROR]: (node:10368) [MONGOOSE] Warning: Duplicate schema index on {"agentId":1} found. This is often due to declaring an index using both "index: true" and "schema.index()". Please remove the duplicate index definition.
(Use `node --trace-warnings ...` to show where the warning was created)
2026-03-25 15:05:01 [ERROR]: (node:10368) [MONGOOSE] Warning: Duplicate schema index on {"id":1} found. This is often due to declaring an index using both "index: true" and "schema.index()". Please remove the duplicate index definition.
2026-03-25 15:05:01 [ERROR]: (node:10368) [MONGOOSE] Warning: Duplicate schema index on {"location_id":1} found. This is often due to declaring an index using both "index: true" and "schema.index()". Please remove the duplicate index definition.
2026-03-25 15:05:01 [ERROR]: (node:10368) [MONGOOSE] Warning: Duplicate schema index on {"slug":1} found. This is often due to declaring an index using both "index: true" and "schema.index()". Please remove the duplicate index definition.
2026-03-25 15:05:01 [ERROR]: (node:10368) [MONGOOSE] Warning: Duplicate schema index on {"location_id":1} found. This is often due to declaring an index using both "index: true" and "schema.index()". Please remove the duplicate index definition.
2026-03-25 15:05:01 [ERROR]: (node:10368) [MONGOOSE] Warning: Duplicate schema index on {"categoryName":1} found. This is often due to declaring an index using both "index: true" and "schema.index()". Please remove the duplicate index definition.
2026-03-25 15:05:04 [INFO]: Property sync scheduler initialized - Running daily at 00:00, 12:00, and 15:00 (Etc/UTC), with cleanup + ownership move AFTER each sync
2026-03-25 15:05:04 [ERROR]: (node:11632) [MONGOOSE] Warning: Duplicate schema index on {"agentId":1} found. This is often due to declaring an index using both "index: true" and "schema.index()". Please remove the duplicate index definition.
(Use `node --trace-warnings ...` to show where the warning was created)
2026-03-25 15:05:04 [ERROR]: (node:11632) [MONGOOSE] Warning: Duplicate schema index on {"id":1} found. This is often due to declaring an index using both "index: true" and "schema.index()". Please remove the duplicate index definition.
2026-03-25 15:05:04 [ERROR]: (node:11632) [MONGOOSE] Warning: Duplicate schema index on {"location_id":1} found. This is often due to declaring an index using both "index: true" and "schema.index()". Please remove the duplicate index definition.
2026-03-25 15:05:04 [ERROR]: (node:11632) [MONGOOSE] Warning: Duplicate schema index on {"slug":1} found. This is often due to declaring an index using both "index: true" and "schema.index()". Please remove the duplicate index definition.
2026-03-25 15:05:04 [ERROR]: (node:11632) [MONGOOSE] Warning: Duplicate schema index on {"location_id":1} found. This is often due to declaring an index using both "index: true" and "schema.index()". Please remove the duplicate index definition.
2026-03-25 15:05:04 [ERROR]: (node:11632) [MONGOOSE] Warning: Duplicate schema index on {"categoryName":1} found. This is often due to declaring an index using both "index: true" and "schema.index()". Please remove the duplicate index definition.
2026-03-25 15:05:05 [INFO]: Server is running on port 8000
2026-03-25 15:05:48 [INFO]: Property sync scheduler initialized - Running daily at 00:00, 12:00, and 15:00 (Etc/UTC), with cleanup + ownership move AFTER each sync
2026-03-25 15:05:48 [ERROR]: (node:9972) [MONGOOSE] Warning: Duplicate schema index on {"agentId":1} found. This is often due to declaring an index using both "index: true" and "schema.index()". Please remove the duplicate index definition.
(Use `node --trace-warnings ...` to show where the warning was created)
2026-03-25 15:05:48 [ERROR]: (node:9972) [MONGOOSE] Warning: Duplicate schema index on {"id":1} found. This is often due to declaring an index using both "index: true" and "schema.index()". Please remove the duplicate index definition.
2026-03-25 15:05:48 [ERROR]: (node:9972) [MONGOOSE] Warning: Duplicate schema index on {"location_id":1} found. This is often due to declaring an index using both "index: true" and "schema.index()". Please remove the duplicate index definition.
2026-03-25 15:05:48 [ERROR]: (node:9972) [MONGOOSE] Warning: Duplicate schema index on {"slug":1} found. This is often due to declaring an index using both "index: true" and "schema.index()". Please remove the duplicate index definition.
2026-03-25 15:05:48 [ERROR]: (node:9972) [MONGOOSE] Warning: Duplicate schema index on {"location_id":1} found. This is often due to declaring an index using both "index: true" and "schema.index()". Please remove the duplicate index definition.
2026-03-25 15:05:48 [ERROR]: (node:9972) [MONGOOSE] Warning: Duplicate schema index on {"categoryName":1} found. This is often due to declaring an index using both "index: true" and "schema.index()". Please remove the duplicate index definition.
2026-03-25 15:05:50 [INFO]: Server is running on port 8000
2026-03-25 15:05:59 [INFO]: Testing Logsss
2026-03-25 15:07:36 [INFO]: Testing Logsss
2026-03-25 15:09:18 [INFO]: Property sync scheduler initialized - Running daily at 00:00, 12:00, and 15:00 (Etc/UTC), with cleanup + ownership move AFTER each sync
2026-03-25 15:09:18 [ERROR]: (node:17116) [MONGOOSE] Warning: Duplicate schema index on {"agentId":1} found. This is often due to declaring an index using both "index: true" and "schema.index()". Please remove the duplicate index definition.
(Use `node --trace-warnings ...` to show where the warning was created)
2026-03-25 15:09:18 [ERROR]: (node:17116) [MONGOOSE] Warning: Duplicate schema index on {"id":1} found. This is often due to declaring an index using both "index: true" and "schema.index()". Please remove the duplicate index definition.
2026-03-25 15:09:18 [ERROR]: (node:17116) [MONGOOSE] Warning: Duplicate schema index on {"location_id":1} found. This is often due to declaring an index using both "index: true" and "schema.index()". Please remove the duplicate index definition.
2026-03-25 15:09:18 [ERROR]: (node:17116) [MONGOOSE] Warning: Duplicate schema index on {"slug":1} found. This is often due to declaring an index using both "index: true" and "schema.index()". Please remove the duplicate index definition.
2026-03-25 15:09:18 [ERROR]: (node:17116) [MONGOOSE] Warning: Duplicate schema index on {"location_id":1} found. This is often due to declaring an index using both "index: true" and "schema.index()". Please remove the duplicate index definition.
2026-03-25 15:09:18 [ERROR]: (node:17116) [MONGOOSE] Warning: Duplicate schema index on {"categoryName":1} found. This is often due to declaring an index using both "index: true" and "schema.index()". Please remove the duplicate index definition.
2026-03-25 15:09:20 [INFO]: Server is running on port 8000
2026-03-25 15:22:39 [INFO]: Testing Logsss
2026-03-25 15:23:43 [INFO]: Property sync scheduler initialized - Running daily at 00:00, 12:00, and 15:00 (Etc/UTC), with cleanup + ownership move AFTER each sync
2026-03-25 15:23:43 [ERROR]: (node:3256) [MONGOOSE] Warning: Duplicate schema index on {"agentId":1} found. This is often due to declaring an index using both "index: true" and "schema.index()". Please remove the duplicate index definition.
(Use `node --trace-warnings ...` to show where the warning was created)
2026-03-25 15:23:43 [ERROR]: (node:3256) [MONGOOSE] Warning: Duplicate schema index on {"id":1} found. This is often due to declaring an index using both "index: true" and "schema.index()". Please remove the duplicate index definition.
2026-03-25 15:23:43 [ERROR]: (node:3256) [MONGOOSE] Warning: Duplicate schema index on {"location_id":1} found. This is often due to declaring an index using both "index: true" and "schema.index()". Please remove the duplicate index definition.
2026-03-25 15:23:43 [ERROR]: (node:3256) [MONGOOSE] Warning: Duplicate schema index on {"slug":1} found. This is often due to declaring an index using both "index: true" and "schema.index()". Please remove the duplicate index definition.
2026-03-25 15:23:43 [ERROR]: (node:3256) [MONGOOSE] Warning: Duplicate schema index on {"location_id":1} found. This is often due to declaring an index using both "index: true" and "schema.index()". Please remove the duplicate index definition.
2026-03-25 15:23:43 [ERROR]: (node:3256) [MONGOOSE] Warning: Duplicate schema index on {"categoryName":1} found. This is often due to declaring an index using both "index: true" and "schema.index()". Please remove the duplicate index definition.
2026-03-25 15:23:46 [INFO]: Property sync scheduler initialized - Running daily at 00:00, 12:00, and 15:00 (Etc/UTC), with cleanup + ownership move AFTER each sync
2026-03-25 15:23:46 [ERROR]: (node:8396) [MONGOOSE] Warning: Duplicate schema index on {"agentId":1} found. This is often due to declaring an index using both "index: true" and "schema.index()". Please remove the duplicate index definition.
(Use `node --trace-warnings ...` to show where the warning was created)
2026-03-25 15:23:46 [ERROR]: (node:8396) [MONGOOSE] Warning: Duplicate schema index on {"id":1} found. This is often due to declaring an index using both "index: true" and "schema.index()". Please remove the duplicate index definition.
2026-03-25 15:23:46 [ERROR]: (node:8396) [MONGOOSE] Warning: Duplicate schema index on {"location_id":1} found. This is often due to declaring an index using both "index: true" and "schema.index()". Please remove the duplicate index definition.
2026-03-25 15:23:46 [ERROR]: (node:8396) [MONGOOSE] Warning: Duplicate schema index on {"slug":1} found. This is often due to declaring an index using both "index: true" and "schema.index()". Please remove the duplicate index definition.
2026-03-25 15:23:46 [ERROR]: (node:8396) [MONGOOSE] Warning: Duplicate schema index on {"location_id":1} found. This is often due to declaring an index using both "index: true" and "schema.index()". Please remove the duplicate index definition.
2026-03-25 15:23:46 [ERROR]: (node:8396) [MONGOOSE] Warning: Duplicate schema index on {"categoryName":1} found. This is often due to declaring an index using both "index: true" and "schema.index()". Please remove the duplicate index definition.
2026-03-25 15:23:47 [INFO]: Server is running on port 8000
2026-03-25 15:26:15 [INFO]: Property sync scheduler initialized - Running daily at 00:00, 12:00, and 15:00 (Etc/UTC), with cleanup + ownership move AFTER each sync
2026-03-25 15:26:15 [ERROR]: (node:8792) [MONGOOSE] Warning: Duplicate schema index on {"agentId":1} found. This is often due to declaring an index using both "index: true" and "schema.index()". Please remove the duplicate index definition.
(Use `node --trace-warnings ...` to show where the warning was created)
2026-03-25 15:26:15 [ERROR]: (node:8792) [MONGOOSE] Warning: Duplicate schema index on {"id":1} found. This is often due to declaring an index using both "index: true" and "schema.index()". Please remove the duplicate index definition.
2026-03-25 15:26:15 [ERROR]: (node:8792) [MONGOOSE] Warning: Duplicate schema index on {"location_id":1} found. This is often due to declaring an index using both "index: true" and "schema.index()". Please remove the duplicate index definition.
2026-03-25 15:26:15 [ERROR]: (node:8792) [MONGOOSE] Warning: Duplicate schema index on {"slug":1} found. This is often due to declaring an index using both "index: true" and "schema.index()". Please remove the duplicate index definition.
2026-03-25 15:26:15 [ERROR]: (node:8792) [MONGOOSE] Warning: Duplicate schema index on {"location_id":1} found. This is often due to declaring an index using both "index: true" and "schema.index()". Please remove the duplicate index definition.
2026-03-25 15:26:15 [ERROR]: (node:8792) [MONGOOSE] Warning: Duplicate schema index on {"categoryName":1} found. This is often due to declaring an index using both "index: true" and "schema.index()". Please remove the duplicate index definition.
2026-03-25 15:26:17 [INFO]: Server is running on port 8000
2026-03-25 15:26:23 [INFO]: Testing Logsss  22
2026-03-25 15:26:27 [INFO]: Testing Logsss  22
2026-03-25 15:26:36 [INFO]: Property sync scheduler initialized - Running daily at 00:00, 12:00, and 15:00 (Etc/UTC), with cleanup + ownership move AFTER each sync
2026-03-25 15:26:36 [ERROR]: (node:13108) [MONGOOSE] Warning: Duplicate schema index on {"agentId":1} found. This is often due to declaring an index using both "index: true" and "schema.index()". Please remove the duplicate index definition.
(Use `node --trace-warnings ...` to show where the warning was created)
2026-03-25 15:26:36 [ERROR]: (node:13108) [MONGOOSE] Warning: Duplicate schema index on {"id":1} found. This is often due to declaring an index using both "index: true" and "schema.index()". Please remove the duplicate index definition.
2026-03-25 15:26:36 [ERROR]: (node:13108) [MONGOOSE] Warning: Duplicate schema index on {"location_id":1} found. This is often due to declaring an index using both "index: true" and "schema.index()". Please remove the duplicate index definition.
2026-03-25 15:26:36 [ERROR]: (node:13108) [MONGOOSE] Warning: Duplicate schema index on {"slug":1} found. This is often due to declaring an index using both "index: true" and "schema.index()". Please remove the duplicate index definition.
2026-03-25 15:26:36 [ERROR]: (node:13108) [MONGOOSE] Warning: Duplicate schema index on {"location_id":1} found. This is often due to declaring an index using both "index: true" and "schema.index()". Please remove the duplicate index definition.
2026-03-25 15:26:36 [ERROR]: (node:13108) [MONGOOSE] Warning: Duplicate schema index on {"categoryName":1} found. This is often due to declaring an index using both "index: true" and "schema.index()". Please remove the duplicate index definition.
2026-03-25 15:26:38 [INFO]: Server is running on port 8000
2026-03-25 15:26:46 [INFO]: Testing Logsss  22
2026-03-25 15:26:49 [INFO]: Testing Logsss  22
2026-03-25 15:51:20 [INFO]: Property sync scheduler initialized - Running daily at 00:00, 12:00, and 15:00 (Etc/UTC), with cleanup + ownership move AFTER each sync
2026-03-25 15:51:20 [ERROR]: (node:8900) [MONGOOSE] Warning: Duplicate schema index on {"agentId":1} found. This is often due to declaring an index using both "index: true" and "schema.index()". Please remove the duplicate index definition.
(Use `node --trace-warnings ...` to show where the warning was created)
2026-03-25 15:51:20 [ERROR]: (node:8900) [MONGOOSE] Warning: Duplicate schema index on {"id":1} found. This is often due to declaring an index using both "index: true" and "schema.index()". Please remove the duplicate index definition.
2026-03-25 15:51:20 [ERROR]: (node:8900) [MONGOOSE] Warning: Duplicate schema index on {"location_id":1} found. This is often due to declaring an index using both "index: true" and "schema.index()". Please remove the duplicate index definition.
2026-03-25 15:51:20 [ERROR]: (node:8900) [MONGOOSE] Warning: Duplicate schema index on {"slug":1} found. This is often due to declaring an index using both "index: true" and "schema.index()". Please remove the duplicate index definition.
2026-03-25 15:51:20 [ERROR]: (node:8900) [MONGOOSE] Warning: Duplicate schema index on {"location_id":1} found. This is often due to declaring an index using both "index: true" and "schema.index()". Please remove the duplicate index definition.
2026-03-25 15:51:20 [ERROR]: (node:8900) [MONGOOSE] Warning: Duplicate schema index on {"categoryName":1} found. This is often due to declaring an index using both "index: true" and "schema.index()". Please remove the duplicate index definition.
2026-03-25 15:51:22 [INFO]: Server is running on port 8000
2026-03-25 15:51:26 [INFO]: Property sync scheduler initialized - Running daily at 00:00, 12:00, and 15:00 (Etc/UTC), with cleanup + ownership move AFTER each sync
2026-03-25 15:51:26 [ERROR]: (node:7684) [MONGOOSE] Warning: Duplicate schema index on {"agentId":1} found. This is often due to declaring an index using both "index: true" and "schema.index()". Please remove the duplicate index definition.
(Use `node --trace-warnings ...` to show where the warning was created)
2026-03-25 15:51:26 [ERROR]: (node:7684) [MONGOOSE] Warning: Duplicate schema index on {"id":1} found. This is often due to declaring an index using both "index: true" and "schema.index()". Please remove the duplicate index definition.
2026-03-25 15:51:26 [ERROR]: (node:7684) [MONGOOSE] Warning: Duplicate schema index on {"location_id":1} found. This is often due to declaring an index using both "index: true" and "schema.index()". Please remove the duplicate index definition.
2026-03-25 15:51:26 [ERROR]: (node:7684) [MONGOOSE] Warning: Duplicate schema index on {"slug":1} found. This is often due to declaring an index using both "index: true" and "schema.index()". Please remove the duplicate index definition.
2026-03-25 15:51:26 [ERROR]: (node:7684) [MONGOOSE] Warning: Duplicate schema index on {"location_id":1} found. This is often due to declaring an index using both "index: true" and "schema.index()". Please remove the duplicate index definition.
2026-03-25 15:51:26 [ERROR]: (node:7684) [MONGOOSE] Warning: Duplicate schema index on {"categoryName":1} found. This is often due to declaring an index using both "index: true" and "schema.index()". Please remove the duplicate index definition.
2026-03-25 15:51:28 [INFO]: Server is running on port 8000
2026-03-25 15:52:08 [INFO]: Property sync scheduler initialized - Running daily at 00:00, 12:00, and 15:00 (Etc/UTC), with cleanup + ownership move AFTER each sync
2026-03-25 15:52:08 [ERROR]: (node:2812) [MONGOOSE] Warning: Duplicate schema index on {"agentId":1} found. This is often due to declaring an index using both "index: true" and "schema.index()". Please remove the duplicate index definition.
(Use `node --trace-warnings ...` to show where the warning was created)
2026-03-25 15:52:08 [ERROR]: (node:2812) [MONGOOSE] Warning: Duplicate schema index on {"id":1} found. This is often due to declaring an index using both "index: true" and "schema.index()". Please remove the duplicate index definition.
2026-03-25 15:52:08 [ERROR]: (node:2812) [MONGOOSE] Warning: Duplicate schema index on {"location_id":1} found. This is often due to declaring an index using both "index: true" and "schema.index()". Please remove the duplicate index definition.
2026-03-25 15:52:08 [ERROR]: (node:2812) [MONGOOSE] Warning: Duplicate schema index on {"slug":1} found. This is often due to declaring an index using both "index: true" and "schema.index()". Please remove the duplicate index definition.
2026-03-25 15:52:08 [ERROR]: (node:2812) [MONGOOSE] Warning: Duplicate schema index on {"location_id":1} found. This is often due to declaring an index using both "index: true" and "schema.index()". Please remove the duplicate index definition.
2026-03-25 15:52:08 [ERROR]: (node:2812) [MONGOOSE] Warning: Duplicate schema index on {"categoryName":1} found. This is often due to declaring an index using both "index: true" and "schema.index()". Please remove the duplicate index definition.
2026-03-25 15:52:10 [INFO]: Server is running on port 8000
2026-03-25 15:52:29 [INFO]: Property sync scheduler initialized - Running daily at 00:00, 12:00, and 15:00 (Etc/UTC), with cleanup + ownership move AFTER each sync
2026-03-25 15:52:29 [ERROR]: (node:11992) [MONGOOSE] Warning: Duplicate schema index on {"agentId":1} found. This is often due to declaring an index using both "index: true" and "schema.index()". Please remove the duplicate index definition.
(Use `node --trace-warnings ...` to show where the warning was created)
2026-03-25 15:52:29 [ERROR]: (node:11992) [MONGOOSE] Warning: Duplicate schema index on {"id":1} found. This is often due to declaring an index using both "index: true" and "schema.index()". Please remove the duplicate index definition.
2026-03-25 15:52:29 [ERROR]: (node:11992) [MONGOOSE] Warning: Duplicate schema index on {"location_id":1} found. This is often due to declaring an index using both "index: true" and "schema.index()". Please remove the duplicate index definition.
2026-03-25 15:52:29 [ERROR]: (node:11992) [MONGOOSE] Warning: Duplicate schema index on {"slug":1} found. This is often due to declaring an index using both "index: true" and "schema.index()". Please remove the duplicate index definition.
2026-03-25 15:52:29 [ERROR]: (node:11992) [MONGOOSE] Warning: Duplicate schema index on {"location_id":1} found. This is often due to declaring an index using both "index: true" and "schema.index()". Please remove the duplicate index definition.
2026-03-25 15:52:29 [ERROR]: (node:11992) [MONGOOSE] Warning: Duplicate schema index on {"categoryName":1} found. This is often due to declaring an index using both "index: true" and "schema.index()". Please remove the duplicate index definition.
2026-03-25 15:52:30 [INFO]: Server is running on port 8000
2026-03-25 16:00:00 [INFO]: 🔄 [2026-03-25T11:00:00.026Z] Starting scheduled property sync...
2026-03-25 16:00:00 [INFO]: Fetching XML from: https://arabianestates.my.salesforce-sites.com/ListingsXML/services/apexrest/ListingsForPortal?PortalName=Website
2026-03-25 16:00:06 [INFO]: Parsing XML data...
2026-03-25 16:00:06 [INFO]: Found 1582 properties in XML
2026-03-25 16:00:06 [INFO]: Processing 1582 properties
2026-03-25 16:00:06 [INFO]: Live properties: 623
2026-03-25 16:00:06 [INFO]: Non-Live properties: 959
2026-03-25 16:00:10 [INFO]: [PB-S-22040-3] ✨ Queueing full created
2026-03-25 16:00:10 [INFO]: [PB-S-21965-1] ✨ Queueing full created
2026-03-25 16:00:10 [INFO]: [PB-S-12520-5] ✨ Queueing full created
2026-03-25 16:00:10 [INFO]: [PB-R-37451] ⏭️  Skipped - no changes needed
2026-03-25 16:00:10 [INFO]: [PB-R-37414] 📍 Adding/Updating address_information: {
  "Longitude_Latitude": "25.18020, 55.26594"
}
2026-03-25 16:00:10 [INFO]: [PB-R-37414] ✏️  Queueing partial update
2026-03-25 16:00:10 [INFO]: [PB-S-12702-6] 📍 Adding/Updating address_information: {
  "Longitude_Latitude": "25.17875,55.27041"
}
2026-03-25 16:00:10 [INFO]: [PB-S-12702-6] ✏️  Queueing partial update
2026-03-25 16:00:10 [INFO]: [PB-S-16095-2] 📍 Adding/Updating address_information: {
  "Longitude_Latitude": "25.00194,55.44647"
}
2026-03-25 16:00:10 [INFO]: [PB-S-16095-2] ✏️  Queueing partial update
2026-03-25 16:00:10 [INFO]: [PB-S-14093-4] 📍 Adding/Updating address_information: {
  "Longitude_Latitude": "24.93058,55.22295"
}
2026-03-25 16:00:10 [INFO]: [PB-S-14093-4] ✏️  Queueing partial update
2026-03-25 16:00:10 [INFO]: [PB-R-33908-1] 📍 Adding/Updating address_information: {
  "Longitude_Latitude": "25.05577,55.17754"
}
2026-03-25 16:00:10 [INFO]: [PB-R-33908-1] ✏️  Queueing partial update
2026-03-25 16:00:10 [INFO]: [PB-R-36031] 📍 Adding/Updating address_information: {
  "Longitude_Latitude": "25.08773, 55.14751"
}
2026-03-25 16:00:10 [INFO]: [PB-R-36031] ✏️  Queueing partial update
2026-03-25 16:00:10 [INFO]: [PB-R-13933-4] 📍 Adding/Updating address_information: {
  "Longitude_Latitude": "25.02743,55.22999"
}
2026-03-25 16:00:10 [INFO]: [PB-R-13933-4] ✏️  Queueing partial update
2026-03-25 16:00:10 [INFO]: [PB-S-36053-1] 📍 Adding/Updating address_information: {
  "Longitude_Latitude": "25.02231,55.22454"
}
2026-03-25 16:00:10 [INFO]: [PB-S-36053-1] ✏️  Queueing partial update
2026-03-25 16:00:10 [INFO]: [PB-R-37248-1] 📍 Adding/Updating address_information: {
  "Longitude_Latitude": "25.024405, 55.246446"
}
2026-03-25 16:00:10 [INFO]: [PB-R-37248-1] ✏️  Queueing partial update
2026-03-25 16:00:10 [INFO]: [PB-S-36887-1] 📍 Adding/Updating address_information: {
  "Longitude_Latitude": "25.11362,55.13673"
}
2026-03-25 16:00:10 [INFO]: [PB-S-36887-1] ✏️  Queueing partial update
2026-03-25 16:00:10 [INFO]: [PB-R-36062-2] 📍 Adding/Updating address_information: {
  "Longitude_Latitude": "25.10653,55.24847"
}
2026-03-25 16:00:10 [INFO]: [PB-R-36062-2] ✏️  Queueing partial update
2026-03-25 16:00:10 [INFO]: [PB-S-13474-7] 📍 Adding/Updating address_information: {
  "Longitude_Latitude": "25.02477,55.22292"
}
2026-03-25 16:00:10 [INFO]: [PB-S-13474-7] ✏️  Queueing partial update
2026-03-25 16:00:10 [INFO]: [PB-S-36063-1] 📍 Adding/Updating address_information: {
  "Longitude_Latitude": "25.12551,55.15342"
}
2026-03-25 16:00:10 [INFO]: [PB-S-36063-1] ✏️  Queueing partial update
2026-03-25 16:00:10 [INFO]: [PB-R-36358-2] 📍 Adding/Updating address_information: {
  "Longitude_Latitude": "25.15530,55.28377"
}
2026-03-25 16:00:10 [INFO]: [PB-R-36358-2] ✏️  Queueing partial update
2026-03-25 16:00:10 [INFO]: [PB-R-36303-1] 📍 Adding/Updating address_information: {
  "Longitude_Latitude": "25.85993,55.13848"
}
2026-03-25 16:00:10 [INFO]: [PB-R-36303-1] ✏️  Queueing partial update
2026-03-25 16:00:10 [INFO]: [PB-R-36664-1] 📍 Adding/Updating address_information: {
  "Longitude_Latitude": "25.08216, 55.13918"
}
2026-03-25 16:00:10 [INFO]: [PB-R-36664-1] ✏️  Queueing partial update
2026-03-25 16:00:10 [INFO]: [PB-S-36732-1] 📍 Adding/Updating address_information: {
  "Longitude_Latitude": "25.05572, 55.17761"
}
2026-03-25 16:00:10 [INFO]: [PB-S-36732-1] ✏️  Queueing partial update
2026-03-25 16:00:10 [INFO]: [PB-R-37075] 📍 Adding/Updating address_information: {
  "Longitude_Latitude": "25.12014, 55.26392"
}
2026-03-25 16:00:10 [INFO]: [PB-R-37075] ✏️  Queueing partial update
2026-03-25 16:00:10 [INFO]: [PB-R-36780-2] 📍 Adding/Updating address_information: {
  "Longitude_Latitude": "25.20401, 55.34698"
}
2026-03-25 16:00:10 [INFO]: [PB-R-36780-2] ✏️  Queueing partial update
2026-03-25 16:00:10 [INFO]: [PB-S-37255] 📍 Adding/Updating address_information: {
  "Longitude_Latitude": "25.07221, 55.33412"
}
2026-03-25 16:00:10 [INFO]: [PB-S-37255] ✏️  Queueing partial update
2026-03-25 16:00:10 [INFO]: [PB-R-37436] 📍 Adding/Updating address_information: {
  "Longitude_Latitude": "25.18686, 55.28298"
}
2026-03-25 16:00:10 [INFO]: [PB-R-37436] ✏️  Queueing partial update
2026-03-25 16:00:10 [INFO]: [PB-R-37422] ⏭️  Skipped - no changes needed
2026-03-25 16:00:10 [INFO]: [PB-S-37382] 📍 Adding/Updating address_information: {
  "Longitude_Latitude": "25.04509, 55.24281"
}
2026-03-25 16:00:10 [INFO]: [PB-S-37382] ✏️  Queueing partial update
2026-03-25 16:00:10 [INFO]: [PB-S-34638-1] 📍 Adding/Updating address_information: {
  "Longitude_Latitude": "25.3342,55.26801"
}
2026-03-25 16:00:10 [INFO]: [PB-S-34638-1] ✏️  Queueing partial update
2026-03-25 16:00:10 [INFO]: [PB-S-21937-2] 📍 Adding/Updating address_information: {
  "Longitude_Latitude": "25.06550, 55.23734"
}
2026-03-25 16:00:10 [INFO]: [PB-S-21937-2] ✏️  Queueing partial update
2026-03-25 16:00:10 [INFO]: [PB-S-1613-3] 📍 Adding/Updating address_information: {
  "Longitude_Latitude": "25.01111,55.45328"
}
2026-03-25 16:00:10 [INFO]: [PB-S-1613-3] ✏️  Queueing partial update
2026-03-25 16:00:10 [INFO]: [PB-S-11194-7] 📍 Adding/Updating address_information: {
  "Longitude_Latitude": "25.02432,55.20364"
}
2026-03-25 16:00:10 [INFO]: [PB-S-11194-7] ✏️  Queueing partial update
2026-03-25 16:00:10 [INFO]: [PB-R-37247] 📍 Adding/Updating address_information: {
  "Longitude_Latitude": "25.03104,55.20553"
}
2026-03-25 16:00:10 [INFO]: [PB-R-37247] ✏️  Queueing partial update
2026-03-25 16:00:10 [INFO]: [PB-S-11422-4] 📍 Adding/Updating address_information: {
  "Longitude_Latitude": "25.53021,55.30942"
}
2026-03-25 16:00:10 [INFO]: [PB-S-11422-4] ✏️  Queueing partial update
2026-03-25 16:00:10 [INFO]: [PB-S-37417] ⏭️  Skipped - no changes needed
2026-03-25 16:00:10 [INFO]: [PB-S-37420] ⏭️  Skipped - no changes needed
2026-03-25 16:00:10 [INFO]: [PB-S-37429] ⏭️  Skipped - no changes needed
2026-03-25 16:00:10 [INFO]: [PB-S-37426] ⏭️  Skipped - no changes needed
2026-03-25 16:00:10 [INFO]: [PB-R-37127] ⏭️  Skipped - no changes needed
2026-03-25 16:00:10 [INFO]: [PB-R-37375] 📍 Adding/Updating address_information: {
  "Longitude_Latitude": "25.05959, 55.21702"
}
2026-03-25 16:00:10 [INFO]: [PB-R-37375] ✏️  Queueing partial update
2026-03-25 16:00:10 [INFO]: [PB-S-12861-1] ⏭️  Skipped - no changes needed
2026-03-25 16:00:10 [INFO]: [PB-S-37381] 📍 Adding/Updating address_information: {
  "Longitude_Latitude": "25.20722, 55.34391"
}
2026-03-25 16:00:10 [INFO]: [PB-S-37381] ✏️  Queueing partial update
2026-03-25 16:00:10 [INFO]: [PB-S-36873-2] 📍 Adding/Updating address_information: {
  "Longitude_Latitude": "25.02788,55.22906"
}
2026-03-25 16:00:10 [INFO]: [PB-S-36873-2] ✏️  Queueing partial update
2026-03-25 16:00:10 [INFO]: [PB-S-37425] ⏭️  Skipped - no changes needed
2026-03-25 16:00:10 [INFO]: [PB-S-37423] ⏭️  Skipped - no changes needed
2026-03-25 16:00:10 [INFO]: [PB-R-37434] 📍 Adding/Updating address_information: {
  "Longitude_Latitude": "25.09956, 55.24421"
}
2026-03-25 16:00:10 [INFO]: [PB-R-37434] ✏️  Queueing partial update
2026-03-25 16:00:10 [INFO]: [PB-R-37424] ⏭️  Skipped - no changes needed
2026-03-25 16:00:10 [INFO]: [PB-S-37432] ⏭️  Skipped - no changes needed
2026-03-25 16:00:10 [INFO]: [PB-S-12600-10] 📍 Adding/Updating address_information: {
  "Longitude_Latitude": "25.11064,55.13572"
}
2026-03-25 16:00:10 [INFO]: [PB-S-12600-10] ✏️  Queueing partial update
2026-03-25 16:00:10 [INFO]: [PB-S-37184] 📍 Adding/Updating address_information: {
  "Longitude_Latitude": "25.11117,55.13734"
}
2026-03-25 16:00:10 [INFO]: [PB-S-37184] ✏️  Queueing partial update
2026-03-25 16:00:10 [INFO]: [PB-R-36577-1] 📍 Adding/Updating address_information: {
  "Longitude_Latitude": "25.05577,55.17754"
}
2026-03-25 16:00:10 [INFO]: [PB-R-36577-1] ✏️  Queueing partial update
2026-03-25 16:00:10 [INFO]: [PB-S-9455-2] 📍 Adding/Updating address_information: {
  "Longitude_Latitude": "25.10651,55.14793"
}
2026-03-25 16:00:10 [INFO]: [PB-S-9455-2] ✏️  Queueing partial update
2026-03-25 16:00:10 [INFO]: [PB-S-33931-2] 📍 Adding/Updating address_information: {
  "Longitude_Latitude": "55.13466, 25.11724"
}
2026-03-25 16:00:10 [INFO]: [PB-S-33931-2] ✏️  Queueing partial update
2026-03-25 16:00:10 [INFO]: [PB-S-12601-9] 📍 Adding/Updating address_information: {
  "Longitude_Latitude": "25.11130,55.13659"
}
2026-03-25 16:00:10 [INFO]: [PB-S-12601-9] ✏️  Queueing partial update
2026-03-25 16:00:10 [INFO]: [PB-S-31077-2] 📍 Adding/Updating address_information: {
  "Longitude_Latitude": "25.11040,55.13745"
}
2026-03-25 16:00:10 [INFO]: [PB-S-31077-2] ✏️  Queueing partial update
2026-03-25 16:00:10 [INFO]: [PB-S-36587] 📍 Adding/Updating address_information: {
  "Longitude_Latitude": "25.08702, 55.14757"
}
2026-03-25 16:00:10 [INFO]: [PB-S-36587] ✏️  Queueing partial update
2026-03-25 16:00:10 [INFO]: [PB-S-28622-4] 📍 Adding/Updating address_information: {
  "Longitude_Latitude": "25.06167,55.18719"
}
2026-03-25 16:00:10 [INFO]: [PB-S-28622-4] ✏️  Queueing partial update
2026-03-25 16:00:10 [INFO]: [PB-S-36627-1] 📍 Adding/Updating address_information: {
  "Longitude_Latitude": "25.05733, 55.17529"
}
2026-03-25 16:00:10 [INFO]: [PB-S-36627-1] ✏️  Queueing partial update
2026-03-25 16:00:10 [INFO]: [PB-S-10042-1] 📍 Adding/Updating address_information: {
  "Longitude_Latitude": "25.05505,55.18244"
}
2026-03-25 16:00:10 [INFO]: [PB-S-10042-1] ✏️  Queueing partial update
2026-03-25 16:00:10 [INFO]: [PB-S-12104-10] 📍 Adding/Updating address_information: {
  "Longitude_Latitude": "55.17996, 25.05621"
}
2026-03-25 16:00:10 [INFO]: [PB-S-12104-10] ✏️  Queueing partial update
2026-03-25 16:00:10 [INFO]: [PB-S-14311] 📍 Adding/Updating address_information: {
  "Longitude_Latitude": "25.13383, 55.19175"
}
2026-03-25 16:00:10 [INFO]: [PB-S-14311] ✏️  Queueing partial update
2026-03-25 16:00:10 [INFO]: [PB-R-37363] ⏭️  Skipped - no changes needed
2026-03-25 16:00:10 [INFO]: [PB-S-11960-7] 📍 Adding/Updating address_information: {
  "Longitude_Latitude": "25.07032,55.14120"
}
2026-03-25 16:00:10 [INFO]: [PB-S-11960-7] ✏️  Queueing partial update
2026-03-25 16:00:10 [INFO]: [PB-R-37351] ⏭️  Skipped - no changes needed
2026-03-25 16:00:10 [INFO]: [PB-R-36004-1] 📍 Adding/Updating address_information: {
  "Longitude_Latitude": "25.04173,55.20599"
}
2026-03-25 16:00:10 [INFO]: [PB-R-36004-1] ✏️  Queueing partial update
2026-03-25 16:00:10 [INFO]: [PB-S-36817-1] 📍 Adding/Updating address_information: {
  "Longitude_Latitude": "25.11069,55.14673"
}
2026-03-25 16:00:10 [INFO]: [PB-S-36817-1] ✏️  Queueing partial update
2026-03-25 16:00:10 [INFO]: [PB-S-5717-4] 📍 Adding/Updating address_information: {
  "Longitude_Latitude": "25.06145,55.16136"
}
2026-03-25 16:00:10 [INFO]: [PB-S-5717-4] ✏️  Queueing partial update
2026-03-25 16:00:10 [INFO]: [PB-S-12137-4] 📍 Adding/Updating address_information: {
  "Longitude_Latitude": "25.13518, 55.18995"
}
2026-03-25 16:00:10 [INFO]: [PB-S-12137-4] ✏️  Queueing partial update
2026-03-25 16:00:10 [INFO]: [PB-R-37394] 📍 Adding/Updating address_information: {
  "Longitude_Latitude": "25.07688,55.13523"
}
2026-03-25 16:00:10 [INFO]: [PB-R-37394] ✏️  Queueing partial update
2026-03-25 16:00:10 [INFO]: [PB-S-37413] 📍 Adding/Updating address_information: {
  "Longitude_Latitude": "25.07392,55.13292"
}
2026-03-25 16:00:10 [INFO]: [PB-S-37413] ✏️  Queueing partial update
2026-03-25 16:00:10 [INFO]: [PB-R-36030-1] 📍 Adding/Updating address_information: {
  "Longitude_Latitude": "25.20971, 55.34635"
}
2026-03-25 16:00:10 [INFO]: [PB-R-36030-1] ✏️  Queueing partial update
2026-03-25 16:00:10 [INFO]: [PB-R-35979-1] 📍 Adding/Updating address_information: {
  "Longitude_Latitude": "25.03491, 55.20987"
}
2026-03-25 16:00:10 [INFO]: [PB-R-35979-1] ✏️  Queueing partial update
2026-03-25 16:00:10 [INFO]: [PB-S-12951-6] 📍 Adding/Updating address_information: {
  "Longitude_Latitude": "25.19090,55.28138"
}
2026-03-25 16:00:10 [INFO]: [PB-S-12951-6] ✏️  Queueing partial update
2026-03-25 16:00:10 [INFO]: [PB-S-12952-6] 📍 Adding/Updating address_information: {
  "Longitude_Latitude": "25.19696,55.26999"
}
2026-03-25 16:00:10 [INFO]: [PB-S-12952-6] ✏️  Queueing partial update
2026-03-25 16:00:10 [INFO]: [PB-S-37391] 📍 Adding/Updating address_information: {
  "Longitude_Latitude": "25.07844,55.15968"
}
2026-03-25 16:00:10 [INFO]: [PB-S-37391] ✏️  Queueing partial update
2026-03-25 16:00:10 [INFO]: [PB-S-34654-1] 📍 Adding/Updating address_information: {
  "Longitude_Latitude": "25.20413 55.25944"
}
2026-03-25 16:00:10 [INFO]: [PB-S-34654-1] ✏️  Queueing partial update
2026-03-25 16:00:10 [INFO]: [PB-S-37350] ⏭️  Skipped - no changes needed
2026-03-25 16:00:10 [INFO]: [PB-S-21885-3] 📍 Adding/Updating address_information: {
  "Longitude_Latitude": "25.07559,55.13377"
}
2026-03-25 16:00:10 [INFO]: [PB-S-21885-3] ✏️  Queueing partial update
2026-03-25 16:00:10 [INFO]: [PB-S-22125-2] 📍 Adding/Updating address_information: {
  "Longitude_Latitude": "25.08259,55.14214"
}
2026-03-25 16:00:10 [INFO]: [PB-S-22125-2] ✏️  Queueing partial update
2026-03-25 16:00:10 [INFO]: [PB-S-11925-7] 📍 Adding/Updating address_information: {
  "Longitude_Latitude": "55.14756, 25.09051"
}
2026-03-25 16:00:10 [INFO]: [PB-S-11925-7] ✏️  Queueing partial update
2026-03-25 16:00:10 [INFO]: [PB-S-28662-2] 📍 Adding/Updating address_information: {
  "Longitude_Latitude": "25.07619,55.13562"
}
2026-03-25 16:00:10 [INFO]: [PB-S-28662-2] ✏️  Queueing partial update
2026-03-25 16:00:10 [INFO]: [PB-S-36044] 📍 Adding/Updating address_information: {
  "Longitude_Latitude": "24.97695,55.21981"
}
2026-03-25 16:00:10 [INFO]: [PB-S-36044] ✏️  Queueing partial update
2026-03-25 16:00:10 [INFO]: [PB-S-36045] 📍 Adding/Updating address_information: {
  "Longitude_Latitude": "24.97695,55.21981"
}
2026-03-25 16:00:10 [INFO]: [PB-S-36045] ✏️  Queueing partial update
2026-03-25 16:00:10 [INFO]: [PB-R-36719-1] 📍 Adding/Updating address_information: {
  "Longitude_Latitude": "25.05527,55.17754"
}
2026-03-25 16:00:10 [INFO]: [PB-R-36719-1] ✏️  Queueing partial update
2026-03-25 16:00:10 [INFO]: [PB-S-36440-1] 📍 Adding/Updating address_information: {
  "Longitude_Latitude": "25.17676,55.31207"
}
2026-03-25 16:00:10 [INFO]: [PB-S-36440-1] ✏️  Queueing partial update
2026-03-25 16:00:10 [INFO]: [PB-S-36038-1] 📍 Adding/Updating address_information: {
  "Longitude_Latitude": "25.20336, 55.28098"
}
2026-03-25 16:00:10 [INFO]: [PB-S-36038-1] ✏️  Queueing partial update
2026-03-25 16:00:10 [INFO]: [PB-S-36492-2] 📍 Adding/Updating address_information: {
  "Longitude_Latitude": "25.19347,55.28089"
}
2026-03-25 16:00:10 [INFO]: [PB-S-36492-2] ✏️  Queueing partial update
2026-03-25 16:00:10 [INFO]: [PB-R-36754-1] 📍 Adding/Updating address_information: {
  "Longitude_Latitude": "24.11406,55.20558"
}
2026-03-25 16:00:10 [INFO]: [PB-R-36754-1] ✏️  Queueing partial update
2026-03-25 16:00:10 [INFO]: [PB-S-18554-3] 📍 Adding/Updating address_information: {
  "Longitude_Latitude": "25.13457, 55.19164"
}
2026-03-25 16:00:10 [INFO]: [PB-S-18554-3] ✏️  Queueing partial update
2026-03-25 16:00:10 [INFO]: [PB-S-14362-5] 📍 Adding/Updating address_information: {
  "Longitude_Latitude": "25.20518,55.25830"
}
2026-03-25 16:00:10 [INFO]: [PB-S-14362-5] ✏️  Queueing partial update
2026-03-25 16:00:10 [INFO]: [PB-S-36772-1] 📍 Adding/Updating address_information: {
  "Longitude_Latitude": "25.08845, 55.14928"
}
2026-03-25 16:00:10 [INFO]: [PB-S-36772-1] ✏️  Queueing partial update
2026-03-25 16:00:10 [INFO]: [PB-S-36806-1] 📍 Adding/Updating address_information: {
  "Longitude_Latitude": "25.10933,55.14585"
}
2026-03-25 16:00:10 [INFO]: [PB-S-36806-1] ✏️  Queueing partial update
2026-03-25 16:00:10 [INFO]: [PB-R-37399] ⏭️  Skipped - no changes needed
2026-03-25 16:00:10 [INFO]: [PB-R-37387] ⏭️  Skipped - no changes needed
2026-03-25 16:00:10 [INFO]: [PB-R-37412] 📍 Adding/Updating address_information: {
  "Longitude_Latitude": "25.20798, 55.34434"
}
2026-03-25 16:00:10 [INFO]: [PB-R-37412] ✏️  Queueing partial update
2026-03-25 16:00:10 [INFO]: [PB-R-37155] ⏭️  Skipped - no changes needed
2026-03-25 16:00:10 [INFO]: [PB-S-36776-1] 📍 Adding/Updating address_information: {
  "Longitude_Latitude": "25.19124,55.26992"
}
2026-03-25 16:00:10 [INFO]: [PB-S-36776-1] ✏️  Queueing partial update
2026-03-25 16:00:10 [INFO]: [PB-R-36650-2] 📍 Adding/Updating address_information: {
  "Longitude_Latitude": "25.06226, 55.17580"
}
2026-03-25 16:00:10 [INFO]: [PB-R-36650-2] ✏️  Queueing partial update
2026-03-25 16:00:10 [INFO]: [PB-R-37302] 📍 Adding/Updating address_information: {
  "Longitude_Latitude": "25.06588, 55.32145"
}
2026-03-25 16:00:10 [INFO]: [PB-R-37302] ✏️  Queueing partial update
2026-03-25 16:00:10 [INFO]: [PB-S-37406] 📍 Adding/Updating address_information: {
  "Longitude_Latitude": "25.04777, 55.21090"
}
2026-03-25 16:00:10 [INFO]: [PB-S-37406] ✏️  Queueing partial update
2026-03-25 16:00:10 [INFO]: [PB-R-36009-2] 📍 Adding/Updating address_information: {
  "Longitude_Latitude": "25.05147, 55.17409"
}
2026-03-25 16:00:10 [INFO]: [PB-R-36009-2] ✏️  Queueing partial update
2026-03-25 16:00:10 [INFO]: [PB-S-36811-1] 📍 Adding/Updating address_information: {
  "Longitude_Latitude": "25.05214,55.21744"
}
2026-03-25 16:00:10 [INFO]: [PB-S-36811-1] ✏️  Queueing partial update
2026-03-25 16:00:10 [INFO]: [PB-R-36302-2] 📍 Adding/Updating address_information: {
  "Longitude_Latitude": "25.06010,55.18525"
}
2026-03-25 16:00:10 [INFO]: [PB-R-36302-2] ✏️  Queueing partial update
2026-03-25 16:00:10 [INFO]: [PB-R-36568-1] 📍 Adding/Updating address_information: {
  "Longitude_Latitude": "25.07392,55.13292"
}
2026-03-25 16:00:10 [INFO]: [PB-R-36568-1] ✏️  Queueing partial update
2026-03-25 16:00:10 [INFO]: [PB-R-37390] ⏭️  Skipped - no changes needed
2026-03-25 16:00:10 [INFO]: [PB-S-22201-3] 📍 Adding/Updating address_information: {
  "Longitude_Latitude": "25.20424,55.25939"
}
2026-03-25 16:00:10 [INFO]: [PB-S-22201-3] ✏️  Queueing partial update
2026-03-25 16:00:10 [INFO]: [PB-S-36957-1] 📍 Adding/Updating address_information: {
  "Longitude_Latitude": "25.20402,55.25947"
}
2026-03-25 16:00:10 [INFO]: [PB-S-36957-1] ✏️  Queueing partial update
2026-03-25 16:00:10 [INFO]: [PB-R-37411] 📍 Adding/Updating address_information: {
  "Longitude_Latitude": "25.08789,55.17279"
}
2026-03-25 16:00:10 [INFO]: [PB-R-37411] ✏️  Queueing partial update
2026-03-25 16:00:10 [INFO]: [PB-S-36778] 📍 Adding/Updating address_information: {
  "Longitude_Latitude": "25.06103, 55.16023"
}
2026-03-25 16:00:10 [INFO]: [PB-S-36778] ✏️  Queueing partial update
2026-03-25 16:00:10 [INFO]: [PB-R-37194] ⏭️  Skipped - no changes needed
2026-03-25 16:00:10 [INFO]: [PB-R-37028] 📍 Adding/Updating address_information: {
  "Longitude_Latitude": "25.09851,55.25344"
}
2026-03-25 16:00:10 [INFO]: [PB-R-37028] ✏️  Queueing partial update
2026-03-25 16:00:10 [INFO]: [PB-R-37016] 📍 Adding/Updating address_information: {
  "Longitude_Latitude": "25.09852, 55.25171"
}
2026-03-25 16:00:10 [INFO]: [PB-R-37016] ✏️  Queueing partial update
2026-03-25 16:00:10 [INFO]: [PB-R-37010] 📍 Adding/Updating address_information: {
  "Longitude_Latitude": "25.09978,55.14100"
}
2026-03-25 16:00:10 [INFO]: [PB-R-37010] ✏️  Queueing partial update
2026-03-25 16:00:10 [INFO]: [PB-R-37007] 📍 Adding/Updating address_information: {
  "Longitude_Latitude": "25.09880,55.14017"
}
2026-03-25 16:00:10 [INFO]: [PB-R-37007] ✏️  Queueing partial update
2026-03-25 16:00:10 [INFO]: [PB-R-36994] 📍 Adding/Updating address_information: {
  "Longitude_Latitude": "25.05297,55.20155"
}
2026-03-25 16:00:10 [INFO]: [PB-R-36994] ✏️  Queueing partial update
2026-03-25 16:00:10 [INFO]: [PB-R-36580-1] 📍 Adding/Updating address_information: {
  "Longitude_Latitude": "25.10044,55.25066"
}
2026-03-25 16:00:10 [INFO]: [PB-R-36580-1] ✏️  Queueing partial update
2026-03-25 16:00:10 [INFO]: [PB-R-36562-1] 📍 Adding/Updating address_information: {
  "Longitude_Latitude": "25.12020,55.26395"
}
2026-03-25 16:00:10 [INFO]: [PB-R-36562-1] ✏️  Queueing partial update
2026-03-25 16:00:10 [INFO]: [PB-R-36441-1] 📍 Adding/Updating address_information: {
  "Longitude_Latitude": "25.12367,55.26044"
}
2026-03-25 16:00:10 [INFO]: [PB-R-36441-1] ✏️  Queueing partial update
2026-03-25 16:00:10 [INFO]: [PB-R-36435-1] 📍 Adding/Updating address_information: {
  "Longitude_Latitude": "25.12379, 55.26045"
}
2026-03-25 16:00:10 [INFO]: [PB-R-36435-1] ✏️  Queueing partial update
2026-03-25 16:00:10 [INFO]: [PB-R-36432-1] 📍 Adding/Updating address_information: {
  "Longitude_Latitude": "25.11135, 55.24564"
}
2026-03-25 16:00:10 [INFO]: [PB-R-36432-1] ✏️  Queueing partial update
2026-03-25 16:00:10 [INFO]: [PB-R-36431-1] 📍 Adding/Updating address_information: {
  "Longitude_Latitude": "25.10571, 55.24536"
}
2026-03-25 16:00:10 [INFO]: [PB-R-36431-1] ✏️  Queueing partial update
2026-03-25 16:00:10 [INFO]: [PB-S-12062-5] 📍 Adding/Updating address_information: {
  "Longitude_Latitude": "25.07958,55.11956"
}
2026-03-25 16:00:10 [INFO]: [PB-S-12062-5] ✏️  Queueing partial update
2026-03-25 16:00:10 [INFO]: [PB-S-18443-2] 📍 Adding/Updating address_information: {
  "Longitude_Latitude": "25.25777, 55.27737"
}
2026-03-25 16:00:10 [INFO]: [PB-S-18443-2] ✏️  Queueing partial update
2026-03-25 16:00:10 [INFO]: [PB-S-36814-1] 📍 Adding/Updating address_information: {
  "Longitude_Latitude": "25.19499, 55.26899"
}
2026-03-25 16:00:10 [INFO]: [PB-S-36814-1] ✏️  Queueing partial update
2026-03-25 16:00:10 [INFO]: [PB-S-36712-1] 📍 Adding/Updating address_information: {
  "Longitude_Latitude": "25.12375,55.26042"
}
2026-03-25 16:00:10 [INFO]: [PB-S-36712-1] ✏️  Queueing partial update
2026-03-25 16:00:10 [INFO]: [PB-S-36828-1] 📍 Adding/Updating address_information: {
  "Longitude_Latitude": "25.18495,55.28954"
}
2026-03-25 16:00:10 [INFO]: [PB-S-36828-1] ✏️  Queueing partial update
2026-03-25 16:00:10 [INFO]: [PB-S-36829-1] 📍 Adding/Updating address_information: {
  "Longitude_Latitude": "25.08876, 55.24995"
}
2026-03-25 16:00:10 [INFO]: [PB-S-36829-1] ✏️  Queueing partial update
2026-03-25 16:00:10 [INFO]: [PB-S-36834-1] 📍 Adding/Updating address_information: {
  "Longitude_Latitude": "25.19203,55.26330"
}
2026-03-25 16:00:10 [INFO]: [PB-S-36834-1] ✏️  Queueing partial update
2026-03-25 16:00:10 [INFO]: [PB-S-3534-2] 📍 Adding/Updating address_information: {
  "Longitude_Latitude": "55.14756, 25.09051"
}
2026-03-25 16:00:10 [INFO]: [PB-S-3534-2] ✏️  Queueing partial update
2026-03-25 16:00:10 [INFO]: [PB-S-21964-1] 📍 Adding/Updating address_information: {
  "Longitude_Latitude": "25.13292,55.19018"
}
2026-03-25 16:00:10 [INFO]: [PB-S-21964-1] ✏️  Queueing partial update
2026-03-25 16:00:10 [INFO]: [PB-R-37392] 📍 Adding/Updating address_information: {
  "Longitude_Latitude": "25.17958, 55.27280"
}
2026-03-25 16:00:10 [INFO]: [PB-R-37392] ✏️  Queueing partial update
2026-03-25 16:00:10 [INFO]: [PB-R-36781-1] 📍 Adding/Updating address_information: {
  "Longitude_Latitude": "25.05491,55.28922"
}
2026-03-25 16:00:10 [INFO]: [PB-R-36781-1] ✏️  Queueing partial update
2026-03-25 16:00:10 [INFO]: [PB-S-36841] 📍 Adding/Updating address_information: {
  "Longitude_Latitude": "25.193222,55.27156"
}
2026-03-25 16:00:10 [INFO]: [PB-S-36841] ✏️  Queueing partial update
2026-03-25 16:00:10 [INFO]: [PB-S-36840-1] 📍 Adding/Updating address_information: {
  "Longitude_Latitude": "25.20922,55.34753"
}
2026-03-25 16:00:10 [INFO]: [PB-S-36840-1] ✏️  Queueing partial update
2026-03-25 16:00:10 [INFO]: [PB-S-5868-2] 📍 Adding/Updating address_information: {
  "Longitude_Latitude": "25.05727,55.17533"
}
2026-03-25 16:00:10 [INFO]: [PB-S-5868-2] ✏️  Queueing partial update
2026-03-25 16:00:10 [INFO]: [PB-S-36643-2] 📍 Adding/Updating address_information: {
  "Longitude_Latitude": "25.20997,55.27883"
}
2026-03-25 16:00:10 [INFO]: [PB-S-36643-2] ✏️  Queueing partial update
2026-03-25 16:00:10 [INFO]: [PB-S-36093-3] 📍 Adding/Updating address_information: {
  "Longitude_Latitude": "25.08932, 55.17350"
}
2026-03-25 16:00:10 [INFO]: [PB-S-36093-3] ✏️  Queueing partial update
2026-03-25 16:00:10 [INFO]: [PB-S-36839-1] 📍 Adding/Updating address_information: {
  "Longitude_Latitude": "25.08879,55.24989"
}
2026-03-25 16:00:10 [INFO]: [PB-S-36839-1] ✏️  Queueing partial update
2026-03-25 16:00:10 [INFO]: [PB-R-36777] 📍 Adding/Updating address_information: {
  "Longitude_Latitude": "25.17682, 55.31196"
}
2026-03-25 16:00:10 [INFO]: [PB-R-36777] ✏️  Queueing partial update
2026-03-25 16:00:10 [INFO]: [PB-S-36775] 📍 Adding/Updating address_information: {
  "Longitude_Latitude": "25.17682, 55.31196"
}
2026-03-25 16:00:10 [INFO]: [PB-S-36775] ✏️  Queueing partial update
2026-03-25 16:00:10 [INFO]: [PB-S-36845-1] 📍 Adding/Updating address_information: {
  "Longitude_Latitude": "25.18050,55.25259"
}
2026-03-25 16:00:10 [INFO]: [PB-S-36845-1] ✏️  Queueing partial update
2026-03-25 16:00:10 [INFO]: [PB-S-9647-2] 📍 Adding/Updating address_information: {
  "Longitude_Latitude": "25.02304,55.21546"
}
2026-03-25 16:00:10 [INFO]: [PB-S-9647-2] ✏️  Queueing partial update
2026-03-25 16:00:10 [INFO]: [PB-S-12885-10] 📍 Adding/Updating address_information: {
  "Longitude_Latitude": "25.17660, 55.27272"
}
2026-03-25 16:00:10 [INFO]: [PB-S-12885-10] ✏️  Queueing partial update
2026-03-25 16:00:10 [INFO]: [PB-R-36715] 📍 Adding/Updating address_information: {
  "Longitude_Latitude": "25.09152, 55.17407"
}
2026-03-25 16:00:10 [INFO]: [PB-R-36715] ✏️  Queueing partial update
2026-03-25 16:00:10 [INFO]: [PB-S-12667-7] 📍 Adding/Updating address_information: {
  "Longitude_Latitude": "25.02304,55.21546"
}
2026-03-25 16:00:10 [INFO]: [PB-S-12667-7] ✏️  Queueing partial update
2026-03-25 16:00:10 [INFO]: [PB-S-22109-3] 📍 Adding/Updating address_information: {
  "Longitude_Latitude": "25.13152,55.19125"
}
2026-03-25 16:00:10 [INFO]: [PB-S-22109-3] ✏️  Queueing partial update
2026-03-25 16:00:10 [INFO]: [PB-S-36617-1] 📍 Adding/Updating address_information: {
  "Longitude_Latitude": "25.02304,55.21546"
}
2026-03-25 16:00:10 [INFO]: [PB-S-36617-1] ✏️  Queueing partial update
2026-03-25 16:00:10 [INFO]: [PB-R-37379] 📍 Adding/Updating address_information: {
  "Longitude_Latitude": "25.030573, 55.254911"
}
2026-03-25 16:00:10 [INFO]: [PB-R-37379] ✏️  Queueing partial update
2026-03-25 16:00:10 [INFO]: [PB-R-37396] ⏭️  Skipped - no changes needed
2026-03-25 16:00:10 [INFO]: [PB-S-12193-1] 📍 Adding/Updating address_information: {
  "Longitude_Latitude": "25.11075, 55.24511"
}
2026-03-25 16:00:10 [INFO]: [PB-S-12193-1] ✏️  Queueing partial update
2026-03-25 16:00:10 [INFO]: [PB-S-31775-2] 📍 Adding/Updating address_information: {
  "Longitude_Latitude": "25.10861, 55.14521"
}
2026-03-25 16:00:10 [INFO]: [PB-S-31775-2] ✏️  Queueing partial update
2026-03-25 16:00:10 [INFO]: [PB-S-16922] ⏭️  Skipped - no changes needed
2026-03-25 16:00:10 [INFO]: [PB-S-18396-4] 📍 Adding/Updating address_information: {
  "Longitude_Latitude": "25.05952,55.22141"
}
2026-03-25 16:00:10 [INFO]: [PB-S-18396-4] ✏️  Queueing partial update
2026-03-25 16:00:10 [INFO]: [PB-S-12771-7] 📍 Adding/Updating address_information: {
  "Longitude_Latitude": "25.02219,55.22454"
}
2026-03-25 16:00:10 [INFO]: [PB-S-12771-7] ✏️  Queueing partial update
2026-03-25 16:00:10 [INFO]: [PB-S-36820] 📍 Adding/Updating address_information: {
  "Longitude_Latitude": "25.13815, 55.18936"
}
2026-03-25 16:00:10 [INFO]: [PB-S-36820] ✏️  Queueing partial update
2026-03-25 16:00:10 [INFO]: [PB-S-17999] 📍 Adding/Updating address_information: {
  "Longitude_Latitude": "25.16217,55.29125"
}
2026-03-25 16:00:10 [INFO]: [PB-S-17999] ✏️  Queueing partial update
2026-03-25 16:00:10 [INFO]: [PB-S-37388] ⏭️  Skipped - no changes needed
2026-03-25 16:00:10 [INFO]: [PB-S-37366] ⏭️  Skipped - no changes needed
2026-03-25 16:00:10 [INFO]: [PB-R-37245] 📍 Adding/Updating address_information: {
  "Longitude_Latitude": "25.02534, 55.14432"
}
2026-03-25 16:00:10 [INFO]: [PB-R-37245] ✏️  Queueing partial update
2026-03-25 16:00:10 [INFO]: [PB-S-37386] ⏭️  Skipped - no changes needed
2026-03-25 16:00:10 [INFO]: [PB-R-37300] 📍 Adding/Updating address_information: {
  "Longitude_Latitude": "25.05193, 55.21889"
}
2026-03-25 16:00:10 [INFO]: [PB-R-37300] ✏️  Queueing partial update
2026-03-25 16:00:10 [INFO]: [PB-S-37377] 📍 Adding/Updating address_information: {
  "Longitude_Latitude": "25.10981,55.24924"
}
2026-03-25 16:00:10 [INFO]: [PB-S-37377] ✏️  Queueing partial update
2026-03-25 16:00:10 [INFO]: [PB-S-37129] ⏭️  Skipped - no changes needed
2026-03-25 16:00:10 [INFO]: [PB-R-37365] 📍 Adding/Updating address_information: {
  "Longitude_Latitude": "25.18064, 55.25296"
}
2026-03-25 16:00:10 [INFO]: [PB-R-37365] ✏️  Queueing partial update
2026-03-25 16:00:10 [INFO]: [PB-R-37367] 📍 Adding/Updating address_information: {
  "Longitude_Latitude": "25.18806,55.28331"
}
2026-03-25 16:00:10 [INFO]: [PB-R-37367] ✏️  Queueing partial update
2026-03-25 16:00:10 [INFO]: [PB-S-12714] ⏭️  Skipped - no changes needed
2026-03-25 16:00:10 [INFO]: [PB-R-37354] ⏭️  Skipped - no changes needed
2026-03-25 16:00:10 [INFO]: [PB-R-37348] ⏭️  Skipped - no changes needed
2026-03-25 16:00:10 [INFO]: [PB-S-24867] 📍 Adding/Updating address_information: {
  "Longitude_Latitude": "25.10755,55.14849"
}
2026-03-25 16:00:10 [INFO]: [PB-S-24867] ✏️  Queueing partial update
2026-03-25 16:00:10 [INFO]: [PB-R-37347] ⏭️  Skipped - no changes needed
2026-03-25 16:00:10 [INFO]: [PB-R-37343] 📍 Adding/Updating address_information: {
  "Longitude_Latitude": "25.08093,55.36868"
}
2026-03-25 16:00:10 [INFO]: [PB-R-37343] ✏️  Queueing partial update
2026-03-25 16:00:10 [INFO]: [PB-R-37310] 📍 Adding/Updating address_information: {
  "Longitude_Latitude": "25.07246,55.13617"
}
2026-03-25 16:00:10 [INFO]: [PB-R-37310] ✏️  Queueing partial update
2026-03-25 16:00:10 [INFO]: [PB-S-37290] 📍 Adding/Updating address_information: {
  "Longitude_Latitude": "25.12377,55.26042"
}
2026-03-25 16:00:10 [INFO]: [PB-S-37290] ✏️  Queueing partial update
2026-03-25 16:00:10 [INFO]: [PB-S-7934] ⏭️  Skipped - no changes needed
2026-03-25 16:00:10 [INFO]: [PB-R-37309] 📍 Adding/Updating address_information: {
  "Longitude_Latitude": "25.02646, 55.20824"
}
2026-03-25 16:00:10 [INFO]: [PB-R-37309] ✏️  Queueing partial update
2026-03-25 16:00:10 [INFO]: [PB-S-37201] ⏭️  Skipped - no changes needed
2026-03-25 16:00:10 [INFO]: [PB-R-37308] ⏭️  Skipped - no changes needed
2026-03-25 16:00:10 [INFO]: [PB-R-37200] 📍 Adding/Updating address_information: {
  "Longitude_Latitude": "25.02959,55.22626"
}
2026-03-25 16:00:10 [INFO]: [PB-R-37200] ✏️  Queueing partial update
2026-03-25 16:00:10 [INFO]: [PB-S-37307] 📍 Adding/Updating address_information: {
  "Longitude_Latitude": "25.06969,55.14690"
}
2026-03-25 16:00:10 [INFO]: [PB-S-37307] ✏️  Queueing partial update
2026-03-25 16:00:10 [INFO]: [PB-S-37312] ⏭️  Skipped - no changes needed
2026-03-25 16:00:10 [INFO]: [PB-S-37385] ⏭️  Skipped - no changes needed
2026-03-25 16:00:10 [INFO]: [PB-S-37306] 📍 Adding/Updating address_information: {
  "Longitude_Latitude": "25.07808, 55.24870"
}
2026-03-25 16:00:10 [INFO]: [PB-S-37306] ✏️  Queueing partial update
2026-03-25 16:00:10 [INFO]: [PB-S-36565] 📍 Adding/Updating address_information: {
  "Longitude_Latitude": "25.02745, 55.22991"
}
2026-03-25 16:00:10 [INFO]: [PB-S-36565] ✏️  Queueing partial update
2026-03-25 16:00:10 [INFO]: [PB-S-0240-1] 📍 Adding/Updating address_information: {
  "Longitude_Latitude": "25.10129,55.15536"
}
2026-03-25 16:00:10 [INFO]: [PB-S-0240-1] ✏️  Queueing partial update
2026-03-25 16:00:10 [INFO]: [PB-S-37242] ⏭️  Skipped - no changes needed
2026-03-25 16:00:10 [INFO]: [PB-S-37301] ⏭️  Skipped - no changes needed
2026-03-25 16:00:10 [INFO]: [PB-R-37295] 📍 Adding/Updating address_information: {
  "Longitude_Latitude": "25.03926, 55.23286"
}
2026-03-25 16:00:10 [INFO]: [PB-R-37295] ✏️  Queueing partial update
2026-03-25 16:00:10 [INFO]: [PB-R-37299] 📍 Adding/Updating address_information: {
  "Longitude_Latitude": "25.09841, 55.25335"
}
2026-03-25 16:00:10 [INFO]: [PB-R-37299] ✏️  Queueing partial update
2026-03-25 16:00:10 [INFO]: [PB-S-37292] 📍 Adding/Updating address_information: {
  "Longitude_Latitude": "25.12244, 55.15436"
}
2026-03-25 16:00:10 [INFO]: [PB-S-37292] ✏️  Queueing partial update
2026-03-25 16:00:10 [INFO]: [PB-S-16019-3] 📍 Adding/Updating address_information: {
  "Longitude_Latitude": "25.13811,55.18906"
}
2026-03-25 16:00:10 [INFO]: [PB-S-16019-3] ✏️  Queueing partial update
2026-03-25 16:00:10 [INFO]: [PB-R-37262] 📍 Adding/Updating address_information: {
  "Longitude_Latitude": "25.13109, 55.19188"
}
2026-03-25 16:00:10 [INFO]: [PB-R-37262] ✏️  Queueing partial update
2026-03-25 16:00:10 [INFO]: [PB-S-37304] 📍 Adding/Updating address_information: {
  "Longitude_Latitude": "25.19385,55.27127"
}
2026-03-25 16:00:10 [INFO]: [PB-S-37304] ✏️  Queueing partial update
2026-03-25 16:00:10 [INFO]: [PB-R-37291] 📍 Adding/Updating address_information: {
  "Longitude_Latitude": "25.18486, 55.26662"
}
2026-03-25 16:00:10 [INFO]: [PB-R-37291] ✏️  Queueing partial update
2026-03-25 16:00:10 [INFO]: [PB-S-36506] 📍 Adding/Updating address_information: {
  "Longitude_Latitude": "25.10629, 55.24571"
}
2026-03-25 16:00:10 [INFO]: [PB-S-36506] ✏️  Queueing partial update
2026-03-25 16:00:10 [INFO]: [PB-R-37009] 📍 Adding/Updating address_information: {
  "Longitude_Latitude": "25.11024, 55.24898"
}
2026-03-25 16:00:10 [INFO]: [PB-R-37009] ✏️  Queueing partial update
2026-03-25 16:00:10 [INFO]: [PB-R-37293] 📍 Adding/Updating address_information: {
  "Longitude_Latitude": "25.07121,55.32752"
}
2026-03-25 16:00:10 [INFO]: [PB-R-37293] ✏️  Queueing partial update
2026-03-25 16:00:10 [INFO]: [PB-S-37374] 📍 Adding/Updating address_information: {
  "Longitude_Latitude": "25.20393, 55.34699"
}
2026-03-25 16:00:10 [INFO]: [PB-S-37374] ✏️  Queueing partial update
2026-03-25 16:00:10 [INFO]: [PB-R-11133] 📍 Adding/Updating address_information: {
  "Longitude_Latitude": "55.30885, 25.26952"
}
2026-03-25 16:00:10 [INFO]: [PB-R-11133] ✏️  Queueing partial update
2026-03-25 16:00:10 [INFO]: [PB-S-36921] 📍 Adding/Updating address_information: {
  "Longitude_Latitude": "25.19208,55.26332"
}
2026-03-25 16:00:10 [INFO]: [PB-S-36921] ✏️  Queueing partial update
2026-03-25 16:00:10 [INFO]: [PB-S-36853] 📍 Adding/Updating address_information: {
  "Longitude_Latitude": "25.17809,55.27377"
}
2026-03-25 16:00:10 [INFO]: [PB-S-36853] ✏️  Queueing partial update
2026-03-25 16:00:10 [INFO]: [PB-R-37047] 📍 Adding/Updating address_information: {
  "Longitude_Latitude": "25.13768, 55.31146"
}
2026-03-25 16:00:10 [INFO]: [PB-R-37047] ✏️  Queueing partial update
2026-03-25 16:00:10 [INFO]: [PB-R-37231] 📍 Adding/Updating address_information: {
  "Longitude_Latitude": "25.08546,55.14258"
}
2026-03-25 16:00:10 [INFO]: [PB-R-37231] ✏️  Queueing partial update
2026-03-25 16:00:10 [INFO]: [PB-R-36082-1] 📍 Adding/Updating address_information: {
  "Longitude_Latitude": "25.10984,55.224444"
}
2026-03-25 16:00:10 [INFO]: [PB-R-36082-1] ✏️  Queueing partial update
2026-03-25 16:00:10 [INFO]: [PB-R-36168-2] 📍 Adding/Updating address_information: {
  "Longitude_Latitude": "25.12102,555.26769"
}
2026-03-25 16:00:10 [INFO]: [PB-R-36168-2] ✏️  Queueing partial update
2026-03-25 16:00:10 [INFO]: [PB-S-36916] 📍 Adding/Updating address_information: {
  "Longitude_Latitude": "25.09315,55.17371"
}
2026-03-25 16:00:10 [INFO]: [PB-S-36916] ✏️  Queueing partial update
2026-03-25 16:00:10 [INFO]: [PB-R-36437] 📍 Adding/Updating address_information: {
  "Longitude_Latitude": "25.07871, 55.15815"
}
2026-03-25 16:00:10 [INFO]: [PB-R-36437] ✏️  Queueing partial update
2026-03-25 16:00:10 [INFO]: [PB-R-36174-1] 📍 Adding/Updating address_information: {
  "Longitude_Latitude": "25.09042, 55.16984"
}
2026-03-25 16:00:10 [INFO]: [PB-R-36174-1] ✏️  Queueing partial update
2026-03-25 16:00:10 [INFO]: [PB-S-37234] 📍 Adding/Updating address_information: {
  "Longitude_Latitude": "24.85652,55.14638"
}
2026-03-25 16:00:10 [INFO]: [PB-S-37234] ✏️  Queueing partial update
2026-03-25 16:00:10 [INFO]: [PB-S-37197] 📍 Adding/Updating address_information: {
  "Longitude_Latitude": "24.95226,55.21638"
}
2026-03-25 16:00:10 [INFO]: [PB-S-37197] ✏️  Queueing partial update
2026-03-25 16:00:10 [INFO]: [PB-S-37072] 📍 Adding/Updating address_information: {
  "Longitude_Latitude": "25.00350,55.29133"
}
2026-03-25 16:00:10 [INFO]: [PB-S-37072] ✏️  Queueing partial update
2026-03-25 16:00:10 [INFO]: [PB-S-37251] 📍 Adding/Updating address_information: {
  "Longitude_Latitude": "25.10073, 55.14290"
}
2026-03-25 16:00:10 [INFO]: [PB-S-37251] ✏️  Queueing partial update
2026-03-25 16:00:10 [INFO]: [PB-S-37046] 📍 Adding/Updating address_information: {
  "Longitude_Latitude": "25.03055,55.20462"
}
2026-03-25 16:00:10 [INFO]: [PB-S-37046] ✏️  Queueing partial update
2026-03-25 16:00:10 [INFO]: [PB-R-36911] 📍 Adding/Updating address_information: {
  "Longitude_Latitude": "25.04190, 55.21403"
}
2026-03-25 16:00:10 [INFO]: [PB-R-36911] ✏️  Queueing partial update
2026-03-25 16:00:10 [INFO]: [PB-S-36560] 📍 Adding/Updating address_information: {
  "Longitude_Latitude": "25.03004,55.20698"
}
2026-03-25 16:00:10 [INFO]: [PB-S-36560] ✏️  Queueing partial update
2026-03-25 16:00:10 [INFO]: [PB-S-36889] 📍 Adding/Updating address_information: {
  "Longitude_Latitude": "25.04343,55.18259"
}
2026-03-25 16:00:10 [INFO]: [PB-S-36889] ✏️  Queueing partial update
2026-03-25 16:00:10 [INFO]: [PB-R-37074] 📍 Adding/Updating address_information: {
  "Longitude_Latitude": "25.23891,55.25561"
}
2026-03-25 16:00:10 [INFO]: [PB-R-37074] ✏️  Queueing partial update
2026-03-25 16:00:10 [INFO]: [PB-S-37057] 📍 Adding/Updating address_information: {
  "Longitude_Latitude": "25.24017,55.25345"
}
2026-03-25 16:00:10 [INFO]: [PB-S-37057] ✏️  Queueing partial update
2026-03-25 16:00:10 [INFO]: [PB-R-37128] 📍 Adding/Updating address_information: {
  "Longitude_Latitude": "25.13777,55.31151"
}
2026-03-25 16:00:10 [INFO]: [PB-R-37128] ✏️  Queueing partial update
2026-03-25 16:00:10 [INFO]: [PB-S-37229] 📍 Adding/Updating address_information: {
  "Longitude_Latitude": "25.12268,55.25942"
}
2026-03-25 16:00:10 [INFO]: [PB-S-37229] ✏️  Queueing partial update
2026-03-25 16:00:10 [INFO]: [PB-S-36904] 📍 Adding/Updating address_information: {
  "Longitude_Latitude": "25.05672,55.22020"
}
2026-03-25 16:00:10 [INFO]: [PB-S-36904] ✏️  Queueing partial update
2026-03-25 16:00:10 [INFO]: [PB-R-36424] 📍 Adding/Updating address_information: {
  "Longitude_Latitude": "25.10798, 55.14618"
}
2026-03-25 16:00:10 [INFO]: [PB-R-36424] ✏️  Queueing partial update
2026-03-25 16:00:10 [INFO]: [PB-S-37021] 📍 Adding/Updating address_information: {
  "Longitude_Latitude": "25.10723,55.17252"
}
2026-03-25 16:00:10 [INFO]: [PB-S-37021] ✏️  Queueing partial update
2026-03-25 16:00:10 [INFO]: [PB-R-37241] 📍 Adding/Updating address_information: {
  "Longitude_Latitude": "25.06072,55.16018"
}
2026-03-25 16:00:10 [INFO]: [PB-R-37241] ✏️  Queueing partial update
2026-03-25 16:00:10 [INFO]: [PB-S-12904] 📍 Adding/Updating address_information: {
  "Longitude_Latitude": "25.05397,55.15928"
}
2026-03-25 16:00:10 [INFO]: [PB-S-12904] ✏️  Queueing partial update
2026-03-25 16:00:10 [INFO]: [PB-S-36181] 📍 Adding/Updating address_information: {
  "Longitude_Latitude": "25.17768,55.31461"
}
2026-03-25 16:00:10 [INFO]: [PB-S-36181] ✏️  Queueing partial update
2026-03-25 16:00:10 [INFO]: [PB-S-36471] 📍 Adding/Updating address_information: {
  "Longitude_Latitude": "25.10835, 55.14755"
}
2026-03-25 16:00:10 [INFO]: [PB-S-36471] ✏️  Queueing partial update
2026-03-25 16:00:10 [INFO]: [PB-S-21972-2] 📍 Adding/Updating address_information: {
  "Longitude_Latitude": "25.10662,55.14750"
}
2026-03-25 16:00:10 [INFO]: [PB-S-21972-2] ✏️  Queueing partial update
2026-03-25 16:00:10 [INFO]: [PB-S-22695] 📍 Adding/Updating address_information: {
  "Longitude_Latitude": "25.11485, 55.13632"
}
2026-03-25 16:00:10 [INFO]: [PB-S-22695] ✏️  Queueing partial update
2026-03-25 16:00:10 [INFO]: [PB-S-1342] ⏭️  Skipped - no changes needed
2026-03-25 16:00:10 [INFO]: [PB-S-36061-1] 📍 Adding/Updating address_information: {
  "Longitude_Latitude": "25.0894,55.13950"
}
2026-03-25 16:00:10 [INFO]: [PB-S-36061-1] ✏️  Queueing partial update
2026-03-25 16:00:10 [INFO]: [PB-S-37022] 📍 Adding/Updating address_information: {
  "Longitude_Latitude": "25.10073, 55.14290"
}
2026-03-25 16:00:10 [INFO]: [PB-S-37022] ✏️  Queueing partial update
2026-03-25 16:00:10 [INFO]: [PB-R-13906-4] 📍 Adding/Updating address_information: {
  "Longitude_Latitude": "25.09074,55.14868"
}
2026-03-25 16:00:10 [INFO]: [PB-R-13906-4] ✏️  Queueing partial update
2026-03-25 16:00:10 [INFO]: [PB-S-37084] 📍 Adding/Updating address_information: {
  "Longitude_Latitude": "25.20473,55.34707"
}
2026-03-25 16:00:10 [INFO]: [PB-S-37084] ✏️  Queueing partial update
2026-03-25 16:00:10 [INFO]: [PB-S-37209] 📍 Adding/Updating address_information: {
  "Longitude_Latitude": "25.05741,55.21942"
}
2026-03-25 16:00:10 [INFO]: [PB-S-37209] ✏️  Queueing partial update
2026-03-25 16:00:10 [INFO]: [PB-R-36170] 📍 Adding/Updating address_information: {
  "Longitude_Latitude": "25.17687,55.31373"
}
2026-03-25 16:00:10 [INFO]: [PB-R-36170] ✏️  Queueing partial update
2026-03-25 16:00:10 [INFO]: [PB-R-36169] 📍 Adding/Updating address_information: {
  "Longitude_Latitude": "25.17661, 55.31217"
}
2026-03-25 16:00:10 [INFO]: [PB-R-36169] ✏️  Queueing partial update
2026-03-25 16:00:10 [INFO]: [PB-R-36520-3] 📍 Adding/Updating address_information: {
  "Longitude_Latitude": "25.17677,55.31204"
}
2026-03-25 16:00:10 [INFO]: [PB-R-36520-3] ✏️  Queueing partial update
2026-03-25 16:00:10 [INFO]: [PB-R-36519-2] 📍 Adding/Updating address_information: {
  "Longitude_Latitude": "25.17660, 55.31206"
}
2026-03-25 16:00:10 [INFO]: [PB-R-36519-2] ✏️  Queueing partial update
2026-03-25 16:00:10 [INFO]: [PB-R-36744] 📍 Adding/Updating address_information: {
  "Longitude_Latitude": "25.09980, 55.31996"
}
2026-03-25 16:00:10 [INFO]: [PB-R-36744] ✏️  Queueing partial update
2026-03-25 16:00:10 [INFO]: [PB-R-37124] 📍 Adding/Updating address_information: {
  "Longitude_Latitude": "25.09980, 55.31996"
}
2026-03-25 16:00:10 [INFO]: [PB-R-37124] ✏️  Queueing partial update
2026-03-25 16:00:10 [INFO]: [PB-R-36740-1] 📍 Adding/Updating address_information: {
  "Longitude_Latitude": "25.09980, 55.31996"
}
2026-03-25 16:00:10 [INFO]: [PB-R-36740-1] ✏️  Queueing partial update
2026-03-25 16:00:10 [INFO]: [PB-S-12773-5] 📍 Adding/Updating address_information: {
  "Longitude_Latitude": "25.07808, 55.24870"
}
2026-03-25 16:00:10 [INFO]: [PB-S-12773-5] ✏️  Queueing partial update
2026-03-25 16:00:10 [INFO]: [PB-S-7425-2] 📍 Adding/Updating address_information: {
  "Longitude_Latitude": "25.10851,55.14521"
}
2026-03-25 16:00:10 [INFO]: [PB-S-7425-2] ✏️  Queueing partial update
2026-03-25 16:00:10 [INFO]: [PB-S-18626-3] 📍 Adding/Updating address_information: {
  "Longitude_Latitude": "25.08061, 55.15437"
}
2026-03-25 16:00:10 [INFO]: [PB-S-18626-3] ✏️  Queueing partial update
2026-03-25 16:00:10 [INFO]: [PB-R-36929] 📍 Adding/Updating address_information: {
  "Longitude_Latitude": "25.05188,55.17961"
}
2026-03-25 16:00:10 [INFO]: [PB-R-36929] ✏️  Queueing partial update
2026-03-25 16:00:10 [INFO]: [PB-S-37134] 📍 Adding/Updating address_information: {
  "Longitude_Latitude": "25.20470,55.34694"
}
2026-03-25 16:00:10 [INFO]: [PB-S-37134] ✏️  Queueing partial update
2026-03-25 16:00:10 [INFO]: [PB-S-37212] 📍 Adding/Updating address_information: {
  "Longitude_Latitude": "25.11691,55.25811"
}
2026-03-25 16:00:10 [INFO]: [PB-S-37212] ✏️  Queueing partial update
2026-03-25 16:00:10 [INFO]: [PB-S-37206] 📍 Adding/Updating address_information: {
  "Longitude_Latitude": "25.10846,55.24264"
}
2026-03-25 16:00:10 [INFO]: [PB-S-37206] ✏️  Queueing partial update
2026-03-25 16:00:10 [INFO]: [PB-R-37257] 📍 Adding/Updating address_information: {
  "Longitude_Latitude": "25.06283,55.20959"
}
2026-03-25 16:00:10 [INFO]: [PB-R-37257] ✏️  Queueing partial update
2026-03-25 16:00:10 [INFO]: [PB-S-37071] 📍 Adding/Updating address_information: {
  "Longitude_Latitude": "25.06180,55.20369"
}
2026-03-25 16:00:10 [INFO]: [PB-S-37071] ✏️  Queueing partial update
2026-03-25 16:00:10 [INFO]: [PB-S-37014] 📍 Adding/Updating address_information: {
  "Longitude_Latitude": "24.99028,55.38341"
}
2026-03-25 16:00:10 [INFO]: [PB-S-37014] ✏️  Queueing partial update
2026-03-25 16:00:10 [INFO]: [PB-R-37189] 📍 Adding/Updating address_information: {
  "Longitude_Latitude": "25.05736, 55.17522"
}
2026-03-25 16:00:10 [INFO]: [PB-R-37189] ✏️  Queueing partial update
2026-03-25 16:00:10 [INFO]: [PB-S-37003] 📍 Adding/Updating address_information: {
  "Longitude_Latitude": "25.06591,55.23436"
}
2026-03-25 16:00:10 [INFO]: [PB-S-37003] ✏️  Queueing partial update
2026-03-25 16:00:10 [INFO]: [PB-S-37004] 📍 Adding/Updating address_information: {
  "Longitude_Latitude": "25.06813,55.21500"
}
2026-03-25 16:00:10 [INFO]: [PB-S-37004] ✏️  Queueing partial update
2026-03-25 16:00:10 [INFO]: [PB-S-37185] 📍 Adding/Updating address_information: {
  "Longitude_Latitude": "25.20695, 55.35077"
}
2026-03-25 16:00:10 [INFO]: [PB-S-37185] ✏️  Queueing partial update
2026-03-25 16:00:10 [INFO]: [PB-S-37186] 📍 Adding/Updating address_information: {
  "Longitude_Latitude": "25.20695, 55.35077"
}
2026-03-25 16:00:10 [INFO]: [PB-S-37186] ✏️  Queueing partial update
2026-03-25 16:00:10 [INFO]: [PB-S-37187] 📍 Adding/Updating address_information: {
  "Longitude_Latitude": "25.20695, 55.35077"
}
2026-03-25 16:00:10 [INFO]: [PB-S-37187] ✏️  Queueing partial update
2026-03-25 16:00:10 [INFO]: [PB-R-16076-1] 📍 Adding/Updating address_information: {
  "Longitude_Latitude": "25.08480,55.14409"
}
2026-03-25 16:00:10 [INFO]: [PB-R-16076-1] ✏️  Queueing partial update
2026-03-25 16:00:10 [INFO]: [PB-R-37170] 📍 Adding/Updating address_information: {
  "Longitude_Latitude": "25.20628, 55.34730"
}
2026-03-25 16:00:10 [INFO]: [PB-R-37170] ✏️  Queueing partial update
2026-03-25 16:00:10 [INFO]: [PB-S-9768-9] 📍 Adding/Updating address_information: {
  "Longitude_Latitude": "25.19508, 55.27042"
}
2026-03-25 16:00:10 [INFO]: [PB-S-9768-9] ✏️  Queueing partial update
2026-03-25 16:00:10 [INFO]: [PB-S-36976] 📍 Adding/Updating address_information: {
  "Longitude_Latitude": "25.18501,55.29058"
}
2026-03-25 16:00:10 [INFO]: [PB-S-36976] ✏️  Queueing partial update
2026-03-25 16:00:10 [INFO]: [PB-S-36974] 📍 Adding/Updating address_information: {
  "Longitude_Latitude": "25.19688,55.28398"
}
2026-03-25 16:00:10 [INFO]: [PB-S-36974] ✏️  Queueing partial update
2026-03-25 16:00:10 [INFO]: [PB-R-37151] 📍 Adding/Updating address_information: {
  "Longitude_Latitude": "25.120775,55.126890"
}
2026-03-25 16:00:10 [INFO]: [PB-R-37151] ✏️  Queueing partial update
2026-03-25 16:00:10 [INFO]: [PB-S-36983] 📍 Adding/Updating address_information: {
  "Longitude_Latitude": "25.19214,55.27362"
}
2026-03-25 16:00:10 [INFO]: [PB-S-36983] ✏️  Queueing partial update
2026-03-25 16:00:10 [INFO]: [PB-S-37079] 📍 Adding/Updating address_information: {
  "Longitude_Latitude": "25.12945,55.26174"
}
2026-03-25 16:00:10 [INFO]: [PB-S-37079] ✏️  Queueing partial update
2026-03-25 16:00:10 [INFO]: [PB-S-36790] 📍 Adding/Updating address_information: {
  "Longitude_Latitude": "25.19173,55.28104"
}
2026-03-25 16:00:10 [INFO]: [PB-S-36790] ✏️  Queueing partial update
2026-03-25 16:00:10 [INFO]: [PB-S-37126] 📍 Adding/Updating address_information: {
  "Longitude_Latitude": "25.20485,55.34465"
}
2026-03-25 16:00:10 [INFO]: [PB-S-37126] ✏️  Queueing partial update
2026-03-25 16:00:10 [INFO]: [PB-S-37125] 📍 Adding/Updating address_information: {
  "Longitude_Latitude": "25.20885,55.34546"
}
2026-03-25 16:00:10 [INFO]: [PB-S-37125] ✏️  Queueing partial update
2026-03-25 16:00:10 [INFO]: [PB-S-37122] 📍 Adding/Updating address_information: {
  "Longitude_Latitude": "25.20387,55.34698"
}
2026-03-25 16:00:10 [INFO]: [PB-S-37122] ✏️  Queueing partial update
2026-03-25 16:00:10 [INFO]: [PB-S-37120] 📍 Adding/Updating address_information: {
  "Longitude_Latitude": "25.20698,55.34374"
}
2026-03-25 16:00:10 [INFO]: [PB-S-37120] ✏️  Queueing partial update
2026-03-25 16:00:10 [INFO]: [PB-S-37119] 📍 Adding/Updating address_information: {
  "Longitude_Latitude": "25.20446,55.34548"
}
2026-03-25 16:00:10 [INFO]: [PB-S-37119] ✏️  Queueing partial update
2026-03-25 16:00:10 [INFO]: [PB-S-37116] 📍 Adding/Updating address_information: {
  "Longitude_Latitude": "25.20425,55.34461"
}
2026-03-25 16:00:10 [INFO]: [PB-S-37116] ✏️  Queueing partial update
2026-03-25 16:00:10 [INFO]: [PB-S-37095] 📍 Adding/Updating address_information: {
  "Longitude_Latitude": "25.21055,55.34648"
}
2026-03-25 16:00:10 [INFO]: [PB-S-37095] ✏️  Queueing partial update
2026-03-25 16:00:10 [INFO]: [PB-S-37096] 📍 Adding/Updating address_information: {
  "Longitude_Latitude": "25.21067,55.34645"
}
2026-03-25 16:00:10 [INFO]: [PB-S-37096] ✏️  Queueing partial update
2026-03-25 16:00:10 [INFO]: [PB-R-37132] 📍 Adding/Updating address_information: {
  "Longitude_Latitude": "25.17664, 55.31206"
}
2026-03-25 16:00:10 [INFO]: [PB-R-37132] ✏️  Queueing partial update
2026-03-25 16:00:10 [INFO]: [PB-S-13776-5] 📍 Adding/Updating address_information: {
  "Longitude_Latitude": "25.08546,55.14258"
}
2026-03-25 16:00:10 [INFO]: [PB-S-13776-5] ✏️  Queueing partial update
2026-03-25 16:00:10 [INFO]: [PB-R-37213] 📍 Adding/Updating address_information: {
  "Longitude_Latitude": "25.02959,55.22626"
}
2026-03-25 16:00:10 [INFO]: [PB-R-37213] ✏️  Queueing partial update
2026-03-25 16:00:10 [INFO]: [PB-R-36387-1] 📍 Adding/Updating address_information: {
  "Longitude_Latitude": "55.14756, 25.09051"
}
2026-03-25 16:00:10 [INFO]: [PB-R-36387-1] ✏️  Queueing partial update
2026-03-25 16:00:10 [INFO]: [PB-R-10165-1] ⏭️  Skipped - no changes needed
2026-03-25 16:00:10 [INFO]: [PB-R-36923] 📍 Adding/Updating address_information: {
  "Longitude_Latitude": "25.20414, 55.34953"
}
2026-03-25 16:00:11 [INFO]: [PB-R-36923] ✏️  Queueing partial update
2026-03-25 16:00:11 [INFO]: [PB-S-36649-1] 📍 Adding/Updating address_information: {
  "Longitude_Latitude": "25.05308, 55.17294"
}
2026-03-25 16:00:11 [INFO]: [PB-S-36649-1] ✏️  Queueing partial update
2026-03-25 16:00:11 [INFO]: [PB-S-37043] 📍 Adding/Updating address_information: {
  "Longitude_Latitude": "25.07872,55.24827"
}
2026-03-25 16:00:11 [INFO]: [PB-S-37043] ✏️  Queueing partial update
2026-03-25 16:00:11 [INFO]: [PB-R-37205-1] 📍 Adding/Updating address_information: {
  "Longitude_Latitude": "55.14756, 25.09051"
}
2026-03-25 16:00:11 [INFO]: [PB-R-37205-1] ✏️  Queueing partial update
2026-03-25 16:00:11 [INFO]: [PB-S-37220] 📍 Adding/Updating address_information: {
  "Longitude_Latitude": "25.09351,55.25039"
}
2026-03-25 16:00:11 [INFO]: [PB-S-37220] ✏️  Queueing partial update
2026-03-25 16:00:11 [INFO]: [PB-R-37252] 📍 Adding/Updating address_information: {
  "Longitude_Latitude": "25.05146, 55.17447"
}
2026-03-25 16:00:11 [INFO]: [PB-R-37252] ✏️  Queueing partial update
2026-03-25 16:00:11 [INFO]: [PB-S-37058] 📍 Adding/Updating address_information: {
  "Longitude_Latitude": "25.04577, 55.24508"
}
2026-03-25 16:00:11 [INFO]: [PB-S-37058] ✏️  Queueing partial update
2026-03-25 16:00:11 [INFO]: [PB-S-37070] 📍 Adding/Updating address_information: {
  "Longitude_Latitude": "25.04683, 55.20457"
}
2026-03-25 16:00:11 [INFO]: [PB-S-37070] ✏️  Queueing partial update
2026-03-25 16:00:11 [INFO]: [PB-S-36867] 📍 Adding/Updating address_information: {
  "Longitude_Latitude": "25.05146, 55.17447"
}
2026-03-25 16:00:11 [INFO]: [PB-S-36867] ✏️  Queueing partial update
2026-03-25 16:00:11 [INFO]: [PB-S-37054] 📍 Adding/Updating address_information: {
  "Longitude_Latitude": "25.13695, 55.18855"
}
2026-03-25 16:00:11 [INFO]: [PB-S-37054] ✏️  Queueing partial update
2026-03-25 16:00:11 [INFO]: [PB-R-37131-1] 📍 Adding/Updating address_information: {
  "Longitude_Latitude": "25.00232,55.16508"
}
2026-03-25 16:00:11 [INFO]: [PB-R-37131-1] ✏️  Queueing partial update
2026-03-25 16:00:11 [INFO]: [PB-R-9692-3] 📍 Adding/Updating address_information: {
  "Longitude_Latitude": "25.04325, 55.17204"
}
2026-03-25 16:00:11 [INFO]: [PB-R-9692-3] ✏️  Queueing partial update
2026-03-25 16:00:11 [INFO]: [PB-S-21886-1] 📍 Adding/Updating address_information: {
  "Longitude_Latitude": "25.10989, 55.14339"
}
2026-03-25 16:00:11 [INFO]: [PB-S-21886-1] ✏️  Queueing partial update
2026-03-25 16:00:11 [INFO]: [PB-S-37145] 📍 Adding/Updating address_information: {
  "Longitude_Latitude": "25.20821,55.34277"
}
2026-03-25 16:00:11 [INFO]: [PB-S-37145] ✏️  Queueing partial update
2026-03-25 16:00:11 [INFO]: [PB-S-36928] 📍 Adding/Updating address_information: {
  "Longitude_Latitude": "25.21140, 55.27618"
}
2026-03-25 16:00:11 [INFO]: [PB-S-36928] ✏️  Queueing partial update
2026-03-25 16:00:11 [INFO]: [PB-S-37171] 📍 Adding/Updating address_information: {
  "Longitude_Latitude": "25.11689,55.25820"
}
2026-03-25 16:00:11 [INFO]: [PB-S-37171] ✏️  Queueing partial update
2026-03-25 16:00:11 [INFO]: [PB-S-36991] 📍 Adding/Updating address_information: {
  "Longitude_Latitude": "25.19520, 55.27045"
}
2026-03-25 16:00:11 [INFO]: [PB-S-36991] ✏️  Queueing partial update
2026-03-25 16:00:11 [INFO]: [PB-S-18542] 📍 Adding/Updating address_information: {
  "Longitude_Latitude": "25.20726,55.34727"
}
2026-03-25 16:00:11 [INFO]: [PB-S-18542] ✏️  Queueing partial update
2026-03-25 16:00:11 [INFO]: [PB-S-36982] 📍 Adding/Updating address_information: {
  "Longitude_Latitude": "25.19693, 55.26980"
}
2026-03-25 16:00:11 [INFO]: [PB-S-36982] ✏️  Queueing partial update
2026-03-25 16:00:11 [INFO]: [PB-S-36981] 📍 Adding/Updating address_information: {
  "Longitude_Latitude": "25.07493,55.13701"
}
2026-03-25 16:00:11 [INFO]: [PB-S-36981] ✏️  Queueing partial update
2026-03-25 16:00:11 [INFO]: [PB-S-37208] 📍 Adding/Updating address_information: {
  "Longitude_Latitude": "25.20731,55.34728"
}
2026-03-25 16:00:11 [INFO]: [PB-S-37208] ✏️  Queueing partial update
2026-03-25 16:00:11 [INFO]: [PB-R-37246] 📍 Adding/Updating address_information: {
  "Longitude_Latitude": "25.11083,55.14211"
}
2026-03-25 16:00:11 [INFO]: [PB-R-37246] ✏️  Queueing partial update
2026-03-25 16:00:11 [INFO]: [PB-S-36980] 📍 Adding/Updating address_information: {
  "Longitude_Latitude": "25.18046, 55.25286"
}
2026-03-25 16:00:11 [INFO]: [PB-S-36980] ✏️  Queueing partial update
2026-03-25 16:00:11 [INFO]: [PB-R-37042] 📍 Adding/Updating address_information: {
  "Longitude_Latitude": "25.06589, 55.23446"
}
2026-03-25 16:00:11 [INFO]: [PB-R-37042] ✏️  Queueing partial update
2026-03-25 16:00:11 [INFO]: [PB-S-36812] 📍 Adding/Updating address_information: {
  "Longitude_Latitude": "25.09973, 55.31990"
}
2026-03-25 16:00:11 [INFO]: [PB-S-36812] ✏️  Queueing partial update
2026-03-25 16:00:11 [INFO]: [PB-S-37029] 📍 Adding/Updating address_information: {
  "Longitude_Latitude": "25.19600, 55.26948"
}
2026-03-25 16:00:11 [INFO]: [PB-S-37029] ✏️  Queueing partial update
2026-03-25 16:00:11 [INFO]: [PB-S-36557] 📍 Adding/Updating address_information: {
  "Longitude_Latitude": "25.08690, 55.14754"
}
2026-03-25 16:00:11 [INFO]: [PB-S-36557] ✏️  Queueing partial update
2026-03-25 16:00:11 [INFO]: [PB-S-37109] 📍 Adding/Updating address_information: {
  "Longitude_Latitude": "25.05964,55.18516"
}
2026-03-25 16:00:11 [INFO]: [PB-S-37109] ✏️  Queueing partial update
2026-03-25 16:00:11 [INFO]: [PB-R-36964] 📍 Adding/Updating address_information: {
  "Longitude_Latitude": "25.02937,55.22631"
}
2026-03-25 16:00:11 [INFO]: [PB-R-36964] ✏️  Queueing partial update
2026-03-25 16:00:11 [INFO]: [PB-R-14248-4] 📍 Adding/Updating address_information: {
  "Longitude_Latitude": "25.02875,55.23252"
}
2026-03-25 16:00:11 [INFO]: [PB-R-14248-4] ✏️  Queueing partial update
2026-03-25 16:00:11 [INFO]: [PB-S-37239] ⏭️  Skipped - no changes needed
2026-03-25 16:00:11 [INFO]: [PB-S-37237] ⏭️  Skipped - no changes needed
2026-03-25 16:00:11 [INFO]: [PB-S-36315] 📍 Adding/Updating address_information: {
  "Longitude_Latitude": "25.07989, 55.31407"
}
2026-03-25 16:00:11 [INFO]: [PB-S-36315] ✏️  Queueing partial update
2026-03-25 16:00:11 [INFO]: [PB-S-17614-1] 📍 Adding/Updating address_information: {
  "Longitude_Latitude": "25.15728, 55.28565"
}
2026-03-25 16:00:11 [INFO]: [PB-S-17614-1] ✏️  Queueing partial update
2026-03-25 16:00:11 [INFO]: [PB-S-12805-1] 📍 Adding/Updating address_information: {
  "Longitude_Latitude": "25.20728,55.34729"
}
2026-03-25 16:00:11 [INFO]: [PB-S-12805-1] ✏️  Queueing partial update
2026-03-25 16:00:11 [INFO]: [PB-S-12802-1] 📍 Adding/Updating address_information: {
  "Longitude_Latitude": "25.20748, 55.34729"
}
2026-03-25 16:00:11 [INFO]: [PB-S-12802-1] ✏️  Queueing partial update
2026-03-25 16:00:11 [INFO]: [PB-S-9745-6] 📍 Adding/Updating address_information: {
  "Longitude_Latitude": "25.07943,55.13630"
}
2026-03-25 16:00:11 [INFO]: [PB-S-9745-6] ✏️  Queueing partial update
2026-03-25 16:00:11 [INFO]: [PB-R-37222] 📍 Adding/Updating address_information: {
  "Longitude_Latitude": "25.11107, 55.13692"
}
2026-03-25 16:00:11 [INFO]: [PB-R-37222] ✏️  Queueing partial update
2026-03-25 16:00:11 [INFO]: [PB-S-12073-7] 📍 Adding/Updating address_information: {
  "Longitude_Latitude": "25.0894,55.13950"
}
2026-03-25 16:00:11 [INFO]: [PB-S-12073-7] ✏️  Queueing partial update
2026-03-25 16:00:11 [INFO]: [PB-S-4804-4] 📍 Adding/Updating address_information: {
  "Longitude_Latitude": "55.06416,55.18831"
}
2026-03-25 16:00:11 [INFO]: [PB-S-4804-4] ✏️  Queueing partial update
2026-03-25 16:00:11 [INFO]: [PB-S-36959-1] ⏭️  Skipped - no changes needed
2026-03-25 16:00:11 [INFO]: [PB-S-11497-2] 📍 Adding/Updating address_information: {
  "Longitude_Latitude": "25.17886, 55.32503"
}
2026-03-25 16:00:11 [INFO]: [PB-S-11497-2] ✏️  Queueing partial update
2026-03-25 16:00:11 [INFO]: [PB-R-36507-1] 📍 Adding/Updating address_information: {
  "Longitude_Latitude": "225.02043,55.25465"
}
2026-03-25 16:00:11 [INFO]: [PB-R-36507-1] ✏️  Queueing partial update
2026-03-25 16:00:11 [INFO]: [PB-S-11772] 📍 Adding/Updating address_information: {
  "Longitude_Latitude": "25.12213, 55.27258"
}
2026-03-25 16:00:11 [INFO]: [PB-S-11772] ✏️  Queueing partial update
2026-03-25 16:00:11 [INFO]: [PB-S-11850-5] 📍 Adding/Updating address_information: {
  "Longitude_Latitude": "25.05974,55.18523"
}
2026-03-25 16:00:11 [INFO]: [PB-S-11850-5] ✏️  Queueing partial update
2026-03-25 16:00:11 [INFO]: [PB-S-15759-3] 📍 Adding/Updating address_information: {
  "Longitude_Latitude": "24.95395,55.21153"
}
2026-03-25 16:00:11 [INFO]: [PB-S-15759-3] ✏️  Queueing partial update
2026-03-25 16:00:11 [INFO]: [PB-S-18527-3] 📍 Adding/Updating address_information: {
  "Longitude_Latitude": "25.11107, 55.13692"
}
2026-03-25 16:00:11 [INFO]: [PB-S-18527-3] ✏️  Queueing partial update
2026-03-25 16:00:11 [INFO]: [PB-S-36384-1] 📍 Adding/Updating address_information: {
  "Longitude_Latitude": "25.08345.5514170"
}
2026-03-25 16:00:11 [INFO]: [PB-S-36384-1] ✏️  Queueing partial update
2026-03-25 16:00:11 [INFO]: [PB-R-9397-1] 📍 Adding/Updating address_information: {
  "Longitude_Latitude": "25.11194, 55.14074"
}
2026-03-25 16:00:11 [INFO]: [PB-R-9397-1] ✏️  Queueing partial update
2026-03-25 16:00:11 [INFO]: [PB-S-36913] 📍 Adding/Updating address_information: {
  "Longitude_Latitude": "25.07688,55.13523"
}
2026-03-25 16:00:11 [INFO]: [PB-S-36913] ✏️  Queueing partial update
2026-03-25 16:00:11 [INFO]: [PB-S-36634] 📍 Adding/Updating address_information: {
  "Longitude_Latitude": "25.07246,55.13617"
}
2026-03-25 16:00:11 [INFO]: [PB-S-36634] ✏️  Queueing partial update
2026-03-25 16:00:11 [INFO]: [PB-S-36438] 📍 Adding/Updating address_information: {
  "Longitude_Latitude": "25.07271,55.13638"
}
2026-03-25 16:00:11 [INFO]: [PB-S-36438] ✏️  Queueing partial update
2026-03-25 16:00:11 [INFO]: [PB-S-36059-2] 📍 Adding/Updating address_information: {
  "Longitude_Latitude": "25.06523,55.21754"
}
2026-03-25 16:00:11 [INFO]: [PB-S-36059-2] ✏️  Queueing partial update
2026-03-25 16:00:11 [INFO]: [PB-S-37202] 📍 Adding/Updating address_information: {
  "Longitude_Latitude": "25.08546,55.14258"
}
2026-03-25 16:00:11 [INFO]: [PB-S-37202] ✏️  Queueing partial update
2026-03-25 16:00:11 [INFO]: [PB-S-1441-4] 📍 Adding/Updating address_information: {
  "Longitude_Latitude": "24.95653,55.15377"
}
2026-03-25 16:00:11 [INFO]: [PB-S-1441-4] ✏️  Queueing partial update
2026-03-25 16:00:11 [INFO]: [PB-S-36620] 📍 Adding/Updating address_information: {
  "Longitude_Latitude": "25.19708, 55.27113"
}
2026-03-25 16:00:11 [INFO]: [PB-S-36620] ✏️  Queueing partial update
2026-03-25 16:00:11 [INFO]: [PB-S-36618] 📍 Adding/Updating address_information: {
  "Longitude_Latitude": "25.19039,55.27124"
}
2026-03-25 16:00:11 [INFO]: [PB-S-36618] ✏️  Queueing partial update
2026-03-25 16:00:11 [INFO]: [PB-S-9609-7] 📍 Adding/Updating address_information: {
  "Longitude_Latitude": "25.08225,55.14238"
}
2026-03-25 16:00:11 [INFO]: [PB-S-9609-7] ✏️  Queueing partial update
2026-03-25 16:00:11 [INFO]: [PB-S-3692-2] 📍 Adding/Updating address_information: {
  "Longitude_Latitude": "25.07245,55.13621"
}
2026-03-25 16:00:11 [INFO]: [PB-S-3692-2] ✏️  Queueing partial update
2026-03-25 16:00:11 [INFO]: [PB-R-37177] ⏭️  Skipped - no changes needed
2026-03-25 16:00:11 [INFO]: [PB-S-18559-1] 📍 Adding/Updating address_information: {
  "Longitude_Latitude": "25.18535, 55.26932"
}
2026-03-25 16:00:11 [INFO]: [PB-S-18559-1] ✏️  Queueing partial update
2026-03-25 16:00:11 [INFO]: [PB-R-36626-1] 📍 Adding/Updating address_information: {
  "Longitude_Latitude": "25.067133, 55.329401"
}
2026-03-25 16:00:11 [INFO]: [PB-R-36626-1] ✏️  Queueing partial update
2026-03-25 16:00:11 [INFO]: [PB-R-36407] 📍 Adding/Updating address_information: {
  "Longitude_Latitude": "25.17874, 55.30858"
}
2026-03-25 16:00:11 [INFO]: [PB-R-36407] ✏️  Queueing partial update
2026-03-25 16:00:11 [INFO]: [PB-R-37130] ⏭️  Skipped - no changes needed
2026-03-25 16:00:11 [INFO]: [PB-R-6544-4] 📍 Adding/Updating address_information: {
  "Longitude_Latitude": "25.10642,55.14786"
}
2026-03-25 16:00:11 [INFO]: [PB-R-6544-4] ✏️  Queueing partial update
2026-03-25 16:00:11 [INFO]: [PB-S-14423-6] 📍 Adding/Updating address_information: {
  "Longitude_Latitude": "25.11206,55.24636"
}
2026-03-25 16:00:11 [INFO]: [PB-S-14423-6] ✏️  Queueing partial update
2026-03-25 16:00:11 [INFO]: [PB-R-35951-1] 📍 Adding/Updating address_information: {
  "Longitude_Latitude": "25.03104,55.20553"
}
2026-03-25 16:00:11 [INFO]: [PB-R-35951-1] ✏️  Queueing partial update
2026-03-25 16:00:11 [INFO]: [PB-S-32169-2] 📍 Adding/Updating address_information: {
  "Longitude_Latitude": "25.057998, 55.1803823"
}
2026-03-25 16:00:11 [INFO]: [PB-S-32169-2] ✏️  Queueing partial update
2026-03-25 16:00:11 [INFO]: [PB-R-37172] 📍 Adding/Updating address_information: {
  "Longitude_Latitude": "25.0305968, 55.2541263"
}
2026-03-25 16:00:11 [INFO]: [PB-R-37172] ✏️  Queueing partial update
2026-03-25 16:00:11 [INFO]: [PB-R-37148] 📍 Adding/Updating address_information: {
  "Longitude_Latitude": "25.0227406, 55.2587387"
}
2026-03-25 16:00:11 [INFO]: [PB-R-37148] ✏️  Queueing partial update
2026-03-25 16:00:11 [INFO]: [PB-S-14310-6] 📍 Adding/Updating address_information: {
  "Longitude_Latitude": "25.13421, 55.19066"
}
2026-03-25 16:00:11 [INFO]: [PB-S-14310-6] ✏️  Queueing partial update
2026-03-25 16:00:11 [INFO]: [PB-S-36122-2] 📍 Adding/Updating address_information: {
  "Longitude_Latitude": "25.13680,55.18839"
}
2026-03-25 16:00:11 [INFO]: [PB-S-36122-2] ✏️  Queueing partial update
2026-03-25 16:00:11 [INFO]: [PB-S-14098-3] 📍 Adding/Updating address_information: {
  "Longitude_Latitude": "25.02875,55.23252"
}
2026-03-25 16:00:11 [INFO]: [PB-S-14098-3] ✏️  Queueing partial update
2026-03-25 16:00:11 [INFO]: [PB-S-12247-14] 📍 Adding/Updating address_information: {
  "Longitude_Latitude": "25,02438,55.20356"
}
2026-03-25 16:00:11 [INFO]: [PB-S-12247-14] ✏️  Queueing partial update
2026-03-25 16:00:11 [INFO]: [PB-S-3644-4] 📍 Adding/Updating address_information: {
  "Longitude_Latitude": "55.14756, 25.09051"
}
2026-03-25 16:00:11 [INFO]: [PB-S-3644-4] ✏️  Queueing partial update
2026-03-25 16:00:11 [INFO]: [PB-S-37142] ⏭️  Skipped - no changes needed
2026-03-25 16:00:11 [INFO]: [PB-S-15153-1] 📍 Adding/Updating address_information: {
  "Longitude_Latitude": "25.10736,55.24595"
}
2026-03-25 16:00:11 [INFO]: [PB-S-15153-1] ✏️  Queueing partial update
2026-03-25 16:00:11 [INFO]: [PB-S-12892-7] 📍 Adding/Updating address_information: {
  "Longitude_Latitude": "25.11163,55.24560"
}
2026-03-25 16:00:11 [INFO]: [PB-S-12892-7] ✏️  Queueing partial update
2026-03-25 16:00:11 [INFO]: [PB-S-12885-11] 📍 Adding/Updating address_information: {
  "Longitude_Latitude": "25.11037,55.24903"
}
2026-03-25 16:00:11 [INFO]: [PB-S-12885-11] ✏️  Queueing partial update
2026-03-25 16:00:11 [INFO]: [PB-R-37026] 📍 Adding/Updating address_information: {
  "Longitude_Latitude": "25.10036,55.25038"
}
2026-03-25 16:00:11 [INFO]: [PB-R-37026] ✏️  Queueing partial update
2026-03-25 16:00:11 [INFO]: [PB-R-37137] ⏭️  Skipped - no changes needed
2026-03-25 16:00:11 [INFO]: [PB-S-37141] 📍 Adding/Updating address_information: {
  "Longitude_Latitude": "25.04106,55.18400"
}
2026-03-25 16:00:11 [INFO]: [PB-S-37141] ✏️  Queueing partial update
2026-03-25 16:00:11 [INFO]: [PB-R-37140] ⏭️  Skipped - no changes needed
2026-03-25 16:00:11 [INFO]: [PB-R-37123] ⏭️  Skipped - no changes needed
2026-03-25 16:00:11 [INFO]: [PB-R-36970] 📍 Adding/Updating address_information: {
  "Longitude_Latitude": "25.18151,55.32378"
}
2026-03-25 16:00:11 [INFO]: [PB-R-36970] ✏️  Queueing partial update
2026-03-25 16:00:11 [INFO]: [PB-S-36399-1] 📍 Adding/Updating address_information: {
  "Longitude_Latitude": "25.0247,55.20369"
}
2026-03-25 16:00:11 [INFO]: [PB-S-36399-1] ✏️  Queueing partial update
2026-03-25 16:00:11 [INFO]: [PB-S-11892-3] 📍 Adding/Updating address_information: {
  "Longitude_Latitude": "25.13103,55.15339"
}
2026-03-25 16:00:11 [INFO]: [PB-S-11892-3] ✏️  Queueing partial update
2026-03-25 16:00:11 [INFO]: [PB-S-37136] 📍 Adding/Updating address_information: {
  "Longitude_Latitude": "25.11689,55.25820"
}
2026-03-25 16:00:11 [INFO]: [PB-S-37136] ✏️  Queueing partial update
2026-03-25 16:00:11 [INFO]: [PB-S-18038] 📍 Adding/Updating address_information: {
  "Longitude_Latitude": "25.15716,55.28263"
}
2026-03-25 16:00:11 [INFO]: [PB-S-18038] ✏️  Queueing partial update
2026-03-25 16:00:11 [INFO]: [PB-S-9003-5] 📍 Adding/Updating address_information: {
  "Longitude_Latitude": "55.30885, 25.26952"
}
2026-03-25 16:00:11 [INFO]: [PB-S-9003-5] ✏️  Queueing partial update
2026-03-25 16:00:11 [INFO]: [PB-R-35970-5] 📍 Adding/Updating address_information: {
  "Longitude_Latitude": "25.05718, 55.18104"
}
2026-03-25 16:00:11 [INFO]: [PB-R-35970-5] ✏️  Queueing partial update
2026-03-25 16:00:11 [INFO]: [PB-S-36434-1] 📍 Adding/Updating address_information: {
  "Longitude_Latitude": "25.18023,55.32623"
}
2026-03-25 16:00:11 [INFO]: [PB-S-36434-1] ✏️  Queueing partial update
2026-03-25 16:00:11 [INFO]: [PB-S-12572-11] 📍 Adding/Updating address_information: {
  "Longitude_Latitude": "25.11199,55.24636"
}
2026-03-25 16:00:11 [INFO]: [PB-S-12572-11] ✏️  Queueing partial update
2026-03-25 16:00:11 [INFO]: [PB-S-36138-2] 📍 Adding/Updating address_information: {
  "Longitude_Latitude": "25.02508, 55.20363"
}
2026-03-25 16:00:11 [INFO]: [PB-S-36138-2] ✏️  Queueing partial update
2026-03-25 16:00:11 [INFO]: [PB-S-36136-2] 📍 Adding/Updating address_information: {
  "Longitude_Latitude": "25.02508, 55.20363"
}
2026-03-25 16:00:11 [INFO]: [PB-S-36136-2] ✏️  Queueing partial update
2026-03-25 16:00:11 [INFO]: [PB-S-36165 - 2] 📍 Adding/Updating address_information: {
  "Longitude_Latitude": "25.02508, 55.20363"
}
2026-03-25 16:00:11 [INFO]: [PB-S-36165 - 2] ✏️  Queueing partial update
2026-03-25 16:00:11 [INFO]: [PB-S-12554-9] 📍 Adding/Updating address_information: {
  "Longitude_Latitude": "25.09946,55.17133"
}
2026-03-25 16:00:11 [INFO]: [PB-S-12554-9] ✏️  Queueing partial update
2026-03-25 16:00:11 [INFO]: [PB-S-12887-6] 📍 Adding/Updating address_information: {
  "Longitude_Latitude": "25.11163,55.24560"
}
2026-03-25 16:00:11 [INFO]: [PB-S-12887-6] ✏️  Queueing partial update
2026-03-25 16:00:11 [INFO]: [PB-S-36190-1] 📍 Adding/Updating address_information: {
  "Longitude_Latitude": "25.05812,55.18039"
}
2026-03-25 16:00:11 [INFO]: [PB-S-36190-1] ✏️  Queueing partial update
2026-03-25 16:00:11 [INFO]: [PB-S-9053-4] 📍 Adding/Updating address_information: {
  "Longitude_Latitude": "25.11119,55.24474"
}
2026-03-25 16:00:11 [INFO]: [PB-S-9053-4] ✏️  Queueing partial update
2026-03-25 16:00:11 [INFO]: [PB-S-36473-1] 📍 Adding/Updating address_information: {
  "Longitude_Latitude": "25.07893,55.15809"
}
2026-03-25 16:00:11 [INFO]: [PB-S-36473-1] ✏️  Queueing partial update
2026-03-25 16:00:11 [INFO]: [PB-S-22107-2] 📍 Adding/Updating address_information: {
  "Longitude_Latitude": "25.09043, 55.16991"
}
2026-03-25 16:00:11 [INFO]: [PB-S-22107-2] ✏️  Queueing partial update
2026-03-25 16:00:11 [INFO]: [PB-R-37049] 📍 Adding/Updating address_information: {
  "Longitude_Latitude": "25.11648,55.12268"
}
2026-03-25 16:00:11 [INFO]: [PB-R-37049] ✏️  Queueing partial update
2026-03-25 16:00:11 [INFO]: [PB-R-37082] 📍 Adding/Updating address_information: {
  "Longitude_Latitude": "25.12027,55.11046"
}
2026-03-25 16:00:11 [INFO]: [PB-R-37082] ✏️  Queueing partial update
2026-03-25 16:00:11 [INFO]: [PB-S-37078] ⏭️  Skipped - no changes needed
2026-03-25 16:00:11 [INFO]: [PB-R-37036] 📍 Adding/Updating address_information: {
  "Longitude_Latitude": "25.068449, 55.325383"
}
2026-03-25 16:00:11 [INFO]: [PB-R-37036] ✏️  Queueing partial update
2026-03-25 16:00:11 [INFO]: [PB-R-37033] 📍 Adding/Updating address_information: {
  "Longitude_Latitude": "25.068904, 55.321761"
}
2026-03-25 16:00:11 [INFO]: [PB-R-37033] ✏️  Queueing partial update
2026-03-25 16:00:11 [INFO]: [PB-R-37020] ⏭️  Skipped - no changes needed
2026-03-25 16:00:11 [INFO]: [PB-R-37027] 📍 Adding/Updating address_information: {
  "Longitude_Latitude": "25.028432, 55.257784"
}
2026-03-25 16:00:11 [INFO]: [PB-R-37027] ✏️  Queueing partial update
2026-03-25 16:00:11 [INFO]: [PB-R-36962] 📍 Adding/Updating address_information: {
  "Longitude_Latitude": "25.20420, 55.34456"
}
2026-03-25 16:00:11 [INFO]: [PB-R-36962] ✏️  Queueing partial update
2026-03-25 16:00:11 [INFO]: [PB-R-36910] 📍 Adding/Updating address_information: {
  "Longitude_Latitude": "25.03938, 55.25159"
}
2026-03-25 16:00:11 [INFO]: [PB-R-36910] ✏️  Queueing partial update
2026-03-25 16:00:11 [INFO]: [PB-R-36909] 📍 Adding/Updating address_information: {
  "Longitude_Latitude": "25.065619, 55.333619"
}
2026-03-25 16:00:11 [INFO]: [PB-R-36909] ✏️  Queueing partial update
2026-03-25 16:00:11 [INFO]: [PB-R-37038] 📍 Adding/Updating address_information: {
  "Longitude_Latitude": "25.066121, 55.331108"
}
2026-03-25 16:00:11 [INFO]: [PB-R-37038] ✏️  Queueing partial update
2026-03-25 16:00:11 [INFO]: [PB-R-36585] 📍 Adding/Updating address_information: {
  "Longitude_Latitude": "25.063952, 55.321554"
}
2026-03-25 16:00:11 [INFO]: [PB-R-36585] ✏️  Queueing partial update
2026-03-25 16:00:11 [INFO]: [PB-R-36368] 📍 Adding/Updating address_information: {
  "Longitude_Latitude": "25.02601,55.24577"
}
2026-03-25 16:00:11 [INFO]: [PB-R-36368] ✏️  Queueing partial update
2026-03-25 16:00:11 [INFO]: [PB-R-36367] 📍 Adding/Updating address_information: {
  "Longitude_Latitude": "5.01886,55.26096"
}
2026-03-25 16:00:11 [INFO]: [PB-R-36367] ✏️  Queueing partial update
2026-03-25 16:00:11 [INFO]: [PB-R-36328] 📍 Adding/Updating address_information: {
  "Longitude_Latitude": "25.25.01548,55.26065"
}
2026-03-25 16:00:11 [INFO]: [PB-R-36328] ✏️  Queueing partial update
2026-03-25 16:00:11 [INFO]: [PB-S-4856-3] 📍 Adding/Updating address_information: {
  "Longitude_Latitude": "25.01500,55.28473"
}
2026-03-25 16:00:11 [INFO]: [PB-S-4856-3] ✏️  Queueing partial update
2026-03-25 16:00:11 [INFO]: [PB-R-36253] 📍 Adding/Updating address_information: {
  "Longitude_Latitude": "25.06582,55.13754"
}
2026-03-25 16:00:11 [INFO]: [PB-R-36253] ✏️  Queueing partial update
2026-03-25 16:00:11 [INFO]: [PB-R-36327] 📍 Adding/Updating address_information: {
  "Longitude_Latitude": "25.02045,55.25472"
}
2026-03-25 16:00:11 [INFO]: [PB-R-36327] ✏️  Queueing partial update
2026-03-25 16:00:11 [INFO]: [PB-R-36321] 📍 Adding/Updating address_information: {
  "Longitude_Latitude": "25.017431,55.259997"
}
2026-03-25 16:00:11 [INFO]: [PB-R-36321] ✏️  Queueing partial update
2026-03-25 16:00:11 [INFO]: [PB-S-13525-5] 📍 Adding/Updating address_information: {
  "Longitude_Latitude": "25.13146, 55.19226"
}
2026-03-25 16:00:11 [INFO]: [PB-S-13525-5] ✏️  Queueing partial update
2026-03-25 16:00:11 [INFO]: [PB-R-37069] ⏭️  Skipped - no changes needed
2026-03-25 16:00:11 [INFO]: [PB-S-14406-4] 📍 Adding/Updating address_information: {
  "Longitude_Latitude": "25.05050,55.16285"
}
2026-03-25 16:00:11 [INFO]: [PB-S-14406-4] ✏️  Queueing partial update
2026-03-25 16:00:11 [INFO]: [PB-S-21979-2] 📍 Adding/Updating address_information: {
  "Longitude_Latitude": "25.05509,55.15639"
}
2026-03-25 16:00:11 [INFO]: [PB-S-21979-2] ✏️  Queueing partial update
2026-03-25 16:00:11 [INFO]: [PB-S-14148-2] 📍 Adding/Updating address_information: {
  "Longitude_Latitude": "25.06671, 55.19061"
}
2026-03-25 16:00:11 [INFO]: [PB-S-14148-2] ✏️  Queueing partial update
2026-03-25 16:00:11 [INFO]: [PB-S-37018] 📍 Adding/Updating address_information: {
  "Longitude_Latitude": "25.19689, 55.28402"
}
2026-03-25 16:00:11 [INFO]: [PB-S-37018] ✏️  Queueing partial update
2026-03-25 16:00:11 [INFO]: [PB-S-15195-2] 📍 Adding/Updating address_information: {
  "Longitude_Latitude": "25.20540, 55.25853"
}
2026-03-25 16:00:11 [INFO]: [PB-S-15195-2] ✏️  Queueing partial update
2026-03-25 16:00:11 [INFO]: [PB-S-36999] 📍 Adding/Updating address_information: {
  "Longitude_Latitude": "25.20367, 55.25875"
}
2026-03-25 16:00:11 [INFO]: [PB-S-36999] ✏️  Queueing partial update
2026-03-25 16:00:11 [INFO]: [PB-R-13852-7] 📍 Adding/Updating address_information: {
  "Longitude_Latitude": "25.11908,55.12170"
}
2026-03-25 16:00:11 [INFO]: [PB-R-13852-7] ✏️  Queueing partial update
2026-03-25 16:00:11 [INFO]: [PB-S-36575] 📍 Adding/Updating address_information: {
  "Longitude_Latitude": "25.17581, 55.30957"
}
2026-03-25 16:00:11 [INFO]: [PB-S-36575] ✏️  Queueing partial update
2026-03-25 16:00:11 [INFO]: [PB-S-36574] 📍 Adding/Updating address_information: {
  "Longitude_Latitude": "25.17581, 55.30957"
}
2026-03-25 16:00:11 [INFO]: [PB-S-36574] ✏️  Queueing partial update
2026-03-25 16:00:11 [INFO]: [PB-R-36542] 📍 Adding/Updating address_information: {
  "Longitude_Latitude": "25.17759, 55.31454"
}
2026-03-25 16:00:11 [INFO]: [PB-R-36542] ✏️  Queueing partial update
2026-03-25 16:00:11 [INFO]: [PB-R-36311] 📍 Adding/Updating address_information: {
  "Longitude_Latitude": "25.17792,55.31474"
}
2026-03-25 16:00:11 [INFO]: [PB-R-36311] ✏️  Queueing partial update
2026-03-25 16:00:11 [INFO]: [PB-R-36310] 📍 Adding/Updating address_information: {
  "Longitude_Latitude": "25.17579,55.30960"
}
2026-03-25 16:00:11 [INFO]: [PB-R-36310] ✏️  Queueing partial update
2026-03-25 16:00:11 [INFO]: [PB-R-36298] 📍 Adding/Updating address_information: {
  "Longitude_Latitude": "25.16246,55.28780"
}
2026-03-25 16:00:11 [INFO]: [PB-R-36298] ✏️  Queueing partial update
2026-03-25 16:00:11 [INFO]: [PB-R-36334] 📍 Adding/Updating address_information: {
  "Longitude_Latitude": "25.17754,55.31456"
}
2026-03-25 16:00:11 [INFO]: [PB-R-36334] ✏️  Queueing partial update
2026-03-25 16:00:11 [INFO]: [PB-S-36614] 📍 Adding/Updating address_information: {
  "Longitude_Latitude": "25.17679,55.31208"
}
2026-03-25 16:00:11 [INFO]: [PB-S-36614] ✏️  Queueing partial update
2026-03-25 16:00:11 [INFO]: [PB-S-36672] 📍 Adding/Updating address_information: {
  "Longitude_Latitude": "25.17674, 55.31208"
}
2026-03-25 16:00:11 [INFO]: [PB-S-36672] ✏️  Queueing partial update
2026-03-25 16:00:11 [INFO]: [PB-S-36705] 📍 Adding/Updating address_information: {
  "Longitude_Latitude": "25.17473.55.30990"
}
2026-03-25 16:00:11 [INFO]: [PB-S-36705] ✏️  Queueing partial update
2026-03-25 16:00:11 [INFO]: [PB-S-36002-2] 📍 Adding/Updating address_information: {
  "Longitude_Latitude": "25.09894,55.14107"
}
2026-03-25 16:00:11 [INFO]: [PB-S-36002-2] ✏️  Queueing partial update
2026-03-25 16:00:11 [INFO]: [PB-S-36447] 📍 Adding/Updating address_information: {
  "Longitude_Latitude": "25.17676,55.31207"
}
2026-03-25 16:00:11 [INFO]: [PB-S-36447] ✏️  Queueing partial update
2026-03-25 16:00:11 [INFO]: [PB-S-36445] 📍 Adding/Updating address_information: {
  "Longitude_Latitude": "25.17676,55.31207"
}
2026-03-25 16:00:11 [INFO]: [PB-S-36445] ✏️  Queueing partial update
2026-03-25 16:00:11 [INFO]: [PB-S-36442] 📍 Adding/Updating address_information: {
  "Longitude_Latitude": "25.17676,55.31207"
}
2026-03-25 16:00:11 [INFO]: [PB-S-36442] ✏️  Queueing partial update
2026-03-25 16:00:11 [INFO]: [PB-S-36612] 📍 Adding/Updating address_information: {
  "Longitude_Latitude": "25.17672.55,31204"
}
2026-03-25 16:00:11 [INFO]: [PB-S-36612] ✏️  Queueing partial update
2026-03-25 16:00:11 [INFO]: [PB-S-36572] 📍 Adding/Updating address_information: {
  "Longitude_Latitude": "25.17817,55.31471"
}
2026-03-25 16:00:11 [INFO]: [PB-S-36572] ✏️  Queueing partial update
2026-03-25 16:00:11 [INFO]: [PB-S-36573] 📍 Adding/Updating address_information: {
  "Longitude_Latitude": "25.17817,55.31471"
}
2026-03-25 16:00:11 [INFO]: [PB-S-36573] ✏️  Queueing partial update
2026-03-25 16:00:11 [INFO]: [PB-S-36671] 📍 Adding/Updating address_information: {
  "Longitude_Latitude": "25.17679,55.31208"
}
2026-03-25 16:00:11 [INFO]: [PB-S-36671] ✏️  Queueing partial update
2026-03-25 16:00:11 [INFO]: [PB-S-36860] 📍 Adding/Updating address_information: {
  "Longitude_Latitude": "25.17676,55.31207"
}
2026-03-25 16:00:11 [INFO]: [PB-S-36860] ✏️  Queueing partial update
2026-03-25 16:00:11 [INFO]: [PB-S-36571] 📍 Adding/Updating address_information: {
  "Longitude_Latitude": "25.17676,55.31207"
}
2026-03-25 16:00:11 [INFO]: [PB-S-36571] ✏️  Queueing partial update
2026-03-25 16:00:11 [INFO]: [PB-R-37035] ⏭️  Skipped - no changes needed
2026-03-25 16:00:11 [INFO]: [PB-R-37034] ⏭️  Skipped - no changes needed
2026-03-25 16:00:11 [INFO]: [PB-R-37002] 📍 Adding/Updating address_information: {
  "Longitude_Latitude": "25.06748,55.33199"
}
2026-03-25 16:00:11 [INFO]: [PB-R-37002] ✏️  Queueing partial update
2026-03-25 16:00:11 [INFO]: [PB-S-12057-2] 📍 Adding/Updating address_information: {
  "Longitude_Latitude": "25.20655,55.26673"
}
2026-03-25 16:00:11 [INFO]: [PB-S-12057-2] ✏️  Queueing partial update
2026-03-25 16:00:11 [INFO]: [PB-R-36919] 📍 Adding/Updating address_information: {
  "Longitude_Latitude": "25.09981,55.32042"
}
2026-03-25 16:00:11 [INFO]: [PB-R-36919] ✏️  Queueing partial update
2026-03-25 16:00:11 [INFO]: [PB-S-36985] 📍 Adding/Updating address_information: {
  "Longitude_Latitude": "25.20560,55.34341"
}
2026-03-25 16:00:11 [INFO]: [PB-S-36985] ✏️  Queueing partial update
2026-03-25 16:00:11 [INFO]: [PB-S-36822-1] 📍 Adding/Updating address_information: {
  "Longitude_Latitude": "25.20908, 55.34643"
}
2026-03-25 16:00:11 [INFO]: [PB-S-36822-1] ✏️  Queueing partial update
2026-03-25 16:00:11 [INFO]: [PB-S-37045] ⏭️  Skipped - no changes needed
2026-03-25 16:00:11 [INFO]: [PB-R-36903] 📍 Adding/Updating address_information: {
  "Longitude_Latitude": "25.10679, 55.14913"
}
2026-03-25 16:00:11 [INFO]: [PB-R-36903] ✏️  Queueing partial update
2026-03-25 16:00:11 [INFO]: [PB-S-28666-1] 📍 Adding/Updating address_information: {
  "Longitude_Latitude": "25.06880, 55.13810"
}
2026-03-25 16:00:11 [INFO]: [PB-S-28666-1] ✏️  Queueing partial update
2026-03-25 16:00:11 [INFO]: [PB-R-36183] 📍 Adding/Updating address_information: {
  "Longitude_Latitude": "25.01358, 55.21258"
}
2026-03-25 16:00:11 [INFO]: [PB-R-36183] ✏️  Queueing partial update
2026-03-25 16:00:11 [INFO]: [PB-R-35960] 📍 Adding/Updating address_information: {
  "Longitude_Latitude": "25.04490, 55.23357"
}
2026-03-25 16:00:11 [INFO]: [PB-R-35960] ✏️  Queueing partial update
2026-03-25 16:00:11 [INFO]: [PB-S-36935] 📍 Adding/Updating address_information: {
  "Longitude_Latitude": "25.05554,55.20156"
}
2026-03-25 16:00:11 [INFO]: [PB-S-36935] ✏️  Queueing partial update
2026-03-25 16:00:11 [INFO]: [PB-S-15914] 📍 Adding/Updating address_information: {
  "Longitude_Latitude": "25.13162,55.19177"
}
2026-03-25 16:00:11 [INFO]: [PB-S-15914] ✏️  Queueing partial update
2026-03-25 16:00:11 [INFO]: [PB-S-36410] 📍 Adding/Updating address_information: {
  "Longitude_Latitude": "25.06184, 55.18727"
}
2026-03-25 16:00:11 [INFO]: [PB-S-36410] ✏️  Queueing partial update
2026-03-25 16:00:11 [INFO]: [PB-S-36409] 📍 Adding/Updating address_information: {
  "Longitude_Latitude": "25.05915,55.20436"
}
2026-03-25 16:00:11 [INFO]: [PB-S-36409] ✏️  Queueing partial update
2026-03-25 16:00:11 [INFO]: [PB-S-36710] 📍 Adding/Updating address_information: {
  "Longitude_Latitude": "25.10011,55.31729"
}
2026-03-25 16:00:11 [INFO]: [PB-S-36710] ✏️  Queueing partial update
2026-03-25 16:00:11 [INFO]: [PB-S-9822-2] 📍 Adding/Updating address_information: {
  "Longitude_Latitude": "25.11626,55.13755"
}
2026-03-25 16:00:11 [INFO]: [PB-S-9822-2] ✏️  Queueing partial update
2026-03-25 16:00:11 [INFO]: [PB-S-28668-1] 📍 Adding/Updating address_information: {
  "Longitude_Latitude": "25.06880, 55.13810"
}
2026-03-25 16:00:11 [INFO]: [PB-S-28668-1] ✏️  Queueing partial update
2026-03-25 16:00:11 [INFO]: [PB-S-25733] 📍 Adding/Updating address_information: {
  "Longitude_Latitude": "25.11299,55.14322"
}
2026-03-25 16:00:11 [INFO]: [PB-S-25733] ✏️  Queueing partial update
2026-03-25 16:00:11 [INFO]: [PB-S-14101-5] 📍 Adding/Updating address_information: {
  "Longitude_Latitude": "25.11391,55.13663"
}
2026-03-25 16:00:11 [INFO]: [PB-S-14101-5] ✏️  Queueing partial update
2026-03-25 16:00:11 [INFO]: [PB-S-28663-1] 📍 Adding/Updating address_information: {
  "Longitude_Latitude": "25.18375,55.27850"
}
2026-03-25 16:00:11 [INFO]: [PB-S-28663-1] ✏️  Queueing partial update
2026-03-25 16:00:11 [INFO]: [PB-S-12604-4] 📍 Adding/Updating address_information: {
  "Longitude_Latitude": "25.05837, 55.22040"
}
2026-03-25 16:00:11 [INFO]: [PB-S-12604-4] ✏️  Queueing partial update
2026-03-25 16:00:11 [INFO]: [PB-S-12897-5] 📍 Adding/Updating address_information: {
  "Longitude_Latitude": "25.08783,55.14778"
}
2026-03-25 16:00:11 [INFO]: [PB-S-12897-5] ✏️  Queueing partial update
2026-03-25 16:00:11 [INFO]: [PB-S-12900-5] 📍 Adding/Updating address_information: {
  "Longitude_Latitude": "25.07478,55.13714"
}
2026-03-25 16:00:11 [INFO]: [PB-S-12900-5] ✏️  Queueing partial update
2026-03-25 16:00:11 [INFO]: [PB-S-11383-6] 📍 Adding/Updating address_information: {
  "Longitude_Latitude": "25.17664,55.27267"
}
2026-03-25 16:00:11 [INFO]: [PB-S-11383-6] ✏️  Queueing partial update
2026-03-25 16:00:11 [INFO]: [PB-S-14071-4] 📍 Adding/Updating address_information: {
  "Longitude_Latitude": "25,18192,55.27275"
}
2026-03-25 16:00:11 [INFO]: [PB-S-14071-4] ✏️  Queueing partial update
2026-03-25 16:00:11 [INFO]: [PB-S-14124-4] 📍 Adding/Updating address_information: {
  "Longitude_Latitude": "25.61005,55.63252"
}
2026-03-25 16:00:11 [INFO]: [PB-S-14124-4] ✏️  Queueing partial update
2026-03-25 16:00:11 [INFO]: [PB-S-14293-3] 📍 Adding/Updating address_information: {
  "Longitude_Latitude": "25.14028, 55.14186"
}
2026-03-25 16:00:11 [INFO]: [PB-S-14293-3] ✏️  Queueing partial update
2026-03-25 16:00:11 [INFO]: [PB-S-18618-2] 📍 Adding/Updating address_information: {
  "Longitude_Latitude": "25.05982, 55.31180"
}
2026-03-25 16:00:11 [INFO]: [PB-S-18618-2] ✏️  Queueing partial update
2026-03-25 16:00:11 [INFO]: [PB-S-13932-5] 📍 Adding/Updating address_information: {
  "Longitude_Latitude": "24.93058,55.22295"
}
2026-03-25 16:00:11 [INFO]: [PB-S-13932-5] ✏️  Queueing partial update
2026-03-25 16:00:11 [INFO]: [PB-S-11916-7] 📍 Adding/Updating address_information: {
  "Longitude_Latitude": "25.02875,55.23252"
}
2026-03-25 16:00:11 [INFO]: [PB-S-11916-7] ✏️  Queueing partial update
2026-03-25 16:00:11 [INFO]: [PB-S-12279-4] 📍 Adding/Updating address_information: {
  "Longitude_Latitude": "25.19234,55.27256"
}
2026-03-25 16:00:11 [INFO]: [PB-S-12279-4] ✏️  Queueing partial update
2026-03-25 16:00:11 [INFO]: [PB-S-13929-1] 📍 Adding/Updating address_information: {
  "Longitude_Latitude": "25.15894, 55.28291"
}
2026-03-25 16:00:11 [INFO]: [PB-S-13929-1] ✏️  Queueing partial update
2026-03-25 16:00:11 [INFO]: [PB-S-21954-1] 📍 Adding/Updating address_information: {
  "Longitude_Latitude": "25.02390,55.21737"
}
2026-03-25 16:00:11 [INFO]: [PB-S-21954-1] ✏️  Queueing partial update
2026-03-25 16:00:11 [INFO]: [PB-S-34618-2] 📍 Adding/Updating address_information: {
  "Longitude_Latitude": "25.03238,55.23349"
}
2026-03-25 16:00:11 [INFO]: [PB-S-34618-2] ✏️  Queueing partial update
2026-03-25 16:00:11 [INFO]: [PB-S-37006] ⏭️  Skipped - no changes needed
2026-03-25 16:00:11 [INFO]: [PB-S-36254-1] 📍 Adding/Updating address_information: {
  "Longitude_Latitude": "25.13112,55.19232"
}
2026-03-25 16:00:11 [INFO]: [PB-S-36254-1] ✏️  Queueing partial update
2026-03-25 16:00:11 [INFO]: [PB-S-37008] 📍 Adding/Updating address_information: {
  "Longitude_Latitude": "25.13226, 55.19165"
}
2026-03-25 16:00:11 [INFO]: [PB-S-37008] ✏️  Queueing partial update
2026-03-25 16:00:11 [INFO]: [PB-S-13648-7] 📍 Adding/Updating address_information: {
  "Longitude_Latitude": "25.11117, 55.24397"
}
2026-03-25 16:00:11 [INFO]: [PB-S-13648-7] ✏️  Queueing partial update
2026-03-25 16:00:11 [INFO]: [PB-S-36993] ⏭️  Skipped - no changes needed
2026-03-25 16:00:11 [INFO]: [PB-S-22200-2] 📍 Adding/Updating address_information: {
  "Longitude_Latitude": "25.20377,55.25871"
}
2026-03-25 16:00:11 [INFO]: [PB-S-22200-2] ✏️  Queueing partial update
2026-03-25 16:00:11 [INFO]: [PB-S-14314] ⏭️  Skipped - no changes needed
2026-03-25 16:00:11 [INFO]: [PB-S-18532-4] 📍 Adding/Updating address_information: {
  "Longitude_Latitude": "55.13469, 25.11722"
}
2026-03-25 16:00:11 [INFO]: [PB-S-18532-4] ✏️  Queueing partial update
2026-03-25 16:00:11 [INFO]: [PB-S-1517-5] 📍 Adding/Updating address_information: {
  "Longitude_Latitude": "25.08977, 55.14782"
}
2026-03-25 16:00:11 [INFO]: [PB-S-1517-5] ✏️  Queueing partial update
2026-03-25 16:00:11 [INFO]: [PB-R-36989] 📍 Adding/Updating address_information: {
  "Longitude_Latitude": "25.13166, 55.19117"
}
2026-03-25 16:00:11 [INFO]: [PB-R-36989] ✏️  Queueing partial update
2026-03-25 16:00:11 [INFO]: [PB-S-12886-5] 📍 Adding/Updating address_information: {
  "Longitude_Latitude": "25.11078,55.24503"
}
2026-03-25 16:00:11 [INFO]: [PB-S-12886-5] ✏️  Queueing partial update
2026-03-25 16:00:11 [INFO]: [PB-S-13519-5] 📍 Adding/Updating address_information: {
  "Longitude_Latitude": "25.17875,55.27412"
}
2026-03-25 16:00:11 [INFO]: [PB-S-13519-5] ✏️  Queueing partial update
2026-03-25 16:00:11 [INFO]: [PB-S-12560-6] 📍 Adding/Updating address_information: {
  "Longitude_Latitude": "25.09955,55.17141"
}
2026-03-25 16:00:11 [INFO]: [PB-S-12560-6] ✏️  Queueing partial update
2026-03-25 16:00:11 [INFO]: [PB-S-13401-5] 📍 Adding/Updating address_information: {
  "Longitude_Latitude": "25.08844, 55.14929"
}
2026-03-25 16:00:11 [INFO]: [PB-S-13401-5] ✏️  Queueing partial update
2026-03-25 16:00:11 [INFO]: [PB-S-12903-5] 📍 Adding/Updating address_information: {
  "Longitude_Latitude": "25.18178, 55.27281"
}
2026-03-25 16:00:11 [INFO]: [PB-S-12903-5] ✏️  Queueing partial update
2026-03-25 16:00:11 [INFO]: [PB-S-12558-7] 📍 Adding/Updating address_information: {
  "Longitude_Latitude": "25.09948,55.17137"
}
2026-03-25 16:00:11 [INFO]: [PB-S-12558-7] ✏️  Queueing partial update
2026-03-25 16:00:11 [INFO]: [PB-S-21916-4] 📍 Adding/Updating address_information: {
  "Longitude_Latitude": "25.10667,55.24606"
}
2026-03-25 16:00:11 [INFO]: [PB-S-21916-4] ✏️  Queueing partial update
2026-03-25 16:00:11 [INFO]: [PB-R-36555-1] 📍 Adding/Updating address_information: {
  "Longitude_Latitude": "25.06167,55.18714"
}
2026-03-25 16:00:11 [INFO]: [PB-R-36555-1] ✏️  Queueing partial update
2026-03-25 16:00:11 [INFO]: [PB-S-11996-9] 📍 Adding/Updating address_information: {
  "Longitude_Latitude": "25.20606,55.34481"
}
2026-03-25 16:00:11 [INFO]: [PB-S-11996-9] ✏️  Queueing partial update
2026-03-25 16:00:11 [INFO]: [PB-S-15131-3] 📍 Adding/Updating address_information: {
  "Longitude_Latitude": "25.13324,55.19122"
}
2026-03-25 16:00:11 [INFO]: [PB-S-15131-3] ✏️  Queueing partial update
2026-03-25 16:00:11 [INFO]: [PB-S-12876-5] 📍 Adding/Updating address_information: {
  "Longitude_Latitude": "25.09947,55.17141"
}
2026-03-25 16:00:11 [INFO]: [PB-S-12876-5] ✏️  Queueing partial update
2026-03-25 16:00:11 [INFO]: [PB-S-13460-5] 📍 Adding/Updating address_information: {
  "Longitude_Latitude": "25.05545,55.20153"
}
2026-03-25 16:00:11 [INFO]: [PB-S-13460-5] ✏️  Queueing partial update
2026-03-25 16:00:11 [INFO]: [PB-S-15781-2] 📍 Adding/Updating address_information: {
  "Longitude_Latitude": "25.07899,55.14117"
}
2026-03-25 16:00:11 [INFO]: [PB-S-15781-2] ✏️  Queueing partial update
2026-03-25 16:00:11 [INFO]: [PB-S-16045-3] 📍 Adding/Updating address_information: {
  "Longitude_Latitude": "25.08690,55.14758"
}
2026-03-25 16:00:11 [INFO]: [PB-S-16045-3] ✏️  Queueing partial update
2026-03-25 16:00:11 [INFO]: [PB-S-36269] 📍 Adding/Updating address_information: {
  "Longitude_Latitude": "25.05981, 55.31179"
}
2026-03-25 16:00:11 [INFO]: [PB-S-36269] ✏️  Queueing partial update
2026-03-25 16:00:11 [INFO]: [PB-S-36594] 📍 Adding/Updating address_information: {
  "Longitude_Latitude": "25.05956, 55.21690"
}
2026-03-25 16:00:11 [INFO]: [PB-S-36594] ✏️  Queueing partial update
2026-03-25 16:00:11 [INFO]: [PB-S-36984] ⏭️  Skipped - no changes needed
2026-03-25 16:00:11 [INFO]: [PB-S-12804-8] 📍 Adding/Updating address_information: {
  "Longitude_Latitude": "25.20733,55.34735"
}
2026-03-25 16:00:11 [INFO]: [PB-S-12804-8] ✏️  Queueing partial update
2026-03-25 16:00:11 [INFO]: [PB-S-22708] 📍 Adding/Updating address_information: {
  "Longitude_Latitude": "25.11485,55.13637"
}
2026-03-25 16:00:11 [INFO]: [PB-S-22708] ✏️  Queueing partial update
2026-03-25 16:00:11 [INFO]: [PB-S-36968] 📍 Adding/Updating address_information: {
  "Longitude_Latitude": "25.19502,55.27047"
}
2026-03-25 16:00:11 [INFO]: [PB-S-36968] ✏️  Queueing partial update
2026-03-25 16:00:11 [INFO]: [PB-R-13998-4] 📍 Adding/Updating address_information: {
  "Longitude_Latitude": "24.93058,55.22295"
}
2026-03-25 16:00:11 [INFO]: [PB-R-13998-4] ✏️  Queueing partial update
2026-03-25 16:00:11 [INFO]: [PB-S-13488-5] 📍 Adding/Updating address_information: {
  "Longitude_Latitude": "24.97376, 55.22097"
}
2026-03-25 16:00:11 [INFO]: [PB-S-13488-5] ✏️  Queueing partial update
2026-03-25 16:00:11 [INFO]: [PB-S-13509-5] 📍 Adding/Updating address_information: {
  "Longitude_Latitude": "24.97377,55.22081"
}
2026-03-25 16:00:11 [INFO]: [PB-S-13509-5] ✏️  Queueing partial update
2026-03-25 16:00:11 [INFO]: [PB-S-36905] 📍 Adding/Updating address_information: {
  "Longitude_Latitude": "25.01781, 55.24408"
}
2026-03-25 16:00:11 [INFO]: [PB-S-36905] ✏️  Queueing partial update
2026-03-25 16:00:11 [INFO]: [PB-S-36361] 📍 Adding/Updating address_information: {
  "Longitude_Latitude": "25.0898,55.24912"
}
2026-03-25 16:00:11 [INFO]: [PB-S-36361] ✏️  Queueing partial update
2026-03-25 16:00:11 [INFO]: [PB-S-36870] 📍 Adding/Updating address_information: {
  "Longitude_Latitude": "25.09027, 55.17343"
}
2026-03-25 16:00:11 [INFO]: [PB-S-36870] ✏️  Queueing partial update
2026-03-25 16:00:11 [INFO]: [PB-S-36683] 📍 Adding/Updating address_information: {
  "Longitude_Latitude": "25.11236,55.13856"
}
2026-03-25 16:00:11 [INFO]: [PB-S-36683] ✏️  Queueing partial update
2026-03-25 16:00:11 [INFO]: [PB-S-36080-1] 📍 Adding/Updating address_information: {
  "Longitude_Latitude": "25.13696,55.18838"
}
2026-03-25 16:00:11 [INFO]: [PB-S-36080-1] ✏️  Queueing partial update
2026-03-25 16:00:11 [INFO]: [PB-S-36958] ⏭️  Skipped - no changes needed
2026-03-25 16:00:11 [INFO]: [PB-S-13925-4] 📍 Adding/Updating address_information: {
  "Longitude_Latitude": "25.20424,55.25939"
}
2026-03-25 16:00:11 [INFO]: [PB-S-13925-4] ✏️  Queueing partial update
2026-03-25 16:00:11 [INFO]: [PB-S-36848] 📍 Adding/Updating address_information: {
  "Longitude_Latitude": "25.11395,55.13987"
}
2026-03-25 16:00:11 [INFO]: [PB-S-36848] ✏️  Queueing partial update
2026-03-25 16:00:11 [INFO]: [PB-S-36523] 📍 Adding/Updating address_information: {
  "Longitude_Latitude": "25.10680,55.14912"
}
2026-03-25 16:00:11 [INFO]: [PB-S-36523] ✏️  Queueing partial update
2026-03-25 16:00:11 [INFO]: [PB-S-36850] 📍 Adding/Updating address_information: {
  "Longitude_Latitude": "25.11395,55.13987"
}
2026-03-25 16:00:11 [INFO]: [PB-S-36850] ✏️  Queueing partial update
2026-03-25 16:00:11 [INFO]: [PB-S-36851] 📍 Adding/Updating address_information: {
  "Longitude_Latitude": "25.11395,55.13987"
}
2026-03-25 16:00:11 [INFO]: [PB-S-36851] ✏️  Queueing partial update
2026-03-25 16:00:11 [INFO]: [PB-S-10926] 📍 Adding/Updating address_information: {
  "Longitude_Latitude": "25.07431, 55.15718"
}
2026-03-25 16:00:11 [INFO]: [PB-S-10926] ✏️  Queueing partial update
2026-03-25 16:00:11 [INFO]: [PB-R-36907] 📍 Adding/Updating address_information: {
  "Longitude_Latitude": "25.05416, 55.17654"
}
2026-03-25 16:00:11 [INFO]: [PB-R-36907] ✏️  Queueing partial update
2026-03-25 16:00:11 [INFO]: [PB-S-16175] 📍 Adding/Updating address_information: {
  "Longitude_Latitude": "25.05954,55.18522"
}
2026-03-25 16:00:11 [INFO]: [PB-S-16175] ✏️  Queueing partial update
2026-03-25 16:00:11 [INFO]: [PB-S-15172] 📍 Adding/Updating address_information: {
  "Longitude_Latitude": "25.10136, 55.15553"
}
2026-03-25 16:00:11 [INFO]: [PB-S-15172] ✏️  Queueing partial update
2026-03-25 16:00:11 [INFO]: [PB-S-36874] 📍 Adding/Updating address_information: {
  "Longitude_Latitude": "25.02870, 55.22194"
}
2026-03-25 16:00:11 [INFO]: [PB-S-36874] ✏️  Queueing partial update
2026-03-25 16:00:11 [INFO]: [PB-S-36731] 📍 Adding/Updating address_information: {
  "Longitude_Latitude": "25.06138, 55.20266"
}
2026-03-25 16:00:11 [INFO]: [PB-S-36731] ✏️  Queueing partial update
2026-03-25 16:00:11 [INFO]: [PB-S-13530-3] 📍 Adding/Updating address_information: {
  "Longitude_Latitude": "25.08692,55.14378"
}
2026-03-25 16:00:11 [INFO]: [PB-S-13530-3] ✏️  Queueing partial update
2026-03-25 16:00:11 [INFO]: [PB-S-36899] 📍 Adding/Updating address_information: {
  "Longitude_Latitude": "25.10719,55.15262"
}
2026-03-25 16:00:11 [INFO]: [PB-S-36899] ✏️  Queueing partial update
2026-03-25 16:00:11 [INFO]: [PB-S-12891-4] 📍 Adding/Updating address_information: {
  "Longitude_Latitude": "25.08781,55.13959"
}
2026-03-25 16:00:11 [INFO]: [PB-S-12891-4] ✏️  Queueing partial update
2026-03-25 16:00:11 [INFO]: [PB-S-13502-5] 📍 Adding/Updating address_information: {
  "Longitude_Latitude": "25.27985,55.25997"
}
2026-03-25 16:00:11 [INFO]: [PB-S-13502-5] ✏️  Queueing partial update
2026-03-25 16:00:11 [INFO]: [PB-S-36329] 📍 Adding/Updating address_information: {
  "Longitude_Latitude": "25.11273,55.13796"
}
2026-03-25 16:00:11 [INFO]: [PB-S-36329] ✏️  Queueing partial update
2026-03-25 16:00:11 [INFO]: [PB-S-36496] 📍 Adding/Updating address_information: {
  "Longitude_Latitude": "25.20738,55.34371"
}
2026-03-25 16:00:11 [INFO]: [PB-S-36496] ✏️  Queueing partial update
2026-03-25 16:00:11 [INFO]: [PB-R-27885-2] 📍 Adding/Updating address_information: {
  "Longitude_Latitude": "25.09058,55.7553"
}
2026-03-25 16:00:11 [INFO]: [PB-R-27885-2] ✏️  Queueing partial update
2026-03-25 16:00:11 [INFO]: [PB-S-36894] 📍 Adding/Updating address_information: {
  "Longitude_Latitude": "25.08834,55.14934"
}
2026-03-25 16:00:11 [INFO]: [PB-S-36894] ✏️  Queueing partial update
2026-03-25 16:00:11 [INFO]: [PB-S-15222-3] 📍 Adding/Updating address_information: {
  "Longitude_Latitude": "25.13570, 55.27188"
}
2026-03-25 16:00:11 [INFO]: [PB-S-15222-3] ✏️  Queueing partial update
2026-03-25 16:00:11 [INFO]: [PB-S-36084] 📍 Adding/Updating address_information: {
  "Longitude_Latitude": "25.18481, 55.26664"
}
2026-03-25 16:00:11 [INFO]: [PB-S-36084] ✏️  Queueing partial update
2026-03-25 16:00:11 [INFO]: [PB-S-36128-1] 📍 Adding/Updating address_information: {
  "Longitude_Latitude": "25.13526, 55.24371"
}
2026-03-25 16:00:11 [INFO]: [PB-S-36128-1] ✏️  Queueing partial update
2026-03-25 16:00:11 [INFO]: [PB-S-21917-3] 📍 Adding/Updating address_information: {
  "Longitude_Latitude": "25.06142,55.20267"
}
2026-03-25 16:00:11 [INFO]: [PB-S-21917-3] ✏️  Queueing partial update
2026-03-25 16:00:11 [INFO]: [PB-S-12548-5] 📍 Adding/Updating address_information: {
  "Longitude_Latitude": "25.05708,55.20583"
}
2026-03-25 16:00:11 [INFO]: [PB-S-12548-5] ✏️  Queueing partial update
2026-03-25 16:00:11 [INFO]: [PB-S-21891-1] 📍 Adding/Updating address_information: {
  "Longitude_Latitude": "25.10989, 55.14340"
}
2026-03-25 16:00:11 [INFO]: [PB-S-21891-1] ✏️  Queueing partial update
2026-03-25 16:00:11 [INFO]: [PB-S-24880] 📍 Adding/Updating address_information: {
  "Longitude_Latitude": "25.10775,55.14839"
}
2026-03-25 16:00:11 [INFO]: [PB-S-24880] ✏️  Queueing partial update
2026-03-25 16:00:11 [INFO]: [PB-S-14290-4] 📍 Adding/Updating address_information: {
  "Longitude_Latitude": "25.13941, 55.27089"
}
2026-03-25 16:00:11 [INFO]: [PB-S-14290-4] ✏️  Queueing partial update
2026-03-25 16:00:11 [INFO]: [PB-S-26124] 📍 Adding/Updating address_information: {
  "Longitude_Latitude": "25.11128,55.14671"
}
2026-03-25 16:00:11 [INFO]: [PB-S-26124] ✏️  Queueing partial update
2026-03-25 16:00:11 [INFO]: [PB-S-36277] 📍 Adding/Updating address_information: {
  "Longitude_Latitude": "55.14716, 25.10663"
}
2026-03-25 16:00:11 [INFO]: [PB-S-36277] ✏️  Queueing partial update
2026-03-25 16:00:11 [INFO]: [PB-S-36857] 📍 Adding/Updating address_information: {
  "Longitude_Latitude": "25.08896,55.14690"
}
2026-03-25 16:00:11 [INFO]: [PB-S-36857] ✏️  Queueing partial update
2026-03-25 16:00:11 [INFO]: [PB-S-36692] 📍 Adding/Updating address_information: {
  "Longitude_Latitude": "25.17944,55.30542"
}
2026-03-25 16:00:11 [INFO]: [PB-S-36692] ✏️  Queueing partial update
2026-03-25 16:00:11 [INFO]: [PB-S-36694] 📍 Adding/Updating address_information: {
  "Longitude_Latitude": "25.01841,55.24100"
}
2026-03-25 16:00:11 [INFO]: [PB-S-36694] ✏️  Queueing partial update
2026-03-25 16:00:11 [INFO]: [PB-S-36693] 📍 Adding/Updating address_information: {
  "Longitude_Latitude": "25.07982,55.15424"
}
2026-03-25 16:00:11 [INFO]: [PB-S-36693] ✏️  Queueing partial update
2026-03-25 16:00:11 [INFO]: [PB-S-36690] 📍 Adding/Updating address_information: {
  "Longitude_Latitude": "25.17679,55.313.72"
}
2026-03-25 16:00:11 [INFO]: [PB-S-36690] ✏️  Queueing partial update
2026-03-25 16:00:11 [INFO]: [PB-S-36595] 📍 Adding/Updating address_information: {
  "Longitude_Latitude": "25.20410,55.25936"
}
2026-03-25 16:00:11 [INFO]: [PB-S-36595] ✏️  Queueing partial update
2026-03-25 16:00:11 [INFO]: [PB-S-36344] 📍 Adding/Updating address_information: {
  "Longitude_Latitude": "25.20360,55.25876"
}
2026-03-25 16:00:11 [INFO]: [PB-S-36344] ✏️  Queueing partial update
2026-03-25 16:00:11 [INFO]: [PB-S-12064-5] 📍 Adding/Updating address_information: {
  "Longitude_Latitude": "55.30885,25.26952"
}
2026-03-25 16:00:11 [INFO]: [PB-S-12064-5] ✏️  Queueing partial update
2026-03-25 16:00:11 [INFO]: [PB-S-18623-3] 📍 Adding/Updating address_information: {
  "Longitude_Latitude": "25.08381,55.13893"
}
2026-03-25 16:00:11 [INFO]: [PB-S-18623-3] ✏️  Queueing partial update
2026-03-25 16:00:11 [INFO]: [PB-S-15219-2] 📍 Adding/Updating address_information: {
  "Longitude_Latitude": "25.07214,55.12745"
}
2026-03-25 16:00:11 [INFO]: [PB-S-15219-2] ✏️  Queueing partial update
2026-03-25 16:00:11 [INFO]: [PB-S-12306-4] 📍 Adding/Updating address_information: {
  "Longitude_Latitude": "24.97377,55.22081"
}
2026-03-25 16:00:11 [INFO]: [PB-S-12306-4] ✏️  Queueing partial update
2026-03-25 16:00:11 [INFO]: [PB-S-36429] 📍 Adding/Updating address_information: {
  "Longitude_Latitude": "25.11334,55.14076"
}
2026-03-25 16:00:11 [INFO]: [PB-S-36429] ✏️  Queueing partial update
2026-03-25 16:00:11 [INFO]: [PB-S-1708] 📍 Adding/Updating address_information: {
  "Longitude_Latitude": "55.14093, 25.11339"
}
2026-03-25 16:00:11 [INFO]: [PB-S-1708] ✏️  Queueing partial update
2026-03-25 16:00:11 [INFO]: [PB-S-36294] 📍 Adding/Updating address_information: {
  "Longitude_Latitude": "25.05551,55.20164"
}
2026-03-25 16:00:11 [INFO]: [PB-S-36294] ✏️  Queueing partial update
2026-03-25 16:00:11 [INFO]: [PB-S-36531] 📍 Adding/Updating address_information: {
  "Longitude_Latitude": "25.13592,55.18841"
}
2026-03-25 16:00:11 [INFO]: [PB-S-36531] ✏️  Queueing partial update
2026-03-25 16:00:11 [INFO]: [PB-S-13409-5] 📍 Adding/Updating address_information: {
  "Longitude_Latitude": "25.13280,55.19267"
}
2026-03-25 16:00:11 [INFO]: [PB-S-13409-5] ✏️  Queueing partial update
2026-03-25 16:00:11 [INFO]: [PB-S-13498-4] 📍 Adding/Updating address_information: {
  "Longitude_Latitude": "24.96608,55.22799"
}
2026-03-25 16:00:11 [INFO]: [PB-S-13498-4] ✏️  Queueing partial update
2026-03-25 16:00:11 [INFO]: [PB-S-13496-4] 📍 Adding/Updating address_information: {
  "Longitude_Latitude": "24.96608,55.22799"
}
2026-03-25 16:00:11 [INFO]: [PB-S-13496-4] ✏️  Queueing partial update
2026-03-25 16:00:11 [INFO]: [PB-R-15883-3] 📍 Adding/Updating address_information: {
  "Longitude_Latitude": "25.02665,55.23431"
}
2026-03-25 16:00:11 [INFO]: [PB-R-15883-3] ✏️  Queueing partial update
2026-03-25 16:00:11 [INFO]: [PB-S-36270-1] 📍 Adding/Updating address_information: {
  "Longitude_Latitude": "25.02235,55.21870"
}
2026-03-25 16:00:11 [INFO]: [PB-S-36270-1] ✏️  Queueing partial update
2026-03-25 16:00:11 [INFO]: [PB-S-36658-1] 📍 Adding/Updating address_information: {
  "Longitude_Latitude": "25.02304,55.21546"
}
2026-03-25 16:00:11 [INFO]: [PB-S-36658-1] ✏️  Queueing partial update
2026-03-25 16:00:11 [INFO]: [PB-S-16178-3] 📍 Adding/Updating address_information: {
  "Longitude_Latitude": "25.11238,55.13866"
}
2026-03-25 16:00:11 [INFO]: [PB-S-16178-3] ✏️  Queueing partial update
2026-03-25 16:00:11 [INFO]: [PB-S-31084-1] 📍 Adding/Updating address_information: {
  "Longitude_Latitude": "25.11044,55.13739"
}
2026-03-25 16:00:11 [INFO]: [PB-S-31084-1] ✏️  Queueing partial update
2026-03-25 16:00:11 [INFO]: [PB-R-36427] 📍 Adding/Updating address_information: {
  "Longitude_Latitude": "25.05972,55.18521"
}
2026-03-25 16:00:11 [INFO]: [PB-R-36427] ✏️  Queueing partial update
2026-03-25 16:00:11 [INFO]: [PB-R-36331] 📍 Adding/Updating address_information: {
  "Longitude_Latitude": "25.06434,55.18583"
}
2026-03-25 16:00:11 [INFO]: [PB-R-36331] ✏️  Queueing partial update
2026-03-25 16:00:11 [INFO]: [PB-R-36721] 📍 Adding/Updating address_information: {
  "Longitude_Latitude": "25.05628,55.17907"
}
2026-03-25 16:00:11 [INFO]: [PB-R-36721] ✏️  Queueing partial update
2026-03-25 16:00:11 [INFO]: [PB-R-36559] 📍 Adding/Updating address_information: {
  "Longitude_Latitude": "25.04759,55.18892"
}
2026-03-25 16:00:11 [INFO]: [PB-R-36559] ✏️  Queueing partial update
2026-03-25 16:00:11 [INFO]: [PB-S-36696] 📍 Adding/Updating address_information: {
  "Longitude_Latitude": "25.02085,55.21303"
}
2026-03-25 16:00:11 [INFO]: [PB-S-36696] ✏️  Queueing partial update
2026-03-25 16:00:11 [INFO]: [PB-S-36864] 📍 Adding/Updating address_information: {
  "Longitude_Latitude": "25.18186,55.2769"
}
2026-03-25 16:00:11 [INFO]: [PB-S-36864] ✏️  Queueing partial update
2026-03-25 16:00:11 [INFO]: [PB-S-36708] 📍 Adding/Updating address_information: {
  "Longitude_Latitude": "25.07875,55.24887"
}
2026-03-25 16:00:11 [INFO]: [PB-S-36708] ✏️  Queueing partial update
2026-03-25 16:00:11 [INFO]: [PB-S-13581-5] 📍 Adding/Updating address_information: {
  "Longitude_Latitude": "25.02488, 55.22291"
}
2026-03-25 16:00:11 [INFO]: [PB-S-13581-5] ✏️  Queueing partial update
2026-03-25 16:00:11 [INFO]: [PB-S-13605-5] 📍 Adding/Updating address_information: {
  "Longitude_Latitude": "25.02318, 55.23059"
}
2026-03-25 16:00:11 [INFO]: [PB-S-13605-5] ✏️  Queueing partial update
2026-03-25 16:00:11 [INFO]: [PB-S-36556] 📍 Adding/Updating address_information: {
  "Longitude_Latitude": "25.02228, 55.22448"
}
2026-03-25 16:00:11 [INFO]: [PB-S-36556] ✏️  Queueing partial update
2026-03-25 16:00:11 [INFO]: [PB-S-11704-6] 📍 Adding/Updating address_information: {
  "Longitude_Latitude": "25.16840, 55.29027"
}
2026-03-25 16:00:11 [INFO]: [PB-S-11704-6] ✏️  Queueing partial update
2026-03-25 16:00:11 [INFO]: [PB-R-36306] 📍 Adding/Updating address_information: {
  "Longitude_Latitude": "25.05574,55.17751"
}
2026-03-25 16:00:11 [INFO]: [PB-R-36306] ✏️  Queueing partial update
2026-03-25 16:00:11 [INFO]: [PB-R-36538] 📍 Adding/Updating address_information: {
  "Longitude_Latitude": "25.05309, 55.17293"
}
2026-03-25 16:00:11 [INFO]: [PB-R-36538] ✏️  Queueing partial update
2026-03-25 16:00:11 [INFO]: [PB-R-36663] 📍 Adding/Updating address_information: {
  "Longitude_Latitude": "25.05732, 55.17535"
}
2026-03-25 16:00:11 [INFO]: [PB-R-36663] ✏️  Queueing partial update
2026-03-25 16:00:11 [INFO]: [PB-R-13859-3] 📍 Adding/Updating address_information: {
  "Longitude_Latitude": "25.057998, 55.1803823"
}
2026-03-25 16:00:11 [INFO]: [PB-R-13859-3] ✏️  Queueing partial update
2026-03-25 16:00:11 [INFO]: [PB-R-33928-1] 📍 Adding/Updating address_information: {
  "Longitude_Latitude": "25.09192,55.17472"
}
2026-03-25 16:00:11 [INFO]: [PB-R-33928-1] ✏️  Queueing partial update
2026-03-25 16:00:11 [INFO]: [PB-S-36114] 📍 Adding/Updating address_information: {
  "Longitude_Latitude": "25.08340, 55.14171"
}
2026-03-25 16:00:11 [INFO]: [PB-S-36114] ✏️  Queueing partial update
2026-03-25 16:00:11 [INFO]: [PB-S-36273] 📍 Adding/Updating address_information: {
  "Longitude_Latitude": "25.10596,55.25527"
}
2026-03-25 16:00:11 [INFO]: [PB-S-36273] ✏️  Queueing partial update
2026-03-25 16:00:11 [INFO]: [PB-S-10408-5] 📍 Adding/Updating address_information: {
  "Longitude_Latitude": "25.05958,55.22155"
}
2026-03-25 16:00:11 [INFO]: [PB-S-10408-5] ✏️  Queueing partial update
2026-03-25 16:00:11 [INFO]: [PB-R-36545] 📍 Adding/Updating address_information: {
  "Longitude_Latitude": "25.06648,55.18794"
}
2026-03-25 16:00:11 [INFO]: [PB-R-36545] ✏️  Queueing partial update
2026-03-25 16:00:11 [INFO]: [PB-R-36428] 📍 Adding/Updating address_information: {
  "Longitude_Latitude": "25.06143, 55.16135"
}
2026-03-25 16:00:11 [INFO]: [PB-R-36428] ✏️  Queueing partial update
2026-03-25 16:00:11 [INFO]: [PB-S-11651] 📍 Adding/Updating address_information: {
  "Longitude_Latitude": "25.16675,55.25811"
}
2026-03-25 16:00:11 [INFO]: [PB-S-11651] ✏️  Queueing partial update
2026-03-25 16:00:11 [INFO]: [PB-S-13559-5] 📍 Adding/Updating address_information: {
  "Longitude_Latitude": "25.06005,55.14659"
}
2026-03-25 16:00:11 [INFO]: [PB-S-13559-5] ✏️  Queueing partial update
2026-03-25 16:00:11 [INFO]: [PB-S-34620-1] 📍 Adding/Updating address_information: {
  "Longitude_Latitude": "25.30561,55.31969"
}
2026-03-25 16:00:11 [INFO]: [PB-S-34620-1] ✏️  Queueing partial update
2026-03-25 16:00:11 [INFO]: [PB-S-34646-1] 📍 Adding/Updating address_information: {
  "Longitude_Latitude": "25.18363,55.26647"
}
2026-03-25 16:00:11 [INFO]: [PB-S-34646-1] ✏️  Queueing partial update
2026-03-25 16:00:11 [INFO]: [PB-S-36633] 📍 Adding/Updating address_information: {
  "Longitude_Latitude": "25.18050,55.25276"
}
2026-03-25 16:00:11 [INFO]: [PB-S-36633] ✏️  Queueing partial update
2026-03-25 16:00:11 [INFO]: [PB-S-36630] 📍 Adding/Updating address_information: {
  "Longitude_Latitude": "25.20542,55.25855"
}
2026-03-25 16:00:11 [INFO]: [PB-S-36630] ✏️  Queueing partial update
2026-03-25 16:00:11 [INFO]: [PB-R-36341] 📍 Adding/Updating address_information: {
  "Longitude_Latitude": "25.08926, 55.17348"
}
2026-03-25 16:00:11 [INFO]: [PB-R-36341] ✏️  Queueing partial update
2026-03-25 16:00:11 [INFO]: [PB-S-11897-3] 📍 Adding/Updating address_information: {
  "Longitude_Latitude": "25.00610,55.22930"
}
2026-03-25 16:00:11 [INFO]: [PB-S-11897-3] ✏️  Queueing partial update
2026-03-25 16:00:11 [INFO]: [PB-S-36569] 📍 Adding/Updating address_information: {
  "Longitude_Latitude": "25.21741,55.27388"
}
2026-03-25 16:00:11 [INFO]: [PB-S-36569] ✏️  Queueing partial update
2026-03-25 16:00:11 [INFO]: [PB-S-33922] 📍 Adding/Updating address_information: {
  "Longitude_Latitude": "25.00194,55.44647"
}
2026-03-25 16:00:11 [INFO]: [PB-S-33922] ✏️  Queueing partial update
2026-03-25 16:00:11 [INFO]: [PB-S-36014] 📍 Adding/Updating address_information: {
  "Longitude_Latitude": "25.11176, 55.13989"
}
2026-03-25 16:00:11 [INFO]: [PB-S-36014] ✏️  Queueing partial update
2026-03-25 16:00:11 [INFO]: [PB-S-36316] 📍 Adding/Updating address_information: {
  "Longitude_Latitude": "25.01184, 55.22216"
}
2026-03-25 16:00:11 [INFO]: [PB-S-36316] ✏️  Queueing partial update
2026-03-25 16:00:11 [INFO]: [PB-S-36263] 📍 Adding/Updating address_information: {
  "Longitude_Latitude": "25.19041, 55.27125"
}
2026-03-25 16:00:11 [INFO]: [PB-S-36263] ✏️  Queueing partial update
2026-03-25 16:00:11 [INFO]: [PB-S-36320] 📍 Adding/Updating address_information: {
  "Longitude_Latitude": "24.99260, 55.37236"
}
2026-03-25 16:00:11 [INFO]: [PB-S-36320] ✏️  Queueing partial update
2026-03-25 16:00:11 [INFO]: [PB-S-36317] 📍 Adding/Updating address_information: {
  "Longitude_Latitude": "24.98096, 55.38491"
}
2026-03-25 16:00:11 [INFO]: [PB-S-36317] ✏️  Queueing partial update
2026-03-25 16:00:11 [INFO]: [PB-S-36258] 📍 Adding/Updating address_information: {
  "Longitude_Latitude": "24.98592, 55.39271"
}
2026-03-25 16:00:11 [INFO]: [PB-S-36258] ✏️  Queueing partial update
2026-03-25 16:00:11 [INFO]: [PB-S-36051] 📍 Adding/Updating address_information: {
  "Longitude_Latitude": "24.99533,55.42786"
}
2026-03-25 16:00:11 [INFO]: [PB-S-36051] ✏️  Queueing partial update
2026-03-25 16:00:11 [INFO]: [PB-R-16179-2] 📍 Adding/Updating address_information: {
  "Longitude_Latitude": "25.01109,55.44410"
}
2026-03-25 16:00:11 [INFO]: [PB-R-16179-2] ✏️  Queueing partial update
2026-03-25 16:00:11 [INFO]: [PB-S-36451] 📍 Adding/Updating address_information: {
  "Longitude_Latitude": "24.93662,55.22104"
}
2026-03-25 16:00:11 [INFO]: [PB-S-36451] ✏️  Queueing partial update
2026-03-25 16:00:11 [INFO]: [PB-S-36505] 📍 Adding/Updating address_information: {
  "Longitude_Latitude": "25.22022, 55.27157"
}
2026-03-25 16:00:11 [INFO]: [PB-S-36505] ✏️  Queueing partial update
2026-03-25 16:00:11 [INFO]: [PB-S-36411] 📍 Adding/Updating address_information: {
  "Longitude_Latitude": "25.21868, 55.28176"
}
2026-03-25 16:00:11 [INFO]: [PB-S-36411] ✏️  Queueing partial update
2026-03-25 16:00:11 [INFO]: [PB-S-36446] 📍 Adding/Updating address_information: {
  "Longitude_Latitude": "24.95221,55.21626"
}
2026-03-25 16:00:11 [INFO]: [PB-S-36446] ✏️  Queueing partial update
2026-03-25 16:00:11 [INFO]: [PB-S-11848-1] 📍 Adding/Updating address_information: {
  "Longitude_Latitude": "25.05411,55.15809"
}
2026-03-25 16:00:11 [INFO]: [PB-S-11848-1] ✏️  Queueing partial update
2026-03-25 16:00:11 [INFO]: [PB-S-36191] 📍 Adding/Updating address_information: {
  "Longitude_Latitude": "25.04336,55.17218"
}
2026-03-25 16:00:11 [INFO]: [PB-S-36191] ✏️  Queueing partial update
2026-03-25 16:00:11 [INFO]: [PB-S-36412] 📍 Adding/Updating address_information: {
  "Longitude_Latitude": "25.21868, 55.28176"
}
2026-03-25 16:00:11 [INFO]: [PB-S-36412] ✏️  Queueing partial update
2026-03-25 16:00:11 [INFO]: [PB-S-14348-5] 📍 Adding/Updating address_information: {
  "Longitude_Latitude": "25.12228,55.14020"
}
2026-03-25 16:00:11 [INFO]: [PB-S-14348-5] ✏️  Queueing partial update
2026-03-25 16:00:11 [INFO]: [PB-S-13889-3] 📍 Adding/Updating address_information: {
  "Longitude_Latitude": "25.08800,55.14752"
}
2026-03-25 16:00:11 [INFO]: [PB-S-13889-3] ✏️  Queueing partial update
2026-03-25 16:00:11 [INFO]: [PB-S-36282] 📍 Adding/Updating address_information: {
  "Longitude_Latitude": "25.07876, 55.24888"
}
2026-03-25 16:00:11 [INFO]: [PB-S-36282] ✏️  Queueing partial update
2026-03-25 16:00:11 [INFO]: [PB-S-36405] 📍 Adding/Updating address_information: {
  "Longitude_Latitude": "24.95211,55.216.25"
}
2026-03-25 16:00:11 [INFO]: [PB-S-36405] ✏️  Queueing partial update
2026-03-25 16:00:11 [INFO]: [PB-S-36350] 📍 Adding/Updating address_information: {
  "Longitude_Latitude": "25.06414, 55.2014272"
}
2026-03-25 16:00:11 [INFO]: [PB-S-36350] ✏️  Queueing partial update
2026-03-25 16:00:11 [INFO]: [PB-S-36360] 📍 Adding/Updating address_information: {
  "Longitude_Latitude": "25.19511,55.27036"
}
2026-03-25 16:00:11 [INFO]: [PB-S-36360] ✏️  Queueing partial update
2026-03-25 16:00:11 [INFO]: [PB-S-36363] 📍 Adding/Updating address_information: {
  "Longitude_Latitude": "25.03010,55.15318"
}
2026-03-25 16:00:11 [INFO]: [PB-S-36363] ✏️  Queueing partial update
2026-03-25 16:00:11 [INFO]: [PB-S-36137] 📍 Adding/Updating address_information: {
  "Longitude_Latitude": "25.18480,55.26667"
}
2026-03-25 16:00:11 [INFO]: [PB-S-36137] ✏️  Queueing partial update
2026-03-25 16:00:11 [INFO]: [PB-S-36101] 📍 Adding/Updating address_information: {
  "Longitude_Latitude": "25.18532,55.26932"
}
2026-03-25 16:00:11 [INFO]: [PB-S-36101] ✏️  Queueing partial update
2026-03-25 16:00:11 [INFO]: [PB-S-36167] 📍 Adding/Updating address_information: {
  "Longitude_Latitude": "25.18899,55.26708"
}
2026-03-25 16:00:11 [INFO]: [PB-S-36167] ✏️  Queueing partial update
2026-03-25 16:00:11 [INFO]: [PB-S-36115] 📍 Adding/Updating address_information: {
  "Longitude_Latitude": "25.07308,55.13810"
}
2026-03-25 16:00:11 [INFO]: [PB-S-36115] ✏️  Queueing partial update
2026-03-25 16:00:11 [INFO]: [PB-S-36113] 📍 Adding/Updating address_information: {
  "Longitude_Latitude": "25.11172,55.13688"
}
2026-03-25 16:00:11 [INFO]: [PB-S-36113] ✏️  Queueing partial update
2026-03-25 16:00:11 [INFO]: [PB-S-36070] 📍 Adding/Updating address_information: {
  "Longitude_Latitude": "25.02671, 55.30993"
}
2026-03-25 16:00:11 [INFO]: [PB-S-36070] ✏️  Queueing partial update
2026-03-25 16:00:11 [INFO]: [PB-R-36028] 📍 Adding/Updating address_information: {
  "Longitude_Latitude": "25.08773, 55.14755"
}
2026-03-25 16:00:11 [INFO]: [PB-R-36028] ✏️  Queueing partial update
2026-03-25 16:00:11 [INFO]: [PB-S-26590] 📍 Adding/Updating address_information: {
  "Longitude_Latitude": "25.11232,55.14402"
}
2026-03-25 16:00:11 [INFO]: [PB-S-26590] ✏️  Queueing partial update
2026-03-25 16:00:11 [INFO]: [PB-S-12262] 📍 Adding/Updating address_information: {
  "Longitude_Latitude": "25.26977, 55.26965"
}
2026-03-25 16:00:11 [INFO]: [PB-S-12262] ✏️  Queueing partial update
2026-03-25 16:00:11 [INFO]: [PB-S-11336-1] 📍 Adding/Updating address_information: {
  "Longitude_Latitude": "25.17653,55.27267"
}
2026-03-25 16:00:11 [INFO]: [PB-S-11336-1] ✏️  Queueing partial update
2026-03-25 16:00:11 [INFO]: [PB-S-15270] 📍 Adding/Updating address_information: {
  "Longitude_Latitude": "25.18004,55.26684"
}
2026-03-25 16:00:11 [INFO]: [PB-S-15270] ✏️  Queueing partial update
2026-03-25 16:00:11 [INFO]: [PB-S-13554-3] 📍 Adding/Updating address_information: {
  "Longitude_Latitude": "25.02210,55.19995"
}
2026-03-25 16:00:11 [INFO]: [PB-S-13554-3] ✏️  Queueing partial update
2026-03-25 16:00:11 [INFO]: [PB-S-12608] 📍 Adding/Updating address_information: {
  "Longitude_Latitude": "25.13350,55.15184"
}
2026-03-25 16:00:11 [INFO]: [PB-S-12608] ✏️  Queueing partial update
2026-03-25 16:00:11 [INFO]: [PB-R-21888-1] 📍 Adding/Updating address_information: {
  "Longitude_Latitude": "25.20509,55.25948"
}
2026-03-25 16:00:11 [INFO]: [PB-R-21888-1] ✏️  Queueing partial update
2026-03-25 16:00:11 [INFO]: [PB-S-12899-5] 📍 Adding/Updating address_information: {
  "Longitude_Latitude": "25.07478,55.13714"
}
2026-03-25 16:00:11 [INFO]: [PB-S-12899-5] ✏️  Queueing partial update
2026-03-25 16:00:11 [INFO]: [PB-S-22034] ⏭️  Skipped - no changes needed
2026-03-25 16:00:11 [INFO]: [PB-S-37446] ⏭️  Skipped - no changes needed
2026-03-25 16:00:11 [INFO]: [PB-S-14375] ⏭️  Skipped - no changes needed
2026-03-25 16:00:11 [INFO]: [PB-S-14131] ⏭️  Skipped - no changes needed
2026-03-25 16:00:11 [INFO]: [PB-S-13602] ⏭️  Skipped - no changes needed
2026-03-25 16:00:11 [INFO]: [PB-S-13960] ⏭️  Skipped - no changes needed
2026-03-25 16:00:11 [INFO]: [PB-S-21968] ⏭️  Skipped - no changes needed
2026-03-25 16:00:11 [INFO]: [PB-S-9952] ⏭️  Skipped - no changes needed
2026-03-25 16:00:11 [INFO]: [PB-S-37322] ⏭️  Skipped - no changes needed
2026-03-25 16:00:11 [INFO]: [PB-S-37232] ⏭️  Skipped - no changes needed
2026-03-25 16:00:11 [INFO]: [PB-S-12820] ⏭️  Skipped - no changes needed
2026-03-25 16:00:11 [INFO]: [PB-S-37433] ⏭️  Skipped - no changes needed
2026-03-25 16:00:11 [INFO]: [PB-S-3896] ⏭️  Skipped - no changes needed
2026-03-25 16:00:11 [INFO]: [PB-S-37068] ⏭️  Skipped - no changes needed
2026-03-25 16:00:11 [INFO]: [PB-S-37067] ⏭️  Skipped - no changes needed
2026-03-25 16:00:11 [INFO]: [PB-S-37435] ⏭️  Skipped - no changes needed
2026-03-25 16:00:11 [INFO]: [PB-S-32342] ⏭️  Skipped - no changes needed
2026-03-25 16:00:11 [INFO]: [PB-S-35459] ⏭️  Skipped - no changes needed
2026-03-25 16:00:11 [INFO]: [PB-S-35269] ⏭️  Skipped - no changes needed
2026-03-25 16:00:11 [INFO]: [PB-S-35976] ⏭️  Skipped - no changes needed
2026-03-25 16:00:11 [INFO]: [PB-S-36906] ⏭️  Skipped - no changes needed
2026-03-25 16:00:11 [INFO]: [PB-S-37431] ⏭️  Skipped - no changes needed
2026-03-25 16:00:11 [INFO]: [PB-S-16600] ⏭️  Skipped - no changes needed
2026-03-25 16:00:11 [INFO]: [PB-S-36990] ⏭️  Skipped - no changes needed
2026-03-25 16:00:11 [INFO]: [PB-S-37044] ⏭️  Skipped - no changes needed
2026-03-25 16:00:11 [INFO]: [PB-S-13516] ⏭️  Skipped - no changes needed
2026-03-25 16:00:11 [INFO]: [PB-S-13606] ⏭️  Skipped - no changes needed
2026-03-25 16:00:11 [INFO]: [PB-S-14370] ⏭️  Skipped - no changes needed
2026-03-25 16:00:11 [INFO]: [PB-S-13712] ⏭️  Skipped - no changes needed
2026-03-25 16:00:11 [INFO]: [PB-S-34639] ⏭️  Skipped - no changes needed
2026-03-25 16:00:11 [INFO]: [PB-S-13864] ⏭️  Skipped - no changes needed
2026-03-25 16:00:11 [INFO]: [PB-S-36126] ⏭️  Skipped - no changes needed
2026-03-25 16:00:11 [INFO]: [PB-S-35991] ⏭️  Skipped - no changes needed
2026-03-25 16:00:11 [INFO]: [PB-S-36826] ⏭️  Skipped - no changes needed
2026-03-25 16:00:11 [INFO]: [PB-S-14012] ⏭️  Skipped - no changes needed
2026-03-25 16:00:11 [INFO]: [PB-S-13765] ⏭️  Skipped - no changes needed
2026-03-25 16:00:11 [INFO]: [PB-S-36135] ⏭️  Skipped - no changes needed
2026-03-25 16:00:11 [INFO]: [PB-S-32361] ⏭️  Skipped - no changes needed
2026-03-25 16:00:11 [INFO]: [PB-S-36333] ⏭️  Skipped - no changes needed
2026-03-25 16:00:11 [INFO]: [PB-S-36866] ⏭️  Skipped - no changes needed
2026-03-25 16:00:11 [INFO]: [PB-S-12221] ⏭️  Skipped - no changes needed
2026-03-25 16:00:11 [INFO]: [PB-S-36827] ⏭️  Skipped - no changes needed
2026-03-25 16:00:11 [INFO]: [PB-S-13866] ⏭️  Skipped - no changes needed
2026-03-25 16:00:11 [INFO]: [PB-S-37370] ⏭️  Skipped - no changes needed
2026-03-25 16:00:11 [INFO]: [PB-S-14187] ⏭️  Skipped - no changes needed
2026-03-25 16:00:11 [INFO]: [PB-S-18384] ⏭️  Skipped - no changes needed
2026-03-25 16:00:11 [INFO]: [PB-S-18353] ⏭️  Skipped - no changes needed
2026-03-25 16:00:11 [INFO]: [PB-S-16180] ⏭️  Skipped - no changes needed
2026-03-25 16:00:11 [INFO]: [PB-S-16174] ⏭️  Skipped - no changes needed
2026-03-25 16:00:11 [INFO]: [PB-S-16167] ⏭️  Skipped - no changes needed
2026-03-25 16:00:11 [INFO]: [PB-S-16168] ⏭️  Skipped - no changes needed
2026-03-25 16:00:11 [INFO]: [PB-S-16166] ⏭️  Skipped - no changes needed
2026-03-25 16:00:11 [INFO]: [PB-S-16165] ⏭️  Skipped - no changes needed
2026-03-25 16:00:11 [INFO]: [PB-S-16164] ⏭️  Skipped - no changes needed
2026-03-25 16:00:11 [INFO]: [PB-S-16173] ⏭️  Skipped - no changes needed
2026-03-25 16:00:11 [INFO]: [PB-S-35465] ⏭️  Skipped - no changes needed
2026-03-25 16:00:11 [INFO]: [PB-S-14339] ⏭️  Skipped - no changes needed
2026-03-25 16:00:11 [INFO]: [PB-S-14091] ⏭️  Skipped - no changes needed
2026-03-25 16:00:11 [INFO]: [PB-S-37225] ⏭️  Skipped - no changes needed
2026-03-25 16:00:11 [INFO]: [PB-S-37181] ⏭️  Skipped - no changes needed
2026-03-25 16:00:11 [INFO]: [PB-S-33921] ⏭️  Skipped - no changes needed
2026-03-25 16:00:11 [INFO]: [PB-S-37405] ⏭️  Skipped - no changes needed
2026-03-25 16:00:11 [INFO]: [PB-S-21881] ⏭️  Skipped - no changes needed
2026-03-25 16:00:11 [INFO]: [PB-S-15803] ⏭️  Skipped - no changes needed
2026-03-25 16:00:11 [INFO]: [PB-S-15798] ⏭️  Skipped - no changes needed
2026-03-25 16:00:11 [INFO]: [PB-S-15583] ⏭️  Skipped - no changes needed
2026-03-25 16:00:11 [INFO]: [PB-S-15081] ⏭️  Skipped - no changes needed
2026-03-25 16:00:11 [INFO]: [PB-S-14977] ⏭️  Skipped - no changes needed
2026-03-25 16:00:11 [INFO]: [PB-S-15085] ⏭️  Skipped - no changes needed
2026-03-25 16:00:11 [INFO]: [PB-S-14397] ⏭️  Skipped - no changes needed
2026-03-25 16:00:11 [INFO]: [PB-S-14396] ⏭️  Skipped - no changes needed
2026-03-25 16:00:11 [INFO]: [PB-S-22046] ⏭️  Skipped - no changes needed
2026-03-25 16:00:11 [INFO]: [PB-S-21275] ⏭️  Skipped - no changes needed
2026-03-25 16:00:11 [INFO]: [PB-S-14351] ⏭️  Skipped - no changes needed
2026-03-25 16:00:11 [INFO]: [PB-S-18600] ⏭️  Skipped - no changes needed
2026-03-25 16:00:11 [INFO]: [PB-S-14347] ⏭️  Skipped - no changes needed
2026-03-25 16:00:11 [INFO]: [PB-S-18345] 📍 Adding/Updating address_information: {
  "Longitude_Latitude": "25.02653,55.23438"
}
2026-03-25 16:00:11 [INFO]: [PB-S-18345] ✏️  Queueing partial update
2026-03-25 16:00:11 [INFO]: [PB-S-18514] ⏭️  Skipped - no changes needed
2026-03-25 16:00:11 [INFO]: [PB-S-16153] ⏭️  Skipped - no changes needed
2026-03-25 16:00:11 [INFO]: [PB-S-16440] ⏭️  Skipped - no changes needed
2026-03-25 16:00:11 [INFO]: [PB-S-16490] ⏭️  Skipped - no changes needed
2026-03-25 16:00:11 [INFO]: [PB-S-16727] ⏭️  Skipped - no changes needed
2026-03-25 16:00:11 [INFO]: [PB-S-16737] ⏭️  Skipped - no changes needed
2026-03-25 16:00:11 [INFO]: [PB-S-16777] ⏭️  Skipped - no changes needed
2026-03-25 16:00:11 [INFO]: [PB-S-16774] ⏭️  Skipped - no changes needed
2026-03-25 16:00:11 [INFO]: [PB-S-16820] ⏭️  Skipped - no changes needed
2026-03-25 16:00:11 [INFO]: [PB-S-16856] ⏭️  Skipped - no changes needed
2026-03-25 16:00:11 [INFO]: [PB-S-17027] ⏭️  Skipped - no changes needed
2026-03-25 16:00:11 [INFO]: [PB-S-17045] ⏭️  Skipped - no changes needed
2026-03-25 16:00:11 [INFO]: [PB-S-18377] ⏭️  Skipped - no changes needed
2026-03-25 16:00:11 [INFO]: [PB-S-37402] ⏭️  Skipped - no changes needed
2026-03-25 16:00:11 [INFO]: [PB-S-37401] ⏭️  Skipped - no changes needed
2026-03-25 16:00:11 [INFO]: [PB-S-12582] ⏭️  Skipped - no changes needed
2026-03-25 16:00:11 [INFO]: [PB-S-37015] ⏭️  Skipped - no changes needed
2026-03-25 16:00:11 [INFO]: [PB-S-37052] ⏭️  Skipped - no changes needed
2026-03-25 16:00:11 [INFO]: [PB-S-13882] ⏭️  Skipped - no changes needed
2026-03-25 16:00:11 [INFO]: [PB-S-36836] ⏭️  Skipped - no changes needed
2026-03-25 16:00:11 [INFO]: [PB-S-22112] ⏭️  Skipped - no changes needed
2026-03-25 16:00:11 [INFO]: [PB-S-36998] ⏭️  Skipped - no changes needed
2026-03-25 16:00:11 [INFO]: [PB-S-14055] ⏭️  Skipped - no changes needed
2026-03-25 16:00:11 [INFO]: [PB-S-36685] ⏭️  Skipped - no changes needed
2026-03-25 16:00:11 [INFO]: [PB-S-36973] ⏭️  Skipped - no changes needed
2026-03-25 16:00:11 [INFO]: [PB-S-36251] ⏭️  Skipped - no changes needed
2026-03-25 16:00:11 [INFO]: [PB-S-12807] ⏭️  Skipped - no changes needed
2026-03-25 16:00:11 [INFO]: [PB-S-12806] ⏭️  Skipped - no changes needed
2026-03-25 16:00:11 [INFO]: [PB-R-36720-1] 📍 Adding/Updating address_information: {
  "Longitude_Latitude": "25.05628,55.17907"
}
2026-03-25 16:00:11 [INFO]: [PB-R-36720-1] ✏️  Queueing partial update
2026-03-25 16:00:11 [INFO]: [PB-S-16163] ⏭️  Skipped - no changes needed
2026-03-25 16:00:11 [INFO]: [PB-S-16036] ⏭️  Skipped - no changes needed
2026-03-25 16:00:11 [INFO]: [PB-S-15955] ⏭️  Skipped - no changes needed
2026-03-25 16:00:11 [INFO]: [PB-S-15824] ⏭️  Skipped - no changes needed
2026-03-25 16:00:11 [INFO]: [PB-S-15822] ⏭️  Skipped - no changes needed
2026-03-25 16:00:11 [INFO]: [PB-S-15816] ⏭️  Skipped - no changes needed
2026-03-25 16:00:11 [INFO]: [PB-S-15810] ⏭️  Skipped - no changes needed
2026-03-25 16:00:11 [INFO]: [PB-S-15800] ⏭️  Skipped - no changes needed
2026-03-25 16:00:11 [INFO]: [PB-S-15801] ⏭️  Skipped - no changes needed
2026-03-25 16:00:11 [INFO]: [PB-S-15802] ⏭️  Skipped - no changes needed
2026-03-25 16:00:11 [INFO]: [PB-S-15795] ⏭️  Skipped - no changes needed
2026-03-25 16:00:11 [INFO]: [PB-S-15794] ⏭️  Skipped - no changes needed
2026-03-25 16:00:11 [INFO]: [PB-S-15793] ⏭️  Skipped - no changes needed
2026-03-25 16:00:11 [INFO]: [PB-S-15791] ⏭️  Skipped - no changes needed
2026-03-25 16:00:11 [INFO]: [PB-S-15768] ⏭️  Skipped - no changes needed
2026-03-25 16:00:11 [INFO]: [PB-S-15764] ⏭️  Skipped - no changes needed
2026-03-25 16:00:11 [INFO]: [PB-S-15762] ⏭️  Skipped - no changes needed
2026-03-25 16:00:11 [INFO]: [PB-S-15761] ⏭️  Skipped - no changes needed
2026-03-25 16:00:11 [INFO]: [PB-S-15756] ⏭️  Skipped - no changes needed
2026-03-25 16:00:11 [INFO]: [PB-S-15210] ⏭️  Skipped - no changes needed
2026-03-25 16:00:11 [INFO]: [PB-S-14130-1] ⏭️  Skipped - no changes needed
2026-03-25 16:00:11 [INFO]: [PB-S-14127] ⏭️  Skipped - no changes needed
2026-03-25 16:00:11 [INFO]: [PB-S-14079] ⏭️  Skipped - no changes needed
2026-03-25 16:00:11 [INFO]: [PB-S-14078] ⏭️  Skipped - no changes needed
2026-03-25 16:00:11 [INFO]: [PB-S-14076] ⏭️  Skipped - no changes needed
2026-03-25 16:00:11 [INFO]: [PB-S-14025] ⏭️  Skipped - no changes needed
2026-03-25 16:00:11 [INFO]: [PB-S-13992] ⏭️  Skipped - no changes needed
2026-03-25 16:00:11 [INFO]: [PB-S-12740] ⏭️  Skipped - no changes needed
2026-03-25 16:00:11 [INFO]: [PB-S-12603] ⏭️  Skipped - no changes needed
2026-03-25 16:00:11 [INFO]: [PB-S-12203-6] 📍 Adding/Updating address_information: {
  "Longitude_Latitude": "25.13368, 55.19010"
}
2026-03-25 16:00:11 [INFO]: [PB-S-12203-6] ✏️  Queueing partial update
2026-03-25 16:00:11 [INFO]: [PB-S-36371] ⏭️  Skipped - no changes needed
2026-03-25 16:00:11 [INFO]: [PB-S-36502] ⏭️  Skipped - no changes needed
2026-03-25 16:00:11 [INFO]: [PB-S-36171] 📍 Adding/Updating address_information: {
  "Longitude_Latitude": "25.03491, 55.20987"
}
2026-03-25 16:00:11 [INFO]: [PB-S-36171] ✏️  Queueing partial update
2026-03-25 16:00:11 [INFO]: [PB-S-36495] ⏭️  Skipped - no changes needed
2026-03-25 16:00:11 [INFO]: [PB-S-36837] ⏭️  Skipped - no changes needed
2026-03-25 16:00:11 [INFO]: [PB-S-36526] ⏭️  Skipped - no changes needed
2026-03-25 16:00:11 [INFO]: [PB-S-36877] ⏭️  Skipped - no changes needed
2026-03-25 16:00:11 [INFO]: [PB-S-36583] ⏭️  Skipped - no changes needed
2026-03-25 16:00:11 [INFO]: [PB-S-36498] ⏭️  Skipped - no changes needed
2026-03-25 16:00:11 [INFO]: [PB-S-37063] ⏭️  Skipped - no changes needed
2026-03-25 16:00:11 [INFO]: [PB-S-37017] ⏭️  Skipped - no changes needed
2026-03-25 16:00:11 [INFO]: [PB-S-36479] ⏭️  Skipped - no changes needed
2026-03-25 16:00:11 [INFO]: [PB-S-36436] ⏭️  Skipped - no changes needed
2026-03-25 16:00:11 [INFO]: [PB-S-36339] ⏭️  Skipped - no changes needed
2026-03-25 16:00:11 [INFO]: [PB-S-36105] ⏭️  Skipped - no changes needed
2026-03-25 16:00:11 [INFO]: [PB-S-36003] ⏭️  Skipped - no changes needed
2026-03-25 16:00:11 [INFO]: [PB-S-36422] ⏭️  Skipped - no changes needed
2026-03-25 16:00:11 [INFO]: [PB-S-36015] ⏭️  Skipped - no changes needed
2026-03-25 16:00:11 [INFO]: [PB-S-36703] ⏭️  Skipped - no changes needed
2026-03-25 16:00:11 [INFO]: [PB-S-36378] ⏭️  Skipped - no changes needed
2026-03-25 16:00:11 [INFO]: [PB-S-36956] ⏭️  Skipped - no changes needed
2026-03-25 16:00:11 [INFO]: [PB-S-36036] ⏭️  Skipped - no changes needed
2026-03-25 16:00:11 [INFO]: [PB-S-37195] ⏭️  Skipped - no changes needed
2026-03-25 16:00:11 [INFO]: [PB-S-14275] ⏭️  Skipped - no changes needed
2026-03-25 16:00:11 [INFO]: [PB-S-13597] ⏭️  Skipped - no changes needed
2026-03-25 16:00:11 [INFO]: [PB-S-13616] ⏭️  Skipped - no changes needed
2026-03-25 16:00:11 [INFO]: [PB-S-11744] ⏭️  Skipped - no changes needed
2026-03-25 16:00:11 [INFO]: [PB-S-36380] ⏭️  Skipped - no changes needed
2026-03-25 16:00:11 [INFO]: [PB-S-13878] ⏭️  Skipped - no changes needed
2026-03-25 16:00:11 [INFO]: [PB-S-36784] ⏭️  Skipped - no changes needed
2026-03-25 16:00:11 [INFO]: [PB-S-36969] ⏭️  Skipped - no changes needed
2026-03-25 16:00:11 [INFO]: [PB-S-22080] ⏭️  Skipped - no changes needed
2026-03-25 16:00:11 [INFO]: [PB-S-36966] ⏭️  Skipped - no changes needed
2026-03-25 16:00:11 [INFO]: [PB-S-16606] ⏭️  Skipped - no changes needed
2026-03-25 16:00:11 [INFO]: [PB-S-37199] ⏭️  Skipped - no changes needed
2026-03-25 16:00:11 [INFO]: [PB-S-22090] ⏭️  Skipped - no changes needed
2026-03-25 16:00:11 [INFO]: [PB-S-34032] ⏭️  Skipped - no changes needed
2026-03-25 16:00:11 [INFO]: [PB-S-14002] ⏭️  Skipped - no changes needed
2026-03-25 16:00:11 [INFO]: [PB-S-15896] ⏭️  Skipped - no changes needed
2026-03-25 16:00:11 [INFO]: [PB-R-32326] ⏭️  Skipped - no changes needed
2026-03-25 16:00:11 [INFO]: [PB-R-28651] ⏭️  Skipped - no changes needed
2026-03-25 16:00:11 [INFO]: [PB-R-13780] ⏭️  Skipped - no changes needed
2026-03-25 16:00:11 [INFO]: [PB-R-36055] ⏭️  Skipped - no changes needed
2026-03-25 16:00:11 [INFO]: [PB-S-25628] 📍 Adding/Updating address_information: {
  "Longitude_Latitude": "25.11281,55.14271"
}
2026-03-25 16:00:11 [INFO]: [PB-S-25628] ✏️  Queueing partial update
2026-03-25 16:00:11 [INFO]: [PB-S-36880] ⏭️  Skipped - no changes needed
2026-03-25 16:00:11 [INFO]: [PB-R-36743] ⏭️  Skipped - no changes needed
2026-03-25 16:00:11 [INFO]: [PB-R-36750] ⏭️  Skipped - no changes needed
2026-03-25 16:00:11 [INFO]: [PB-R-36746] ⏭️  Skipped - no changes needed
2026-03-25 16:00:11 [INFO]: [PB-R-36748] ⏭️  Skipped - no changes needed
2026-03-25 16:00:11 [INFO]: [PB-R-36745] ⏭️  Skipped - no changes needed
2026-03-25 16:00:11 [INFO]: [PB-R-36747] ⏭️  Skipped - no changes needed
2026-03-25 16:00:11 [INFO]: [PB-S-36767] ⏭️  Skipped - no changes needed
2026-03-25 16:00:11 [INFO]: [PB-R-36761] ⏭️  Skipped - no changes needed
2026-03-25 16:00:11 [INFO]: [PB-R-36762] ⏭️  Skipped - no changes needed
2026-03-25 16:00:11 [INFO]: [PB-R-36763] ⏭️  Skipped - no changes needed
2026-03-25 16:00:11 [INFO]: [PB-S-36766] ⏭️  Skipped - no changes needed
2026-03-25 16:00:11 [INFO]: [PB-S-36765] ⏭️  Skipped - no changes needed
2026-03-25 16:00:11 [INFO]: [PB-S-36768] ⏭️  Skipped - no changes needed
2026-03-25 16:00:11 [INFO]: [PB-R-37041] ⏭️  Skipped - no changes needed
2026-03-25 16:00:11 [INFO]: [PB-S-37040] ⏭️  Skipped - no changes needed
2026-03-25 16:00:11 [INFO]: [PB-S-36810] ⏭️  Skipped - no changes needed
2026-03-25 16:00:11 [INFO]: [PB-S-36809] ⏭️  Skipped - no changes needed
2026-03-25 16:00:11 [INFO]: [PB-S-36819] ⏭️  Skipped - no changes needed
2026-03-25 16:00:11 [INFO]: [PB-R-36846] ⏭️  Skipped - no changes needed
2026-03-25 16:00:11 [INFO]: [PB-S-36863] ⏭️  Skipped - no changes needed
2026-03-25 16:00:11 [INFO]: [PB-R-36741] ⏭️  Skipped - no changes needed
2026-03-25 16:00:11 [INFO]: [PB-S-36967] ⏭️  Skipped - no changes needed
2026-03-25 16:00:11 [INFO]: [PB-S-15841] ⏭️  Skipped - no changes needed
2026-03-25 16:00:11 [INFO]: [PB-S-37260] ⏭️  Skipped - no changes needed
2026-03-25 16:00:11 [INFO]: [PB-S-37019] ⏭️  Skipped - no changes needed
2026-03-25 16:00:11 [INFO]: [PB-S-37001] ⏭️  Skipped - no changes needed
2026-03-25 16:00:11 [INFO]: [PB-R-37031] 📍 Adding/Updating address_information: {
  "Longitude_Latitude": "25.068394, 55.325289"
}
2026-03-25 16:00:11 [INFO]: [PB-R-37031] ✏️  Queueing partial update
2026-03-25 16:00:11 [INFO]: [PB-S-36902] ⏭️  Skipped - no changes needed
2026-03-25 16:00:11 [INFO]: [PB-S-12758] ⏭️  Skipped - no changes needed
2026-03-25 16:00:11 [INFO]: [PB-S-36915] ⏭️  Skipped - no changes needed
2026-03-25 16:00:11 [INFO]: [PB-S-12847] ⏭️  Skipped - no changes needed
2026-03-25 16:00:11 [INFO]: [PB-S-14222] ⏭️  Skipped - no changes needed
2026-03-25 16:00:11 [INFO]: [PB-S-2911] ⏭️  Skipped - no changes needed
2026-03-25 16:00:11 [INFO]: [PB-S-27160] ⏭️  Skipped - no changes needed
2026-03-25 16:00:11 [INFO]: [PB-S-12844] ⏭️  Skipped - no changes needed
2026-03-25 16:00:11 [INFO]: [PB-S-35954] ⏭️  Skipped - no changes needed
2026-03-25 16:00:11 [INFO]: [PB-S-36852] ⏭️  Skipped - no changes needed
2026-03-25 16:00:11 [INFO]: [PB-S-36000] ⏭️  Skipped - no changes needed
2026-03-25 16:00:11 [INFO]: [PB-S-10511] ⏭️  Skipped - no changes needed
2026-03-25 16:00:11 [INFO]: [PB-S-25954] ⏭️  Skipped - no changes needed
2026-03-25 16:00:11 [INFO]: [PB-S-27631] ⏭️  Skipped - no changes needed
2026-03-25 16:00:11 [INFO]: [PB-S-3552] ⏭️  Skipped - no changes needed
2026-03-25 16:00:11 [INFO]: [PB-S-14329] ⏭️  Skipped - no changes needed
2026-03-25 16:00:11 [INFO]: [PB-S-12916] ⏭️  Skipped - no changes needed
2026-03-25 16:00:11 [INFO]: [PB-S-13926] ⏭️  Skipped - no changes needed
2026-03-25 16:00:11 [INFO]: [PB-S-13625] ⏭️  Skipped - no changes needed
2026-03-25 16:00:11 [INFO]: [PB-S-36707] ⏭️  Skipped - no changes needed
2026-03-25 16:00:11 [INFO]: [PB-S-13893] ⏭️  Skipped - no changes needed
2026-03-25 16:00:11 [INFO]: [PB-S-13965] ⏭️  Skipped - no changes needed
2026-03-25 16:00:11 [INFO]: [PB-S-35275] ⏭️  Skipped - no changes needed
2026-03-25 16:00:11 [INFO]: [PB-S-36625] ⏭️  Skipped - no changes needed
2026-03-25 16:00:11 [INFO]: [PB-S-36629] ⏭️  Skipped - no changes needed
2026-03-25 16:00:11 [INFO]: [PB-S-36865] ⏭️  Skipped - no changes needed
2026-03-25 16:00:11 [INFO]: [PB-R-36804] ⏭️  Skipped - no changes needed
2026-03-25 16:00:11 [INFO]: [PB-S-36886] ⏭️  Skipped - no changes needed
2026-03-25 16:00:11 [INFO]: [PB-S-36764] ⏭️  Skipped - no changes needed
2026-03-25 16:00:11 [INFO]: [PB-R-36753-1] 📍 Adding/Updating address_information: {
  "Longitude_Latitude": "25.11404, 55.20558"
}
2026-03-25 16:00:11 [INFO]: [PB-R-36753-1] ✏️  Queueing partial update
2026-03-25 16:00:11 [INFO]: [PB-S-36751] ⏭️  Skipped - no changes needed
2026-03-25 16:00:11 [INFO]: [PB-S-36736] ⏭️  Skipped - no changes needed
2026-03-25 16:00:11 [INFO]: [PB-S-36925] ⏭️  Skipped - no changes needed
2026-03-25 16:00:11 [INFO]: [PB-S-36733] ⏭️  Skipped - no changes needed
2026-03-25 16:00:11 [INFO]: [PB-S-36885] ⏭️  Skipped - no changes needed
2026-03-25 16:00:11 [INFO]: [PB-R-36802] 📍 Adding/Updating address_information: {
  "Longitude_Latitude": "25.03938, 55.23273"
}
2026-03-25 16:00:11 [INFO]: [PB-R-36802] ✏️  Queueing partial update
2026-03-25 16:00:11 [INFO]: [PB-S-36729] ⏭️  Skipped - no changes needed
2026-03-25 16:00:11 [INFO]: [PB-S-36924] ⏭️  Skipped - no changes needed
2026-03-25 16:00:11 [INFO]: [PB-S-36695] ⏭️  Skipped - no changes needed
2026-03-25 16:00:11 [INFO]: [PB-S-36678] ⏭️  Skipped - no changes needed
2026-03-25 16:00:11 [INFO]: [PB-S-36677] ⏭️  Skipped - no changes needed
2026-03-25 16:00:11 [INFO]: [PB-S-36544] ⏭️  Skipped - no changes needed
2026-03-25 16:00:11 [INFO]: [PB-S-36674] ⏭️  Skipped - no changes needed
2026-03-25 16:00:11 [INFO]: [PB-R-36604] 📍 Adding/Updating address_information: {
  "Longitude_Latitude": "25.11398, 55.20553"
}
2026-03-25 16:00:11 [INFO]: [PB-R-36604] ✏️  Queueing partial update
2026-03-25 16:00:11 [INFO]: [PB-R-36611] 📍 Adding/Updating address_information: {
  "Longitude_Latitude": "25.04110, 55.21052"
}
2026-03-25 16:00:11 [INFO]: [PB-R-36611] ✏️  Queueing partial update
2026-03-25 16:00:11 [INFO]: [PB-R-36613] ⏭️  Skipped - no changes needed
2026-03-25 16:00:11 [INFO]: [PB-S-36645] ⏭️  Skipped - no changes needed
2026-03-25 16:00:11 [INFO]: [PB-S-36631] ⏭️  Skipped - no changes needed
2026-03-25 16:00:11 [INFO]: [PB-S-36644] ⏭️  Skipped - no changes needed
2026-03-25 16:00:11 [INFO]: [PB-S-36500] 📍 Adding/Updating address_information: {
  "Longitude_Latitude": "25.10633, 55.24575"
}
2026-03-25 16:00:11 [INFO]: [PB-S-36500] ✏️  Queueing partial update
2026-03-25 16:00:11 [INFO]: [PB-S-36401] ⏭️  Skipped - no changes needed
2026-03-25 16:00:11 [INFO]: [PB-S-36402] ⏭️  Skipped - no changes needed
2026-03-25 16:00:11 [INFO]: [PB-S-36491] ⏭️  Skipped - no changes needed
2026-03-25 16:00:11 [INFO]: [PB-S-36487] ⏭️  Skipped - no changes needed
2026-03-25 16:00:11 [INFO]: [PB-S-36525] ⏭️  Skipped - no changes needed
2026-03-25 16:00:11 [INFO]: [PB-S-36522] 📍 Adding/Updating address_information: {
  "Longitude_Latitude": "25.02234, 55.22458"
}
2026-03-25 16:00:11 [INFO]: [PB-S-36522] ✏️  Queueing partial update
2026-03-25 16:00:11 [INFO]: [PB-S-36504] ⏭️  Skipped - no changes needed
2026-03-25 16:00:11 [INFO]: [PB-S-36482] ⏭️  Skipped - no changes needed
2026-03-25 16:00:11 [INFO]: [PB-S-36510] ⏭️  Skipped - no changes needed
2026-03-25 16:00:11 [INFO]: [PB-S-36480] ⏭️  Skipped - no changes needed
2026-03-25 16:00:11 [INFO]: [PB-S-36511] ⏭️  Skipped - no changes needed
2026-03-25 16:00:11 [INFO]: [PB-S-36485] ⏭️  Skipped - no changes needed
2026-03-25 16:00:11 [INFO]: [PB-S-36257] ⏭️  Skipped - no changes needed
2026-03-25 16:00:11 [INFO]: [PB-S-36406] 📍 Adding/Updating address_information: {
  "Longitude_Latitude": "25.05596, 55.28534"
}
2026-03-25 16:00:11 [INFO]: [PB-S-36406] ✏️  Queueing partial update
2026-03-25 16:00:11 [INFO]: [PB-S-36370] ⏭️  Skipped - no changes needed
2026-03-25 16:00:11 [INFO]: [PB-S-36308] ⏭️  Skipped - no changes needed
2026-03-25 16:00:11 [INFO]: [PB-S-36246] ⏭️  Skipped - no changes needed
2026-03-25 16:00:11 [INFO]: [PB-S-36309] ⏭️  Skipped - no changes needed
2026-03-25 16:00:11 [INFO]: [PB-S-36398] 📍 Adding/Updating address_information: {
  "Longitude_Latitude": "25.0247,55.20369"
}
2026-03-25 16:00:11 [INFO]: [PB-S-36398] ✏️  Queueing partial update
2026-03-25 16:00:11 [INFO]: [PB-S-36400] ⏭️  Skipped - no changes needed
2026-03-25 16:00:11 [INFO]: [PB-R-36338] 📍 Adding/Updating address_information: {
  "Longitude_Latitude": "25.030360,55.262112"
}
2026-03-25 16:00:11 [INFO]: [PB-R-36338] ✏️  Queueing partial update
2026-03-25 16:00:11 [INFO]: [PB-S-36364] ⏭️  Skipped - no changes needed
2026-03-25 16:00:11 [INFO]: [PB-S-36119] ⏭️  Skipped - no changes needed
2026-03-25 16:00:11 [INFO]: [PB-S-36088] ⏭️  Skipped - no changes needed
2026-03-25 16:00:11 [INFO]: [PB-S-36116] ⏭️  Skipped - no changes needed
2026-03-25 16:00:11 [INFO]: [PB-S-36112] ⏭️  Skipped - no changes needed
2026-03-25 16:00:11 [INFO]: [PB-S-36117] ⏭️  Skipped - no changes needed
2026-03-25 16:00:11 [INFO]: [PB-S-36121] ⏭️  Skipped - no changes needed
2026-03-25 16:00:11 [INFO]: [PB-S-36120] ⏭️  Skipped - no changes needed
2026-03-25 16:00:11 [INFO]: [PB-S-36111] ⏭️  Skipped - no changes needed
2026-03-25 16:00:11 [INFO]: [PB-S-36046] 📍 Adding/Updating address_information: {
  "Longitude_Latitude": "25.25739, 55.28483"
}
2026-03-25 16:00:11 [INFO]: [PB-S-36046] ✏️  Queueing partial update
2026-03-25 16:00:11 [INFO]: [PB-S-36081] ⏭️  Skipped - no changes needed
2026-03-25 16:00:11 [INFO]: [PB-S-36078] ⏭️  Skipped - no changes needed
2026-03-25 16:00:11 [INFO]: [PB-S-36066] ⏭️  Skipped - no changes needed
2026-03-25 16:00:11 [INFO]: [PB-S-36068] ⏭️  Skipped - no changes needed
2026-03-25 16:00:11 [INFO]: [PB-S-36034] ⏭️  Skipped - no changes needed
2026-03-25 16:00:11 [INFO]: [PB-S-36079] ⏭️  Skipped - no changes needed
2026-03-25 16:00:11 [INFO]: [PB-R-35972-1] 📍 Adding/Updating address_information: {
  "Longitude_Latitude": "25.01355,55.44808"
}
2026-03-25 16:00:11 [INFO]: [PB-R-35972-1] ✏️  Queueing partial update
2026-03-25 16:00:11 [INFO]: [PB-S-35998] ⏭️  Skipped - no changes needed
2026-03-25 16:00:11 [INFO]: [PB-S-36074] ⏭️  Skipped - no changes needed
2026-03-25 16:00:11 [INFO]: [PB-S-36083] ⏭️  Skipped - no changes needed
2026-03-25 16:00:11 [INFO]: [PB-S-36076] ⏭️  Skipped - no changes needed
2026-03-25 16:00:11 [INFO]: [PB-S-35279] ⏭️  Skipped - no changes needed
2026-03-25 16:00:11 [INFO]: [PB-S-34616] ⏭️  Skipped - no changes needed
2026-03-25 16:00:11 [INFO]: [PB-S-35162] ⏭️  Skipped - no changes needed
2026-03-25 16:00:11 [INFO]: [PB-S-34615] ⏭️  Skipped - no changes needed
2026-03-25 16:00:11 [INFO]: [PB-S-31316] ⏭️  Skipped - no changes needed
2026-03-25 16:00:11 [INFO]: [PB-S-30934] ⏭️  Skipped - no changes needed
2026-03-25 16:00:11 [INFO]: [PB-S-31107] ⏭️  Skipped - no changes needed
2026-03-25 16:00:11 [INFO]: [PB-S-30969] ⏭️  Skipped - no changes needed
2026-03-25 16:00:11 [INFO]: [PB-S-31024] ⏭️  Skipped - no changes needed
2026-03-25 16:00:11 [INFO]: [PB-R-28630] ⏭️  Skipped - no changes needed
2026-03-25 16:00:11 [INFO]: [PB-S-28625] ⏭️  Skipped - no changes needed
2026-03-25 16:00:11 [INFO]: [PB-S-22622] ⏭️  Skipped - no changes needed
2026-03-25 16:00:11 [INFO]: [PB-S-23525] ⏭️  Skipped - no changes needed
2026-03-25 16:00:11 [INFO]: [PB-S-22256] ⏭️  Skipped - no changes needed
2026-03-25 16:00:11 [INFO]: [PB-S-23664] ⏭️  Skipped - no changes needed
2026-03-25 16:00:11 [INFO]: [PB-S-22116] ⏭️  Skipped - no changes needed
2026-03-25 16:00:11 [INFO]: [PB-S-22152] ⏭️  Skipped - no changes needed
2026-03-25 16:00:11 [INFO]: [PB-S-21903-1] 📍 Adding/Updating address_information: {
  "Longitude_Latitude": "25.05804, 55.17530"
}
2026-03-25 16:00:11 [INFO]: [PB-S-21903-1] ✏️  Queueing partial update
2026-03-25 16:00:11 [INFO]: [PB-S-21901] ⏭️  Skipped - no changes needed
2026-03-25 16:00:11 [INFO]: [PB-S-18545] ⏭️  Skipped - no changes needed
2026-03-25 16:00:11 [INFO]: [PB-S-18537] ⏭️  Skipped - no changes needed
2026-03-25 16:00:11 [INFO]: [PB-S-18547] ⏭️  Skipped - no changes needed
2026-03-25 16:00:11 [INFO]: [PB-S-18617] ⏭️  Skipped - no changes needed
2026-03-25 16:00:11 [INFO]: [PB-S-18548] ⏭️  Skipped - no changes needed
2026-03-25 16:00:11 [INFO]: [PB-S-18550] ⏭️  Skipped - no changes needed
2026-03-25 16:00:11 [INFO]: [PB-S-22002] ⏭️  Skipped - no changes needed
2026-03-25 16:00:11 [INFO]: [PB-S-21999] ⏭️  Skipped - no changes needed
2026-03-25 16:00:11 [INFO]: [PB-S-21933] ⏭️  Skipped - no changes needed
2026-03-25 16:00:11 [INFO]: [PB-S-21913] ⏭️  Skipped - no changes needed
2026-03-25 16:00:11 [INFO]: [PB-S-21912] ⏭️  Skipped - no changes needed
2026-03-25 16:00:11 [INFO]: [PB-S-21904] ⏭️  Skipped - no changes needed
2026-03-25 16:00:11 [INFO]: [PB-S-18380] ⏭️  Skipped - no changes needed
2026-03-25 16:00:11 [INFO]: [PB-S-18379] ⏭️  Skipped - no changes needed
2026-03-25 16:00:11 [INFO]: [PB-S-18378] ⏭️  Skipped - no changes needed
2026-03-25 16:00:11 [INFO]: [PB-S-18383] ⏭️  Skipped - no changes needed
2026-03-25 16:00:11 [INFO]: [PB-S-18374] ⏭️  Skipped - no changes needed
2026-03-25 16:00:11 [INFO]: [PB-S-18315] ⏭️  Skipped - no changes needed
2026-03-25 16:00:11 [INFO]: [PB-S-18385] ⏭️  Skipped - no changes needed
2026-03-25 16:00:11 [INFO]: [PB-S-18382] ⏭️  Skipped - no changes needed
2026-03-25 16:00:11 [INFO]: [PB-S-18513] ⏭️  Skipped - no changes needed
2026-03-25 16:00:11 [INFO]: [PB-S-18505] ⏭️  Skipped - no changes needed
2026-03-25 16:00:11 [INFO]: [PB-S-18493] ⏭️  Skipped - no changes needed
2026-03-25 16:00:11 [INFO]: [PB-S-18482] ⏭️  Skipped - no changes needed
2026-03-25 16:00:11 [INFO]: [PB-S-18479] ⏭️  Skipped - no changes needed
2026-03-25 16:00:11 [INFO]: [PB-S-18381] ⏭️  Skipped - no changes needed
2026-03-25 16:00:11 [INFO]: [PB-S-18437] ⏭️  Skipped - no changes needed
2026-03-25 16:00:11 [INFO]: [PB-S-18435] ⏭️  Skipped - no changes needed
2026-03-25 16:00:11 [INFO]: [PB-S-18429] ⏭️  Skipped - no changes needed
2026-03-25 16:00:11 [INFO]: [PB-S-18411] ⏭️  Skipped - no changes needed
2026-03-25 16:00:11 [INFO]: [PB-S-18390] ⏭️  Skipped - no changes needed
2026-03-25 16:00:11 [INFO]: [PB-S-16151] ⏭️  Skipped - no changes needed
2026-03-25 16:00:11 [INFO]: [PB-S-16812] ⏭️  Skipped - no changes needed
2026-03-25 16:00:11 [INFO]: [PB-S-16048] ⏭️  Skipped - no changes needed
2026-03-25 16:00:11 [INFO]: [PB-S-16050] ⏭️  Skipped - no changes needed
2026-03-25 16:00:11 [INFO]: [PB-S-16182] ⏭️  Skipped - no changes needed
2026-03-25 16:00:11 [INFO]: [PB-S-16814] ⏭️  Skipped - no changes needed
2026-03-25 16:00:11 [INFO]: [PB-S-16787] ⏭️  Skipped - no changes needed
2026-03-25 16:00:11 [INFO]: [PB-S-17284] ⏭️  Skipped - no changes needed
2026-03-25 16:00:11 [INFO]: [PB-S-16888] ⏭️  Skipped - no changes needed
2026-03-25 16:00:11 [INFO]: [PB-S-17543] ⏭️  Skipped - no changes needed
2026-03-25 16:00:11 [INFO]: [PB-S-16862] ⏭️  Skipped - no changes needed
2026-03-25 16:00:11 [INFO]: [PB-S-16202] ⏭️  Skipped - no changes needed
2026-03-25 16:00:11 [INFO]: [PB-S-16259] ⏭️  Skipped - no changes needed
2026-03-25 16:00:11 [INFO]: [PB-S-15231] ⏭️  Skipped - no changes needed
2026-03-25 16:00:11 [INFO]: [PB-S-16016] ⏭️  Skipped - no changes needed
2026-03-25 16:00:11 [INFO]: [PB-S-14284] ⏭️  Skipped - no changes needed
2026-03-25 16:00:11 [INFO]: [PB-S-15079] ⏭️  Skipped - no changes needed
2026-03-25 16:00:11 [INFO]: [PB-S-14411] ⏭️  Skipped - no changes needed
2026-03-25 16:00:11 [INFO]: [PB-S-14410] ⏭️  Skipped - no changes needed
2026-03-25 16:00:11 [INFO]: [PB-S-14400-2] 📍 Adding/Updating address_information: {
  "Longitude_Latitude": "25.17989, 55.25239"
}
2026-03-25 16:00:11 [INFO]: [PB-S-14400-2] ✏️  Queueing partial update
2026-03-25 16:00:11 [INFO]: [PB-S-14345] ⏭️  Skipped - no changes needed
2026-03-25 16:00:11 [INFO]: [PB-S-14328] ⏭️  Skipped - no changes needed
2026-03-25 16:00:11 [INFO]: [PB-S-14253] ⏭️  Skipped - no changes needed
2026-03-25 16:00:11 [INFO]: [PB-S-14239] ⏭️  Skipped - no changes needed
2026-03-25 16:00:11 [INFO]: [PB-S-14142] ⏭️  Skipped - no changes needed
2026-03-25 16:00:11 [INFO]: [PB-S-14140] ⏭️  Skipped - no changes needed
2026-03-25 16:00:11 [INFO]: [PB-S-13784] ⏭️  Skipped - no changes needed
2026-03-25 16:00:11 [INFO]: [PB-S-14107] ⏭️  Skipped - no changes needed
2026-03-25 16:00:11 [INFO]: [PB-S-13888] ⏭️  Skipped - no changes needed
2026-03-25 16:00:11 [INFO]: [PB-S-13681] ⏭️  Skipped - no changes needed
2026-03-25 16:00:11 [INFO]: [PB-S-13858] ⏭️  Skipped - no changes needed
2026-03-25 16:00:11 [INFO]: [PB-S-13808] ⏭️  Skipped - no changes needed
2026-03-25 16:00:11 [INFO]: [PB-S-13785] ⏭️  Skipped - no changes needed
2026-03-25 16:00:11 [INFO]: [PB-S-13646-1] ⏭️  Skipped - no changes needed
2026-03-25 16:00:11 [INFO]: [PB-S-13392] ⏭️  Skipped - no changes needed
2026-03-25 16:00:11 [INFO]: [PB-S-13570] ⏭️  Skipped - no changes needed
2026-03-25 16:00:11 [INFO]: [PB-S-13582] ⏭️  Skipped - no changes needed
2026-03-25 16:00:11 [INFO]: [PB-S-13585-6] ⏭️  Skipped - no changes needed
2026-03-25 16:00:11 [INFO]: [PB-S-13567] ⏭️  Skipped - no changes needed
2026-03-25 16:00:11 [INFO]: [PB-S-13572] ⏭️  Skipped - no changes needed
2026-03-25 16:00:11 [INFO]: [PB-S-13612] ⏭️  Skipped - no changes needed
2026-03-25 16:00:11 [INFO]: [PB-S-13645] ⏭️  Skipped - no changes needed
2026-03-25 16:00:11 [INFO]: [PB-S-12821] ⏭️  Skipped - no changes needed
2026-03-25 16:00:11 [INFO]: [PB-S-12992] ⏭️  Skipped - no changes needed
2026-03-25 16:00:11 [INFO]: [PB-S-12186] ⏭️  Skipped - no changes needed
2026-03-25 16:00:11 [INFO]: [PB-S-8665] ⏭️  Skipped - no changes needed
2026-03-25 16:00:11 [INFO]: [PB-S-10976] ⏭️  Skipped - no changes needed
2026-03-25 16:00:11 [INFO]: [PB-S-11654] ⏭️  Skipped - no changes needed
2026-03-25 16:00:11 [INFO]: [PB-S-11701] ⏭️  Skipped - no changes needed
2026-03-25 16:00:11 [INFO]: [PB-S-10586] ⏭️  Skipped - no changes needed
2026-03-25 16:00:11 [INFO]: [PB-S-11209-1] ⏭️  Skipped - no changes needed
2026-03-25 16:00:11 [INFO]: [PB-S-11131] 📍 Adding/Updating address_information: {
  "Longitude_Latitude": "55.1557948, 25.0591293"
}
2026-03-25 16:00:11 [INFO]: [PB-S-11131] ✏️  Queueing partial update
2026-03-25 16:00:11 [INFO]: [PB-S-7524] ⏭️  Skipped - no changes needed
2026-03-25 16:00:11 [INFO]: [PB-S-8126] ⏭️  Skipped - no changes needed
2026-03-25 16:00:11 [INFO]: [PB-S-2922] ⏭️  Skipped - no changes needed
2026-03-25 16:00:11 [INFO]: [PB-S-5008] 📍 Adding/Updating address_information: {
  "Longitude_Latitude": "55.17261, 25.05068"
}
2026-03-25 16:00:11 [INFO]: [PB-S-5008] ✏️  Queueing partial update
2026-03-25 16:00:11 [INFO]: [PB-S-2923] ⏭️  Skipped - no changes needed
2026-03-25 16:00:11 [INFO]: [PB-S-1016-1] 📍 Adding/Updating address_information: {
  "Longitude_Latitude": "55.1484, 25.10872"
}
2026-03-25 16:00:11 [INFO]: [PB-S-1016-1] ✏️  Queueing partial update
2026-03-25 16:00:11 [INFO]: [PB-S-10646] ⏭️  Skipped - no changes needed
2026-03-25 16:00:11 [INFO]: [PB-S-13880] ⏭️  Skipped - no changes needed
2026-03-25 16:00:11 [INFO]: [PB-S-14146-5] 📍 Adding/Updating address_information: {
  "Longitude_Latitude": "25.08751,55.14480"
}
2026-03-25 16:00:11 [INFO]: [PB-S-14146-5] ✏️  Queueing partial update
2026-03-25 16:00:11 [INFO]: [PB-S-2692] 📍 Adding/Updating address_information: {
  "Longitude_Latitude": "55.13466, 25.11724"
}
2026-03-25 16:00:11 [INFO]: [PB-S-2692] ✏️  Queueing partial update
2026-03-25 16:00:11 [INFO]: [PB-S-36129] ⏭️  Skipped - no changes needed
2026-03-25 16:00:11 [INFO]: [PB-S-36008] ⏭️  Skipped - no changes needed
2026-03-25 16:00:11 [INFO]: [PB-S-28645] ⏭️  Skipped - no changes needed
2026-03-25 16:00:11 [INFO]: [PB-S-9945] ⏭️  Skipped - no changes needed
2026-03-25 16:00:11 [INFO]: [PB-S-12040-6] 📍 Adding/Updating address_information: {
  "Longitude_Latitude": "25.00225,55.16496"
}
2026-03-25 16:00:11 [INFO]: [PB-S-12040-6] ✏️  Queueing partial update
2026-03-25 16:00:11 [INFO]: [PB-S-8380] ⏭️  Skipped - no changes needed
2026-03-25 16:00:11 [INFO]: [PB-S-14182] ⏭️  Skipped - no changes needed
2026-03-25 16:00:11 [INFO]: [PB-S-14297] ⏭️  Skipped - no changes needed
2026-03-25 16:00:11 [INFO]: [PB-S-14296] ⏭️  Skipped - no changes needed
2026-03-25 16:00:11 [INFO]: [PB-S-14081-4] 📍 Adding/Updating address_information: {
  "Longitude_Latitude": "25.13457, 55.19164"
}
2026-03-25 16:00:11 [INFO]: [PB-S-14081-4] ✏️  Queueing partial update
2026-03-25 16:00:11 [INFO]: [PB-S-14075] ⏭️  Skipped - no changes needed
2026-03-25 16:00:11 [INFO]: [PB-S-14074] ⏭️  Skipped - no changes needed
2026-03-25 16:00:11 [INFO]: [PB-S-14072] ⏭️  Skipped - no changes needed
2026-03-25 16:00:11 [INFO]: [PB-S-14060] ⏭️  Skipped - no changes needed
2026-03-25 16:00:11 [INFO]: [PB-S-14047] ⏭️  Skipped - no changes needed
2026-03-25 16:00:11 [INFO]: [PB-S-14045] ⏭️  Skipped - no changes needed
2026-03-25 16:00:11 [INFO]: [PB-S-14043] ⏭️  Skipped - no changes needed
2026-03-25 16:00:11 [INFO]: [PB-S-14046] ⏭️  Skipped - no changes needed
2026-03-25 16:00:11 [INFO]: [PB-S-14044] ⏭️  Skipped - no changes needed
2026-03-25 16:00:11 [INFO]: [PB-S-14033] ⏭️  Skipped - no changes needed
2026-03-25 16:00:11 [INFO]: [PB-S-14027] ⏭️  Skipped - no changes needed
2026-03-25 16:00:11 [INFO]: [PB-S-14026] ⏭️  Skipped - no changes needed
2026-03-25 16:00:11 [INFO]: [PB-S-14023] ⏭️  Skipped - no changes needed
2026-03-25 16:00:11 [INFO]: [PB-S-14022] ⏭️  Skipped - no changes needed
2026-03-25 16:00:11 [INFO]: [PB-S-14021] ⏭️  Skipped - no changes needed
2026-03-25 16:00:11 [INFO]: [PB-S-13991] ⏭️  Skipped - no changes needed
2026-03-25 16:00:11 [INFO]: [PB-S-12276] ⏭️  Skipped - no changes needed
2026-03-25 16:00:11 [INFO]: [PB-S-11826] ⏭️  Skipped - no changes needed
2026-03-25 16:00:11 [INFO]: [PB-S-34644] ⏭️  Skipped - no changes needed
2026-03-25 16:00:11 [INFO]: [PB-S-12849] ⏭️  Skipped - no changes needed
2026-03-25 16:00:11 [INFO]: [PB-S-11750] ⏭️  Skipped - no changes needed
2026-03-25 16:00:11 [INFO]: [PB-S-13533] ⏭️  Skipped - no changes needed
2026-03-25 16:00:11 [INFO]: [PB-S-13544] ⏭️  Skipped - no changes needed
2026-03-25 16:00:11 [INFO]: [PB-S-13545] ⏭️  Skipped - no changes needed
2026-03-25 16:00:11 [INFO]: [PB-S-13546] ⏭️  Skipped - no changes needed
2026-03-25 16:00:11 [INFO]: [PB-S-13838] ⏭️  Skipped - no changes needed
2026-03-25 16:00:11 [INFO]: [PB-S-13897-2] ⏭️  Skipped - no changes needed
2026-03-25 16:00:11 [INFO]: [PB-S-2432] ⏭️  Skipped - no changes needed
2026-03-25 16:00:11 [INFO]: [PB-S-13584] ⏭️  Skipped - no changes needed
2026-03-25 16:00:11 [INFO]: [PB-S-13661] ⏭️  Skipped - no changes needed
2026-03-25 16:00:11 [INFO]: [PB-S-13918] ⏭️  Skipped - no changes needed
2026-03-25 16:00:11 [INFO]: [PB-S-15214] ⏭️  Skipped - no changes needed
2026-03-25 16:00:11 [INFO]: [PB-R-36029] 📍 Adding/Updating address_information: {
  "Longitude_Latitude": "25,06078,55.17854"
}
2026-03-25 16:00:11 [INFO]: [PB-R-36029] ✏️  Queueing partial update
2026-03-25 16:00:11 [INFO]: [PB-S-13571] ⏭️  Skipped - no changes needed
2026-03-25 16:00:11 [INFO]: [PB-S-13574] ⏭️  Skipped - no changes needed
2026-03-25 16:00:11 [INFO]: [PB-S-14204] ⏭️  Skipped - no changes needed
2026-03-25 16:00:11 [INFO]: [PB-S-12653] ⏭️  Skipped - no changes needed
2026-03-25 16:00:11 [INFO]: [PB-S-8566] ⏭️  Skipped - no changes needed
2026-03-25 16:00:11 [INFO]: [PB-R-36391] ⏭️  Skipped - no changes needed
2026-03-25 16:00:11 [INFO]: [PB-S-36395] ⏭️  Skipped - no changes needed
2026-03-25 16:00:11 [INFO]: [PB-R-33910] ⏭️  Skipped - no changes needed
2026-03-25 16:00:11 [INFO]: [PB-S-33920] ⏭️  Skipped - no changes needed
2026-03-25 16:00:11 [INFO]: [PB-S-15196] ⏭️  Skipped - no changes needed
2026-03-25 16:00:11 [INFO]: [PB-S-14401-11] ⏭️  Skipped - no changes needed
2026-03-25 16:00:11 [INFO]: [PB-S-30903] ⏭️  Skipped - no changes needed
2026-03-25 16:00:11 [INFO]: [PB-S-36342] ⏭️  Skipped - no changes needed
2026-03-25 16:00:11 [INFO]: [PB-S-36090] ⏭️  Skipped - no changes needed
2026-03-25 16:00:11 [INFO]: [PB-S-36351] ⏭️  Skipped - no changes needed
2026-03-25 16:00:11 [INFO]: [PB-S-36325] ⏭️  Skipped - no changes needed
2026-03-25 16:00:11 [INFO]: [PB-R-34648] ⏭️  Skipped - no changes needed
2026-03-25 16:00:11 [INFO]: [PB-S-16046] ⏭️  Skipped - no changes needed
2026-03-25 16:00:11 [INFO]: [PB-R-16080] ⏭️  Skipped - no changes needed
2026-03-25 16:00:11 [INFO]: [PB-S-14991] ⏭️  Skipped - no changes needed
2026-03-25 16:00:11 [INFO]: [PB-S-15882] ⏭️  Skipped - no changes needed
2026-03-25 16:00:11 [INFO]: [PB-S-15413-1] ⏭️  Skipped - no changes needed
2026-03-25 16:00:11 [INFO]: [PB-S-15218] ⏭️  Skipped - no changes needed
2026-03-25 16:00:11 [INFO]: [PB-S-15129] ⏭️  Skipped - no changes needed
2026-03-25 16:00:11 [INFO]: [PB-S-16044-1] 📍 Adding/Updating address_information: {
  "Longitude_Latitude": "25.10023,55.14116"
}
2026-03-25 16:00:11 [INFO]: [PB-S-16044-1] ✏️  Queueing partial update
2026-03-25 16:00:11 [INFO]: [PB-S-14305] ⏭️  Skipped - no changes needed
2026-03-25 16:00:11 [INFO]: [PB-S-16056] ⏭️  Skipped - no changes needed
2026-03-25 16:00:11 [INFO]: [PB-S-14223] ⏭️  Skipped - no changes needed
2026-03-25 16:00:11 [INFO]: [PB-S-14219] ⏭️  Skipped - no changes needed
2026-03-25 16:00:11 [INFO]: [PB-S-14212] ⏭️  Skipped - no changes needed
2026-03-25 16:00:11 [INFO]: [PB-S-13744] ⏭️  Skipped - no changes needed
2026-03-25 16:00:11 [INFO]: [PB-S-13732] ⏭️  Skipped - no changes needed
2026-03-25 16:00:11 [INFO]: [PB-S-14132] ⏭️  Skipped - no changes needed
2026-03-25 16:00:11 [INFO]: [PB-S-13691] ⏭️  Skipped - no changes needed
2026-03-25 16:00:11 [INFO]: [PB-S-13922] ⏭️  Skipped - no changes needed
2026-03-25 16:00:11 [INFO]: [PB-S-36285] ⏭️  Skipped - no changes needed
2026-03-25 16:00:11 [INFO]: [PB-S-35958] ⏭️  Skipped - no changes needed
2026-03-25 16:00:11 [INFO]: [PB-S-11345] ⏭️  Skipped - no changes needed
2026-03-25 16:00:11 [INFO]: [PB-S-36266] ⏭️  Skipped - no changes needed
2026-03-25 16:00:11 [INFO]: [PB-S-36252] ⏭️  Skipped - no changes needed
2026-03-25 16:00:11 [INFO]: [PB-S-13867] ⏭️  Skipped - no changes needed
2026-03-25 16:00:11 [INFO]: [PB-S-12814] ⏭️  Skipped - no changes needed
2026-03-25 16:00:11 [INFO]: [PB-S-36134] ⏭️  Skipped - no changes needed
2026-03-25 16:00:11 [INFO]: [PB-S-36127] ⏭️  Skipped - no changes needed
2026-03-25 16:00:11 [INFO]: [PB-S-36099] 📍 Adding/Updating address_information: {
  "Longitude_Latitude": "25.08177, 55.14079"
}
2026-03-25 16:00:11 [INFO]: [PB-S-36099] ✏️  Queueing partial update
2026-03-25 16:00:11 [INFO]: [PB-S-36058] ⏭️  Skipped - no changes needed
2026-03-25 16:00:11 [INFO]: [PB-S-34599] ⏭️  Skipped - no changes needed
2026-03-25 16:00:11 [INFO]: [PB-S-34575] ⏭️  Skipped - no changes needed
2026-03-25 16:00:11 [INFO]: [PB-S-36037] ⏭️  Skipped - no changes needed
2026-03-25 16:00:11 [INFO]: [PB-S-36006] ⏭️  Skipped - no changes needed
2026-03-25 16:00:11 [INFO]: [PB-S-14392] ⏭️  Skipped - no changes needed
2026-03-25 16:00:11 [INFO]: [PB-S-36087] ⏭️  Skipped - no changes needed
2026-03-25 16:00:11 [INFO]: [PB-S-21943] ⏭️  Skipped - no changes needed
2026-03-25 16:00:11 [INFO]: [PB-S-9684] ⏭️  Skipped - no changes needed
2026-03-25 16:00:11 [INFO]: [PB-S-11424] ⏭️  Skipped - no changes needed
2026-03-25 16:00:11 [INFO]: [PB-S-12772] ⏭️  Skipped - no changes needed
2026-03-25 16:00:11 [INFO]: [PB-S-12712] ⏭️  Skipped - no changes needed
2026-03-25 16:00:11 [INFO]: [PB-S-8808] ⏭️  Skipped - no changes needed
2026-03-25 16:00:11 [INFO]: [PB-S-12046-4] ⏭️  Skipped - no changes needed
2026-03-25 16:00:11 [INFO]: [PB-S-5139] 📍 Adding/Updating address_information: {
  "Longitude_Latitude": "55.17034, 25.05415"
}
2026-03-25 16:00:11 [INFO]: [PB-S-5139] ✏️  Queueing partial update
2026-03-25 16:00:11 [INFO]: [PB-S-16055] ⏭️  Skipped - no changes needed
2026-03-25 16:00:11 [INFO]: [PB-S-35981] ⏭️  Skipped - no changes needed
2026-03-25 16:00:11 [INFO]: [PB-S-34645] ⏭️  Skipped - no changes needed
2026-03-25 16:00:11 [INFO]: [PB-S-35982] ⏭️  Skipped - no changes needed
2026-03-25 16:00:11 [INFO]: [PB-R-34633] ⏭️  Skipped - no changes needed
2026-03-25 16:00:11 [INFO]: [PB-S-34634] ⏭️  Skipped - no changes needed
2026-03-25 16:00:11 [INFO]: [PB-S-34630] 📍 Adding/Updating address_information: {
  "Longitude_Latitude": "55.17034, 25.05415"
}
2026-03-25 16:00:11 [INFO]: [PB-S-34630] ✏️  Queueing partial update
2026-03-25 16:00:11 [INFO]: [PB-S-33916] ⏭️  Skipped - no changes needed
2026-03-25 16:00:11 [INFO]: [PB-S-33915] ⏭️  Skipped - no changes needed
2026-03-25 16:00:11 [INFO]: [PB-S-33914] ⏭️  Skipped - no changes needed
2026-03-25 16:00:11 [INFO]: [PB-S-33913] ⏭️  Skipped - no changes needed
2026-03-25 16:00:11 [INFO]: [PB-R-32360] ⏭️  Skipped - no changes needed
2026-03-25 16:00:11 [INFO]: [PB-S-30693] ⏭️  Skipped - no changes needed
2026-03-25 16:00:11 [INFO]: [PB-R-28641] ⏭️  Skipped - no changes needed
2026-03-25 16:00:11 [INFO]: [PB-S-28639] ⏭️  Skipped - no changes needed
2026-03-25 16:00:11 [INFO]: [PB-S-28631] ⏭️  Skipped - no changes needed
2026-03-25 16:00:11 [INFO]: [PB-R-28628] ⏭️  Skipped - no changes needed
2026-03-25 16:00:11 [INFO]: [PB-R-28627] ⏭️  Skipped - no changes needed
2026-03-25 16:00:11 [INFO]: [PB-R-28626] ⏭️  Skipped - no changes needed
2026-03-25 16:00:11 [INFO]: [PB-S-21992] ⏭️  Skipped - no changes needed
2026-03-25 16:00:11 [INFO]: [PB-S-18487] ⏭️  Skipped - no changes needed
2026-03-25 16:00:11 [INFO]: [PB-S-18546] ⏭️  Skipped - no changes needed
2026-03-25 16:00:11 [INFO]: [PB-S-18519] ⏭️  Skipped - no changes needed
2026-03-25 16:00:11 [INFO]: [PB-S-18486] ⏭️  Skipped - no changes needed
2026-03-25 16:00:11 [INFO]: [PB-S-18335] ⏭️  Skipped - no changes needed
2026-03-25 16:00:11 [INFO]: [PB-S-18474] ⏭️  Skipped - no changes needed
2026-03-25 16:00:11 [INFO]: [PB-S-18387] ⏭️  Skipped - no changes needed
2026-03-25 16:00:11 [INFO]: [PB-S-18386] ⏭️  Skipped - no changes needed
2026-03-25 16:00:11 [INFO]: [PB-S-15991] ⏭️  Skipped - no changes needed
2026-03-25 16:00:11 [INFO]: [PB-S-18481] ⏭️  Skipped - no changes needed
2026-03-25 16:00:11 [INFO]: [PB-S-16522] ⏭️  Skipped - no changes needed
2026-03-25 16:00:11 [INFO]: [PB-S-16042] ⏭️  Skipped - no changes needed
2026-03-25 16:00:11 [INFO]: [PB-S-18195-1] ⏭️  Skipped - no changes needed
2026-03-25 16:00:11 [INFO]: [PB-S-15990] ⏭️  Skipped - no changes needed
2026-03-25 16:00:11 [INFO]: [PB-S-15993] ⏭️  Skipped - no changes needed
2026-03-25 16:00:11 [INFO]: [PB-S-15995] ⏭️  Skipped - no changes needed
2026-03-25 16:00:11 [INFO]: [PB-S-15996] ⏭️  Skipped - no changes needed
2026-03-25 16:00:11 [INFO]: [PB-S-15997] ⏭️  Skipped - no changes needed
2026-03-25 16:00:11 [INFO]: [PB-S-18376] ⏭️  Skipped - no changes needed
2026-03-25 16:00:11 [INFO]: [PB-S-16010] ⏭️  Skipped - no changes needed
2026-03-25 16:00:11 [INFO]: [PB-S-18370] ⏭️  Skipped - no changes needed
2026-03-25 16:00:11 [INFO]: [PB-S-18332] ⏭️  Skipped - no changes needed
2026-03-25 16:00:11 [INFO]: [PB-S-18342] ⏭️  Skipped - no changes needed
2026-03-25 16:00:11 [INFO]: [PB-S-15989] ⏭️  Skipped - no changes needed
2026-03-25 16:00:11 [INFO]: [PB-R-16072] ⏭️  Skipped - no changes needed
2026-03-25 16:00:11 [INFO]: [PB-S-18334] ⏭️  Skipped - no changes needed
2026-03-25 16:00:11 [INFO]: [PB-S-16015] ⏭️  Skipped - no changes needed
2026-03-25 16:00:11 [INFO]: [PB-S-18336] ⏭️  Skipped - no changes needed
2026-03-25 16:00:11 [INFO]: [PB-S-16000] ⏭️  Skipped - no changes needed
2026-03-25 16:00:11 [INFO]: [PB-S-16001] ⏭️  Skipped - no changes needed
2026-03-25 16:00:11 [INFO]: [PB-S-16003] ⏭️  Skipped - no changes needed
2026-03-25 16:00:11 [INFO]: [PB-S-16006] ⏭️  Skipped - no changes needed
2026-03-25 16:00:11 [INFO]: [PB-S-16007] ⏭️  Skipped - no changes needed
2026-03-25 16:00:11 [INFO]: [PB-S-16014] ⏭️  Skipped - no changes needed
2026-03-25 16:00:11 [INFO]: [PB-S-16011] ⏭️  Skipped - no changes needed
2026-03-25 16:00:11 [INFO]: [PB-S-16008] ⏭️  Skipped - no changes needed
2026-03-25 16:00:11 [INFO]: [PB-S-15999] ⏭️  Skipped - no changes needed
2026-03-25 16:00:11 [INFO]: [PB-S-18425] ⏭️  Skipped - no changes needed
2026-03-25 16:00:11 [INFO]: [PB-S-15992] ⏭️  Skipped - no changes needed
2026-03-25 16:00:11 [INFO]: [PB-S-18424] ⏭️  Skipped - no changes needed
2026-03-25 16:00:11 [INFO]: [PB-S-18441] ⏭️  Skipped - no changes needed
2026-03-25 16:00:11 [INFO]: [PB-S-18442] ⏭️  Skipped - no changes needed
2026-03-25 16:00:11 [INFO]: [PB-S-15956] ⏭️  Skipped - no changes needed
2026-03-25 16:00:11 [INFO]: [PB-S-15988] ⏭️  Skipped - no changes needed
2026-03-25 16:00:11 [INFO]: [PB-S-15987] ⏭️  Skipped - no changes needed
2026-03-25 16:00:11 [INFO]: [PB-S-15986] ⏭️  Skipped - no changes needed
2026-03-25 16:00:11 [INFO]: [PB-S-15985] ⏭️  Skipped - no changes needed
2026-03-25 16:00:11 [INFO]: [PB-S-15984] ⏭️  Skipped - no changes needed
2026-03-25 16:00:11 [INFO]: [PB-S-15982] ⏭️  Skipped - no changes needed
2026-03-25 16:00:11 [INFO]: [PB-S-15980] ⏭️  Skipped - no changes needed
2026-03-25 16:00:11 [INFO]: [PB-S-15979] ⏭️  Skipped - no changes needed
2026-03-25 16:00:11 [INFO]: [PB-S-15978] ⏭️  Skipped - no changes needed
2026-03-25 16:00:11 [INFO]: [PB-S-16013] ⏭️  Skipped - no changes needed
2026-03-25 16:00:11 [INFO]: [PB-S-15977] ⏭️  Skipped - no changes needed
2026-03-25 16:00:11 [INFO]: [PB-S-15975] ⏭️  Skipped - no changes needed
2026-03-25 16:00:11 [INFO]: [PB-S-15974] ⏭️  Skipped - no changes needed
2026-03-25 16:00:11 [INFO]: [PB-S-15971] ⏭️  Skipped - no changes needed
2026-03-25 16:00:11 [INFO]: [PB-S-15970] ⏭️  Skipped - no changes needed
2026-03-25 16:00:11 [INFO]: [PB-S-15969] ⏭️  Skipped - no changes needed
2026-03-25 16:00:11 [INFO]: [PB-S-16004] ⏭️  Skipped - no changes needed
2026-03-25 16:00:11 [INFO]: [PB-S-15968] ⏭️  Skipped - no changes needed
2026-03-25 16:00:11 [INFO]: [PB-S-15967] ⏭️  Skipped - no changes needed
2026-03-25 16:00:11 [INFO]: [PB-S-15966] ⏭️  Skipped - no changes needed
2026-03-25 16:00:11 [INFO]: [PB-S-15965] ⏭️  Skipped - no changes needed
2026-03-25 16:00:11 [INFO]: [PB-S-15963] ⏭️  Skipped - no changes needed
2026-03-25 16:00:11 [INFO]: [PB-S-15962] ⏭️  Skipped - no changes needed
2026-03-25 16:00:11 [INFO]: [PB-S-15960] ⏭️  Skipped - no changes needed
2026-03-25 16:00:11 [INFO]: [PB-S-15959] ⏭️  Skipped - no changes needed
2026-03-25 16:00:11 [INFO]: [PB-S-15958] ⏭️  Skipped - no changes needed
2026-03-25 16:00:11 [INFO]: [PB-S-15994] ⏭️  Skipped - no changes needed
2026-03-25 16:00:11 [INFO]: [PB-S-15957] ⏭️  Skipped - no changes needed
2026-03-25 16:00:11 [INFO]: [PB-S-15954] ⏭️  Skipped - no changes needed
2026-03-25 16:00:11 [INFO]: [PB-S-15951] ⏭️  Skipped - no changes needed
2026-03-25 16:00:11 [INFO]: [PB-S-15981] ⏭️  Skipped - no changes needed
2026-03-25 16:00:11 [INFO]: [PB-S-15949] ⏭️  Skipped - no changes needed
2026-03-25 16:00:11 [INFO]: [PB-S-15948] ⏭️  Skipped - no changes needed
2026-03-25 16:00:11 [INFO]: [PB-S-15947] ⏭️  Skipped - no changes needed
2026-03-25 16:00:11 [INFO]: [PB-S-15946] ⏭️  Skipped - no changes needed
2026-03-25 16:00:11 [INFO]: [PB-S-15945] ⏭️  Skipped - no changes needed
2026-03-25 16:00:11 [INFO]: [PB-S-15944] ⏭️  Skipped - no changes needed
2026-03-25 16:00:11 [INFO]: [PB-S-15942] ⏭️  Skipped - no changes needed
2026-03-25 16:00:11 [INFO]: [PB-S-15976] ⏭️  Skipped - no changes needed
2026-03-25 16:00:11 [INFO]: [PB-S-15941] ⏭️  Skipped - no changes needed
2026-03-25 16:00:11 [INFO]: [PB-S-15940] ⏭️  Skipped - no changes needed
2026-03-25 16:00:11 [INFO]: [PB-S-15973] ⏭️  Skipped - no changes needed
2026-03-25 16:00:11 [INFO]: [PB-S-15939] ⏭️  Skipped - no changes needed
2026-03-25 16:00:11 [INFO]: [PB-S-15938] ⏭️  Skipped - no changes needed
2026-03-25 16:00:11 [INFO]: [PB-S-15936] ⏭️  Skipped - no changes needed
2026-03-25 16:00:11 [INFO]: [PB-S-15935] ⏭️  Skipped - no changes needed
2026-03-25 16:00:11 [INFO]: [PB-S-15934] ⏭️  Skipped - no changes needed
2026-03-25 16:00:11 [INFO]: [PB-S-15932] ⏭️  Skipped - no changes needed
2026-03-25 16:00:11 [INFO]: [PB-S-15931] ⏭️  Skipped - no changes needed
2026-03-25 16:00:11 [INFO]: [PB-S-15930] ⏭️  Skipped - no changes needed
2026-03-25 16:00:11 [INFO]: [PB-S-15929] ⏭️  Skipped - no changes needed
2026-03-25 16:00:11 [INFO]: [PB-S-15928] ⏭️  Skipped - no changes needed
2026-03-25 16:00:11 [INFO]: [PB-S-15927] ⏭️  Skipped - no changes needed
2026-03-25 16:00:11 [INFO]: [PB-S-15925] ⏭️  Skipped - no changes needed
2026-03-25 16:00:11 [INFO]: [PB-S-16002] ⏭️  Skipped - no changes needed
2026-03-25 16:00:11 [INFO]: [PB-S-15924] ⏭️  Skipped - no changes needed
2026-03-25 16:00:11 [INFO]: [PB-S-15923] ⏭️  Skipped - no changes needed
2026-03-25 16:00:11 [INFO]: [PB-S-15922] ⏭️  Skipped - no changes needed
2026-03-25 16:00:11 [INFO]: [PB-S-15921] ⏭️  Skipped - no changes needed
2026-03-25 16:00:11 [INFO]: [PB-S-15964] ⏭️  Skipped - no changes needed
2026-03-25 16:00:11 [INFO]: [PB-S-15920] ⏭️  Skipped - no changes needed
2026-03-25 16:00:11 [INFO]: [PB-S-15919] ⏭️  Skipped - no changes needed
2026-03-25 16:00:11 [INFO]: [PB-S-15961] ⏭️  Skipped - no changes needed
2026-03-25 16:00:11 [INFO]: [PB-S-15918] ⏭️  Skipped - no changes needed
2026-03-25 16:00:11 [INFO]: [PB-S-15916] ⏭️  Skipped - no changes needed
2026-03-25 16:00:11 [INFO]: [PB-S-15913] ⏭️  Skipped - no changes needed
2026-03-25 16:00:11 [INFO]: [PB-S-15912] ⏭️  Skipped - no changes needed
2026-03-25 16:00:11 [INFO]: [PB-S-15911] ⏭️  Skipped - no changes needed
2026-03-25 16:00:11 [INFO]: [PB-S-15910] ⏭️  Skipped - no changes needed
2026-03-25 16:00:11 [INFO]: [PB-S-15909] ⏭️  Skipped - no changes needed
2026-03-25 16:00:11 [INFO]: [PB-S-15908] ⏭️  Skipped - no changes needed
2026-03-25 16:00:11 [INFO]: [PB-S-15937] ⏭️  Skipped - no changes needed
2026-03-25 16:00:11 [INFO]: [PB-S-15933] ⏭️  Skipped - no changes needed
2026-03-25 16:00:11 [INFO]: [PB-S-15906] ⏭️  Skipped - no changes needed
2026-03-25 16:00:11 [INFO]: [PB-S-15953] ⏭️  Skipped - no changes needed
2026-03-25 16:00:11 [INFO]: [PB-S-16012] ⏭️  Skipped - no changes needed
2026-03-25 16:00:11 [INFO]: [PB-S-15943] ⏭️  Skipped - no changes needed
2026-03-25 16:00:11 [INFO]: [PB-S-15983] ⏭️  Skipped - no changes needed
2026-03-25 16:00:11 [INFO]: [PB-S-15917] ⏭️  Skipped - no changes needed
2026-03-25 16:00:11 [INFO]: [PB-S-16005] ⏭️  Skipped - no changes needed
2026-03-25 16:00:11 [INFO]: [PB-S-15926] ⏭️  Skipped - no changes needed
2026-03-25 16:00:11 [INFO]: [PB-S-15879] ⏭️  Skipped - no changes needed
2026-03-25 16:00:11 [INFO]: [PB-S-15878] ⏭️  Skipped - no changes needed
2026-03-25 16:00:11 [INFO]: [PB-S-15859] ⏭️  Skipped - no changes needed
2026-03-25 16:00:11 [INFO]: [PB-S-15767-1] ⏭️  Skipped - no changes needed
2026-03-25 16:00:11 [INFO]: [PB-S-14141] ⏭️  Skipped - no changes needed
2026-03-25 16:00:11 [INFO]: [PB-S-14389] ⏭️  Skipped - no changes needed
2026-03-25 16:00:11 [INFO]: [PB-S-14387-6] ⏭️  Skipped - no changes needed
2026-03-25 16:00:11 [INFO]: [PB-S-14035] ⏭️  Skipped - no changes needed
2026-03-25 16:00:11 [INFO]: [PB-S-15216] ⏭️  Skipped - no changes needed
2026-03-25 16:00:11 [INFO]: [PB-S-14393-3] ⏭️  Skipped - no changes needed
2026-03-25 16:00:11 [INFO]: [PB-S-15779-2] ⏭️  Skipped - no changes needed
2026-03-25 16:00:11 [INFO]: [PB-S-14036] ⏭️  Skipped - no changes needed
2026-03-25 16:00:11 [INFO]: [PB-S-15227] ⏭️  Skipped - no changes needed
2026-03-25 16:00:11 [INFO]: [PB-S-14077] ⏭️  Skipped - no changes needed
2026-03-25 16:00:11 [INFO]: [PB-S-13990] ⏭️  Skipped - no changes needed
2026-03-25 16:00:11 [INFO]: [PB-S-13156] ⏭️  Skipped - no changes needed
2026-03-25 16:00:11 [INFO]: [PB-S-13146] ⏭️  Skipped - no changes needed
2026-03-25 16:00:11 [INFO]: [PB-S-13883] ⏭️  Skipped - no changes needed
2026-03-25 16:00:11 [INFO]: [PB-S-13903] ⏭️  Skipped - no changes needed
2026-03-25 16:00:11 [INFO]: [PB-S-14031] ⏭️  Skipped - no changes needed
2026-03-25 16:00:11 [INFO]: [PB-S-13607] ⏭️  Skipped - no changes needed
2026-03-25 16:00:11 [INFO]: [PB-S-13937] ⏭️  Skipped - no changes needed
2026-03-25 16:00:11 [INFO]: [PB-S-13946] ⏭️  Skipped - no changes needed
2026-03-25 16:00:11 [INFO]: [PB-S-13948] ⏭️  Skipped - no changes needed
2026-03-25 16:00:11 [INFO]: [PB-S-13942] ⏭️  Skipped - no changes needed
2026-03-25 16:00:11 [INFO]: [PB-S-14000] ⏭️  Skipped - no changes needed
2026-03-25 16:00:11 [INFO]: [PB-S-13947] ⏭️  Skipped - no changes needed
2026-03-25 16:00:11 [INFO]: [PB-S-13949] ⏭️  Skipped - no changes needed
2026-03-25 16:00:11 [INFO]: [PB-S-13952-10] ⏭️  Skipped - no changes needed
2026-03-25 16:00:11 [INFO]: [PB-S-13953] ⏭️  Skipped - no changes needed
2026-03-25 16:00:11 [INFO]: [PB-S-13957] ⏭️  Skipped - no changes needed
2026-03-25 16:00:11 [INFO]: [PB-S-11279] ⏭️  Skipped - no changes needed
2026-03-25 16:00:11 [INFO]: [PB-S-12098-4] ⏭️  Skipped - no changes needed
2026-03-25 16:00:11 [INFO]: [PB-S-11559] ⏭️  Skipped - no changes needed
2026-03-25 16:00:11 [INFO]: [PB-S-11558] ⏭️  Skipped - no changes needed
2026-03-25 16:00:11 [INFO]: [PB-S-11489-2] ⏭️  Skipped - no changes needed
2026-03-25 16:00:11 [INFO]: [PB-S-11571] ⏭️  Skipped - no changes needed
2026-03-25 16:00:11 [INFO]: [PB-S-11580] ⏭️  Skipped - no changes needed
2026-03-25 16:00:11 [INFO]: [PB-S-11581] ⏭️  Skipped - no changes needed
2026-03-25 16:00:11 [INFO]: [PB-S-9886] ⏭️  Skipped - no changes needed
2026-03-25 16:00:11 [INFO]: [PB-S-12025-3] ⏭️  Skipped - no changes needed
2026-03-25 16:00:11 [INFO]: [PB-S-9466] ⏭️  Skipped - no changes needed
2026-03-25 16:00:11 [INFO]: [PB-S-8572] ⏭️  Skipped - no changes needed
2026-03-25 16:00:11 [INFO]: [PB-S-9338] ⏭️  Skipped - no changes needed
2026-03-25 16:00:11 [INFO]: [PB-S-5221] ⏭️  Skipped - no changes needed
2026-03-25 16:00:11 [INFO]: [PB-S-5184] 📍 Adding/Updating address_information: {
  "Longitude_Latitude": "55.17034, 25.05415"
}
2026-03-25 16:00:11 [INFO]: [PB-S-5184] ✏️  Queueing partial update
2026-03-25 16:00:11 [INFO]: [PB-S-10153] ⏭️  Skipped - no changes needed
2026-03-25 16:00:11 [INFO]: [PB-S-9851] ⏭️  Skipped - no changes needed
2026-03-25 16:00:11 [INFO]: [PB-S-12734] ⏭️  Skipped - no changes needed
2026-03-25 16:00:11 [INFO]: [PB-S-14138] ⏭️  Skipped - no changes needed
2026-03-25 16:00:11 [INFO]: [PB-S-2382] ⏭️  Skipped - no changes needed
2026-03-25 16:00:11 [INFO]: [PB-S-14229] ⏭️  Skipped - no changes needed
2026-03-25 16:00:11 [INFO]: [PB-S-21883] ⏭️  Skipped - no changes needed
2026-03-25 16:00:11 [INFO]: [PB-S-1079] 📍 Adding/Updating address_information: {
  "Longitude_Latitude": "55.13703, 25.11323"
}
2026-03-25 16:00:11 [INFO]: [PB-S-1079] ✏️  Queueing partial update
2026-03-25 16:00:11 [INFO]: [PB-S-15972] ⏭️  Skipped - no changes needed
2026-03-25 16:00:11 [INFO]: [PB-S-12685] ⏭️  Skipped - no changes needed
2026-03-25 16:00:11 [INFO]: [PB-S-21982] ⏭️  Skipped - no changes needed
2026-03-25 16:00:11 [INFO]: [PB-S-14304] ⏭️  Skipped - no changes needed
2026-03-25 16:00:11 [INFO]: [PB-S-12692] ⏭️  Skipped - no changes needed
2026-03-25 16:00:11 [INFO]: [PB-S-14377] ⏭️  Skipped - no changes needed
2026-03-25 16:00:11 [INFO]: [PB-S-14213] ⏭️  Skipped - no changes needed
2026-03-25 16:00:11 [INFO]: [PB-S-13976] ⏭️  Skipped - no changes needed
2026-03-25 16:00:11 [INFO]: [PB-R-16083-1] ⏭️  Skipped - no changes needed
2026-03-25 16:00:11 [INFO]: [PB-S-22118] ⏭️  Skipped - no changes needed
2026-03-25 16:00:11 [INFO]: [PB-S-22104] ⏭️  Skipped - no changes needed
2026-03-25 16:00:11 [INFO]: [PB-S-22045] ⏭️  Skipped - no changes needed
2026-03-25 16:00:11 [INFO]: [PB-S-18329] ⏭️  Skipped - no changes needed
2026-03-25 16:00:11 [INFO]: [PB-S-18338] ⏭️  Skipped - no changes needed
2026-03-25 16:00:11 [INFO]: [PB-S-13682-1] 📍 Adding/Updating address_information: {
  "Longitude_Latitude": "25.10801, 55.14608"
}
2026-03-25 16:00:11 [INFO]: [PB-S-13682-1] ✏️  Queueing partial update
2026-03-25 16:00:11 [INFO]: [PB-S-18243] ⏭️  Skipped - no changes needed
2026-03-25 16:00:11 [INFO]: [PB-S-14271] ⏭️  Skipped - no changes needed
2026-03-25 16:00:11 [INFO]: [PB-S-18536] ⏭️  Skipped - no changes needed
2026-03-25 16:00:11 [INFO]: [PB-S-21911] ⏭️  Skipped - no changes needed
2026-03-25 16:00:11 [INFO]: [PB-S-13904] ⏭️  Skipped - no changes needed
2026-03-25 16:00:11 [INFO]: [PB-S-6045] ⏭️  Skipped - no changes needed
2026-03-25 16:00:11 [INFO]: [PB-S-16066] ⏭️  Skipped - no changes needed
2026-03-25 16:00:11 [INFO]: [PB-S-16041] ⏭️  Skipped - no changes needed
2026-03-25 16:00:11 [INFO]: [PB-S-16064] ⏭️  Skipped - no changes needed
2026-03-25 16:00:11 [INFO]: [PB-S-13626] ⏭️  Skipped - no changes needed
2026-03-25 16:00:11 [INFO]: [PB-S-14522] ⏭️  Skipped - no changes needed
2026-03-25 16:00:11 [INFO]: [PB-S-18422] ⏭️  Skipped - no changes needed
2026-03-25 16:00:11 [INFO]: [PB-S-3763] ⏭️  Skipped - no changes needed
2026-03-25 16:00:11 [INFO]: [PB-S-18240] ⏭️  Skipped - no changes needed
2026-03-25 16:00:11 [INFO]: [PB-R-13779] ⏭️  Skipped - no changes needed
2026-03-25 16:00:11 [INFO]: [PB-R-13651] ⏭️  Skipped - no changes needed
2026-03-25 16:00:11 [INFO]: [PB-R-7776] ⏭️  Skipped - no changes needed
2026-03-25 16:00:11 [INFO]: [PB-S-15412] ⏭️  Skipped - no changes needed
2026-03-25 16:00:11 [INFO]: [PB-S-14489] ⏭️  Skipped - no changes needed
2026-03-25 16:00:11 [INFO]: [PB-S-18393] ⏭️  Skipped - no changes needed
2026-03-25 16:00:11 [INFO]: [PB-S-15414] ⏭️  Skipped - no changes needed
2026-03-25 16:00:11 [INFO]: [PB-S-15134] ⏭️  Skipped - no changes needed
2026-03-25 16:00:11 [INFO]: [PB-S-3044] 📍 Adding/Updating address_information: {
  "Longitude_Latitude": "55.1414001, 25.0817704"
}
2026-03-25 16:00:11 [INFO]: [PB-S-3044] ✏️  Queueing partial update
2026-03-25 16:00:11 [INFO]: [PB-S-5750-5] 📍 Adding/Updating address_information: {
  "Longitude_Latitude": "55.14756, 25.09051"
}
2026-03-25 16:00:11 [INFO]: [PB-S-5750-5] ✏️  Queueing partial update
2026-03-25 16:00:11 [INFO]: [PB-S-18510] ⏭️  Skipped - no changes needed
2026-03-25 16:00:11 [INFO]: [PB-S-7381] ⏭️  Skipped - no changes needed
2026-03-25 16:00:11 [INFO]: [PB-S-16043] ⏭️  Skipped - no changes needed
2026-03-25 16:00:11 [INFO]: [PB-S-18472] ⏭️  Skipped - no changes needed
2026-03-25 16:00:11 [INFO]: [PB-S-18471] ⏭️  Skipped - no changes needed
2026-03-25 16:00:11 [INFO]: [PB-S-18258] ⏭️  Skipped - no changes needed
2026-03-25 16:00:11 [INFO]: [PB-S-14320] ⏭️  Skipped - no changes needed
2026-03-25 16:00:11 [INFO]: [PB-S-18394] ⏭️  Skipped - no changes needed
2026-03-25 16:00:11 [INFO]: [PB-R-15782] ⏭️  Skipped - no changes needed
2026-03-25 16:00:11 [INFO]: [PB-S-14321] ⏭️  Skipped - no changes needed
2026-03-25 16:00:11 [INFO]: [PB-S-13623] ⏭️  Skipped - no changes needed
2026-03-25 16:00:11 [INFO]: [PB-S-14137] ⏭️  Skipped - no changes needed
2026-03-25 16:00:11 [INFO]: [PB-S-14369] ⏭️  Skipped - no changes needed
2026-03-25 16:00:11 [INFO]: [PB-S-13817] ⏭️  Skipped - no changes needed
2026-03-25 16:00:11 [INFO]: [PB-S-13805] ⏭️  Skipped - no changes needed
2026-03-25 16:00:11 [INFO]: [PB-S-13637] ⏭️  Skipped - no changes needed
2026-03-25 16:00:11 [INFO]: [PB-S-13630] ⏭️  Skipped - no changes needed
2026-03-25 16:00:11 [INFO]: [PB-S-13484] ⏭️  Skipped - no changes needed
2026-03-25 16:00:11 [INFO]: [PB-S-14371] ⏭️  Skipped - no changes needed
2026-03-25 16:00:11 [INFO]: [PB-S-15133] ⏭️  Skipped - no changes needed
2026-03-25 16:00:11 [INFO]: [PB-S-15271] ⏭️  Skipped - no changes needed
2026-03-25 16:00:11 [INFO]: [PB-S-16039] ⏭️  Skipped - no changes needed
2026-03-25 16:00:11 [INFO]: [PB-S-14349] ⏭️  Skipped - no changes needed
2026-03-25 16:00:11 [INFO]: [PB-S-14382] ⏭️  Skipped - no changes needed
2026-03-25 16:00:11 [INFO]: [PB-S-14385] ⏭️  Skipped - no changes needed
2026-03-25 16:00:11 [INFO]: [PB-S-14336] ⏭️  Skipped - no changes needed
2026-03-25 16:00:11 [INFO]: [PB-S-12898-1] ⏭️  Skipped - no changes needed
2026-03-25 16:00:11 [INFO]: [PB-S-11614] ⏭️  Skipped - no changes needed
2026-03-25 16:00:11 [INFO]: [PB-S-14100-9] ⏭️  Skipped - no changes needed
2026-03-25 16:00:11 [INFO]: [PB-S-14355] ⏭️  Skipped - no changes needed
2026-03-25 16:00:11 [INFO]: [PB-S-14337] ⏭️  Skipped - no changes needed
2026-03-25 16:00:11 [INFO]: [PB-S-14005] ⏭️  Skipped - no changes needed
2026-03-25 16:00:11 [INFO]: [PB-S-14338] ⏭️  Skipped - no changes needed
2026-03-25 16:00:11 [INFO]: [PB-S-14386] ⏭️  Skipped - no changes needed
2026-03-25 16:00:11 [INFO]: [PB-S-14428] ⏭️  Skipped - no changes needed
2026-03-25 16:00:11 [INFO]: [PB-S-12084-1] ⏭️  Skipped - no changes needed
2026-03-25 16:00:11 [INFO]: [PB-S-12205] ⏭️  Skipped - no changes needed
2026-03-25 16:00:11 [INFO]: [PB-S-1100] ⏭️  Skipped - no changes needed
2026-03-25 16:00:11 [INFO]: [PB-S-13655] ⏭️  Skipped - no changes needed
2026-03-25 16:00:11 [INFO]: [PB-S-11765] ⏭️  Skipped - no changes needed
2026-03-25 16:00:11 [INFO]: [PB-S-1438] 📍 Adding/Updating address_information: {
  "Longitude_Latitude": "55.13466, 25.11724"
}
2026-03-25 16:00:11 [INFO]: [PB-S-1438] ✏️  Queueing partial update
2026-03-25 16:00:11 [INFO]: [PB-S-14220] ⏭️  Skipped - no changes needed
2026-03-25 16:00:11 [INFO]: [PB-S-13890] ⏭️  Skipped - no changes needed
2026-03-25 16:00:11 [INFO]: [PB-S-12641] ⏭️  Skipped - no changes needed
2026-03-25 16:00:11 [INFO]: [PB-S-13713] ⏭️  Skipped - no changes needed
2026-03-25 16:00:11 [INFO]: [PB-S-12969] ⏭️  Skipped - no changes needed
2026-03-25 16:00:11 [INFO]: [PB-S-14350] ⏭️  Skipped - no changes needed
2026-03-25 16:00:11 [INFO]: [PB-S-14238] ⏭️  Skipped - no changes needed
2026-03-25 16:00:11 [INFO]: [PB-S-10120] ⏭️  Skipped - no changes needed
2026-03-25 16:00:11 [INFO]: [PB-S-12846] ⏭️  Skipped - no changes needed
2026-03-25 16:00:11 [INFO]: [PB-S-3197] 📍 Adding/Updating address_information: {
  "Longitude_Latitude": "55.14756, 25.09051"
}
2026-03-25 16:00:11 [INFO]: [PB-S-3197] ✏️  Queueing partial update
2026-03-25 16:00:11 [INFO]: [PB-R-10183] ⏭️  Skipped - no changes needed
2026-03-25 16:00:11 [INFO]: [PB-S-11499] ⏭️  Skipped - no changes needed
2026-03-25 16:00:11 [INFO]: [PB-S-18260] ⏭️  Skipped - no changes needed
2026-03-25 16:00:11 [INFO]: [PB-S-18287] ⏭️  Skipped - no changes needed
2026-03-25 16:00:11 [INFO]: [PB-S-11550] ⏭️  Skipped - no changes needed
2026-03-25 16:00:11 [INFO]: [PB-S-11992-1] 📍 Adding/Updating address_information: {
  "Longitude_Latitude": "55.14756, 25.09051"
}
2026-03-25 16:00:11 [INFO]: [PB-S-11992-1] ✏️  Queueing partial update
2026-03-25 16:00:11 [INFO]: [PB-S-9958] ⏭️  Skipped - no changes needed
2026-03-25 16:00:11 [INFO]: [PB-S-14095-11] ⏭️  Skipped - no changes needed
2026-03-25 16:00:11 [INFO]: [PB-S-13724] ⏭️  Skipped - no changes needed
2026-03-25 16:00:11 [INFO]: [PB-S-14394] ⏭️  Skipped - no changes needed
2026-03-25 16:00:11 [INFO]: [PB-S-13132] ⏭️  Skipped - no changes needed
2026-03-25 16:00:11 [INFO]: [PB-S-10709] ⏭️  Skipped - no changes needed
2026-03-25 16:00:11 [INFO]: [PB-S-10710] ⏭️  Skipped - no changes needed
2026-03-25 16:00:11 [INFO]: [PB-S-8772] ⏭️  Skipped - no changes needed
2026-03-25 16:00:11 [INFO]: [PB-S-14373] ⏭️  Skipped - no changes needed
2026-03-25 16:00:11 [INFO]: [PB-S-13832] ⏭️  Skipped - no changes needed
2026-03-25 16:00:11 [INFO]: [PB-S-13834] ⏭️  Skipped - no changes needed
2026-03-25 16:00:11 [INFO]: [PB-S-12747] ⏭️  Skipped - no changes needed
2026-03-25 16:00:11 [INFO]: [PB-S-12788] ⏭️  Skipped - no changes needed
2026-03-25 16:00:11 [INFO]: [PB-S-15136] ⏭️  Skipped - no changes needed
2026-03-25 16:00:11 [INFO]: [PB-S-12834] ⏭️  Skipped - no changes needed
2026-03-25 16:00:11 [INFO]: [PB-S-12835] ⏭️  Skipped - no changes needed
2026-03-25 16:00:11 [INFO]: [PB-S-10997] ⏭️  Skipped - no changes needed
2026-03-25 16:00:11 [INFO]: [PB-S-14246] ⏭️  Skipped - no changes needed
2026-03-25 16:00:11 [INFO]: [PB-S-13090] ⏭️  Skipped - no changes needed
2026-03-25 16:00:11 [INFO]: [PB-S-15784] ⏭️  Skipped - no changes needed
2026-03-25 16:00:11 [INFO]: [PB-S-15163] ⏭️  Skipped - no changes needed
2026-03-25 16:00:11 [INFO]: [PB-S-13775] ⏭️  Skipped - no changes needed
2026-03-25 16:00:11 [INFO]: [PB-S-12762] ⏭️  Skipped - no changes needed
2026-03-25 16:00:11 [INFO]: [PB-S-13819] ⏭️  Skipped - no changes needed
2026-03-25 16:00:11 [INFO]: [PB-S-13931] ⏭️  Skipped - no changes needed
2026-03-25 16:00:11 [INFO]: [PB-S-13840] ⏭️  Skipped - no changes needed
2026-03-25 16:00:11 [INFO]: [PB-S-12640] ⏭️  Skipped - no changes needed
2026-03-25 16:00:11 [INFO]: [PB-S-14252] ⏭️  Skipped - no changes needed
2026-03-25 16:00:11 [INFO]: [PB-S-14209-5] ⏭️  Skipped - no changes needed
2026-03-25 16:00:11 [INFO]: [PB-S-14211] ⏭️  Skipped - no changes needed
2026-03-25 16:00:11 [INFO]: [PB-S-14295] ⏭️  Skipped - no changes needed
2026-03-25 16:00:11 [INFO]: [PB-S-12573-2] ⏭️  Skipped - no changes needed
2026-03-25 16:00:11 [INFO]: [PB-S-13018] ⏭️  Skipped - no changes needed
2026-03-25 16:00:11 [INFO]: [PB-S-12643] ⏭️  Skipped - no changes needed
2026-03-25 16:00:11 [INFO]: [PB-S-14251] ⏭️  Skipped - no changes needed
2026-03-25 16:00:11 [INFO]: [PB-S-13510] ⏭️  Skipped - no changes needed
2026-03-25 16:00:11 [INFO]: [PB-S-14147] ⏭️  Skipped - no changes needed
2026-03-25 16:00:11 [INFO]: [PB-S-12181] ⏭️  Skipped - no changes needed
2026-03-25 16:00:11 [INFO]: [PB-S-12763] ⏭️  Skipped - no changes needed
2026-03-25 16:00:11 [INFO]: [PB-S-12716] ⏭️  Skipped - no changes needed
2026-03-25 16:00:11 [INFO]: [PB-S-12704] ⏭️  Skipped - no changes needed
2026-03-25 16:00:11 [INFO]: [PB-S-12693] ⏭️  Skipped - no changes needed
2026-03-25 16:00:11 [INFO]: [PB-R-7780] ⏭️  Skipped - no changes needed
2026-03-25 16:00:11 [INFO]: [PB-S-12565] ⏭️  Skipped - no changes needed
2026-03-25 16:00:11 [INFO]: [PB-S-12632] ⏭️  Skipped - no changes needed
2026-03-25 16:00:11 [INFO]: [PB-S-7530] ⏭️  Skipped - no changes needed
2026-03-25 16:00:11 [INFO]: [PB-S-12631] ⏭️  Skipped - no changes needed
2026-03-25 16:00:11 [INFO]: [PB-S-13129] ⏭️  Skipped - no changes needed
2026-03-25 16:00:11 [INFO]: [PB-S-12264] ⏭️  Skipped - no changes needed
2026-03-25 16:00:11 [INFO]: [PB-S-13128] ⏭️  Skipped - no changes needed
2026-03-25 16:00:11 [INFO]: [PB-S-12261] ⏭️  Skipped - no changes needed
2026-03-25 16:00:11 [INFO]: [PB-S-12260] ⏭️  Skipped - no changes needed
2026-03-25 16:00:11 [INFO]: [PB-S-12239-2] ⏭️  Skipped - no changes needed
2026-03-25 16:00:11 [INFO]: [PB-S-12227] ⏭️  Skipped - no changes needed
2026-03-25 16:00:11 [INFO]: [PB-S-12226] ⏭️  Skipped - no changes needed
2026-03-25 16:00:11 [INFO]: [PB-S-13130] ⏭️  Skipped - no changes needed
2026-03-25 16:00:11 [INFO]: [PB-S-12544-1] ⏭️  Skipped - no changes needed
2026-03-25 16:00:11 [INFO]: [PB-S-12543] ⏭️  Skipped - no changes needed
2026-03-25 16:00:11 [INFO]: [PB-S-12161-2] ⏭️  Skipped - no changes needed
2026-03-25 16:00:11 [INFO]: [PB-S-12160-2] ⏭️  Skipped - no changes needed
2026-03-25 16:00:11 [INFO]: [PB-S-13133] ⏭️  Skipped - no changes needed
2026-03-25 16:00:11 [INFO]: [PB-S-12547] ⏭️  Skipped - no changes needed
2026-03-25 16:00:11 [INFO]: [PB-S-13138] ⏭️  Skipped - no changes needed
2026-03-25 16:00:11 [INFO]: [PB-S-13120] ⏭️  Skipped - no changes needed
2026-03-25 16:00:11 [INFO]: [PB-S-13137] ⏭️  Skipped - no changes needed
2026-03-25 16:00:11 [INFO]: [PB-S-13139] ⏭️  Skipped - no changes needed
2026-03-25 16:00:11 [INFO]: [PB-S-12034-2] ⏭️  Skipped - no changes needed
2026-03-25 16:00:11 [INFO]: [PB-S-12525-1] ⏭️  Skipped - no changes needed
2026-03-25 16:00:11 [INFO]: [PB-S-13119] ⏭️  Skipped - no changes needed
2026-03-25 16:00:11 [INFO]: [PB-S-11990] ⏭️  Skipped - no changes needed
2026-03-25 16:00:11 [INFO]: [PB-S-13118] ⏭️  Skipped - no changes needed
2026-03-25 16:00:11 [INFO]: [PB-S-11890-1] ⏭️  Skipped - no changes needed
2026-03-25 16:00:11 [INFO]: [PB-S-11870] ⏭️  Skipped - no changes needed
2026-03-25 16:00:11 [INFO]: [PB-S-12550] ⏭️  Skipped - no changes needed
2026-03-25 16:00:11 [INFO]: [PB-S-12531-1] ⏭️  Skipped - no changes needed
2026-03-25 16:00:11 [INFO]: [PB-S-12292] ⏭️  Skipped - no changes needed
2026-03-25 16:00:11 [INFO]: [PB-S-12290] ⏭️  Skipped - no changes needed
2026-03-25 16:00:11 [INFO]: [PB-S-11402-1] ⏭️  Skipped - no changes needed
2026-03-25 16:00:11 [INFO]: [PB-S-13117] ⏭️  Skipped - no changes needed
2026-03-25 16:00:11 [INFO]: [PB-S-11381-1] ⏭️  Skipped - no changes needed
2026-03-25 16:00:11 [INFO]: [PB-S-11382-1] ⏭️  Skipped - no changes needed
2026-03-25 16:00:11 [INFO]: [PB-S-12673] ⏭️  Skipped - no changes needed
2026-03-25 16:00:11 [INFO]: [PB-S-11082] ⏭️  Skipped - no changes needed
2026-03-25 16:00:11 [INFO]: [PB-S-12688-1] ⏭️  Skipped - no changes needed
2026-03-25 16:00:11 [INFO]: [PB-S-12690] ⏭️  Skipped - no changes needed
2026-03-25 16:00:11 [INFO]: [PB-S-12691] ⏭️  Skipped - no changes needed
2026-03-25 16:00:11 [INFO]: [PB-S-13115] ⏭️  Skipped - no changes needed
2026-03-25 16:00:11 [INFO]: [PB-S-12700] ⏭️  Skipped - no changes needed
2026-03-25 16:00:11 [INFO]: [PB-S-12707] ⏭️  Skipped - no changes needed
2026-03-25 16:00:11 [INFO]: [PB-S-12708] ⏭️  Skipped - no changes needed
2026-03-25 16:00:11 [INFO]: [PB-S-10096] ⏭️  Skipped - no changes needed
2026-03-25 16:00:11 [INFO]: [PB-S-10094] ⏭️  Skipped - no changes needed
2026-03-25 16:00:11 [INFO]: [PB-S-12709] ⏭️  Skipped - no changes needed
2026-03-25 16:00:11 [INFO]: [PB-S-12719] ⏭️  Skipped - no changes needed
2026-03-25 16:00:11 [INFO]: [PB-S-12721-1] ⏭️  Skipped - no changes needed
2026-03-25 16:00:11 [INFO]: [PB-S-12745] ⏭️  Skipped - no changes needed
2026-03-25 16:00:11 [INFO]: [PB-S-12954] ⏭️  Skipped - no changes needed
2026-03-25 16:00:11 [INFO]: [PB-S-5799] 📍 Adding/Updating address_information: {
  "Longitude_Latitude": "55.17034, 25.05413"
}
2026-03-25 16:00:11 [INFO]: [PB-S-5799] ✏️  Queueing partial update
2026-03-25 16:00:11 [INFO]: [PB-S-13112] ⏭️  Skipped - no changes needed
2026-03-25 16:00:11 [INFO]: [PB-S-12831] ⏭️  Skipped - no changes needed
2026-03-25 16:00:11 [INFO]: [PB-S-12838] ⏭️  Skipped - no changes needed
2026-03-25 16:00:11 [INFO]: [PB-S-12839] ⏭️  Skipped - no changes needed
2026-03-25 16:00:11 [INFO]: [PB-S-12840] ⏭️  Skipped - no changes needed
2026-03-25 16:00:11 [INFO]: [PB-S-12841] ⏭️  Skipped - no changes needed
2026-03-25 16:00:11 [INFO]: [PB-S-12843] ⏭️  Skipped - no changes needed
2026-03-25 16:00:11 [INFO]: [PB-S-12877] ⏭️  Skipped - no changes needed
2026-03-25 16:00:11 [INFO]: [PB-S-12850] ⏭️  Skipped - no changes needed
2026-03-25 16:00:11 [INFO]: [PB-S-12529-1] ⏭️  Skipped - no changes needed
2026-03-25 16:00:11 [INFO]: [PB-S-11831-1] ⏭️  Skipped - no changes needed
2026-03-25 16:00:11 [INFO]: [PB-S-12567-2] ⏭️  Skipped - no changes needed
2026-03-25 16:00:11 [INFO]: [PB-S-0360] ⏭️  Skipped - no changes needed
2026-03-25 16:00:11 [INFO]: [PB-S-11716] ⏭️  Skipped - no changes needed
2026-03-25 16:00:11 [INFO]: [PB-S-12581-2] ⏭️  Skipped - no changes needed
2026-03-25 16:00:11 [INFO]: [PB-S-12593] ⏭️  Skipped - no changes needed
2026-03-25 16:00:11 [INFO]: [PB-S-12594] ⏭️  Skipped - no changes needed
2026-03-25 16:00:11 [INFO]: [PB-S-13116] ⏭️  Skipped - no changes needed
2026-03-25 16:00:11 [INFO]: [PB-S-12606-] ⏭️  Skipped - no changes needed
2026-03-25 16:00:11 [INFO]: [PB-S-12607-1] ⏭️  Skipped - no changes needed
2026-03-25 16:00:11 [INFO]: [PB-S-13135] ⏭️  Skipped - no changes needed
2026-03-25 16:00:11 [INFO]: [PB-S-13831] ⏭️  Skipped - no changes needed
2026-03-25 16:00:11 [INFO]: [PB-S-13402] ⏭️  Skipped - no changes needed
2026-03-25 16:00:11 [INFO]: [PB-S-13113] ⏭️  Skipped - no changes needed
2026-03-25 16:00:11 [INFO]: [PB-S-13381] ⏭️  Skipped - no changes needed
2026-03-25 16:00:11 [INFO]: [PB-S-13959] ⏭️  Skipped - no changes needed
2026-03-25 16:00:11 [INFO]: [PB-S-12748] ⏭️  Skipped - no changes needed
2026-03-25 16:00:11 [INFO]: [PB-S-13141] ⏭️  Skipped - no changes needed
2026-03-25 16:00:11 [INFO]: [PB-R-13459] ⏭️  Skipped - no changes needed
2026-03-25 16:00:11 [INFO]: [PB-S-12570-2] ⏭️  Skipped - no changes needed
2026-03-25 16:00:11 [INFO]: [PB-S-13722] ⏭️  Skipped - no changes needed
2026-03-25 16:00:11 [INFO]: [PB-S-13865] ⏭️  Skipped - no changes needed
2026-03-25 16:00:11 [INFO]: [PB-S-13825] ⏭️  Skipped - no changes needed
2026-03-25 16:00:11 [INFO]: [PB-S-13467] ⏭️  Skipped - no changes needed
2026-03-25 16:00:11 [INFO]: [PB-S-13846] ⏭️  Skipped - no changes needed
2026-03-25 16:00:11 [INFO]: [PB-S-9954] ⏭️  Skipped - no changes needed
2026-03-25 16:00:11 [INFO]: [PB-S-13587] ⏭️  Skipped - no changes needed
2026-03-25 16:00:11 [INFO]: [PB-S-13598] ⏭️  Skipped - no changes needed
2026-03-25 16:00:11 [INFO]: [PB-S-11494-1] 📍 Adding/Updating address_information: {
  "Longitude_Latitude": "55.13669, 25.11376"
}
2026-03-25 16:00:11 [INFO]: [PB-S-11494-1] ✏️  Queueing partial update
2026-03-25 16:00:11 [INFO]: [PB-S-13710] ⏭️  Skipped - no changes needed
2026-03-25 16:00:11 [INFO]: [PB-S-11856] ⏭️  Skipped - no changes needed
2026-03-25 16:00:11 [INFO]: [PB-S-13302] ⏭️  Skipped - no changes needed
2026-03-25 16:00:11 [INFO]: [PB-S-13916] ⏭️  Skipped - no changes needed
2026-03-25 16:00:11 [INFO]: [PB-S-13610] ⏭️  Skipped - no changes needed
2026-03-25 16:00:11 [INFO]: [PB-S-13836] ⏭️  Skipped - no changes needed
2026-03-25 16:00:11 [INFO]: [PB-S-13760] ⏭️  Skipped - no changes needed
2026-03-25 16:00:11 [INFO]: [PB-S-13673] ⏭️  Skipped - no changes needed
2026-03-25 16:00:11 [INFO]: [PB-S-13529] ⏭️  Skipped - no changes needed
2026-03-25 16:00:11 [INFO]: [PB-S-13761] ⏭️  Skipped - no changes needed
2026-03-25 16:00:11 [INFO]: [PB-S-13687] ⏭️  Skipped - no changes needed
2026-03-25 16:00:11 [INFO]: [PB-S-11975-2] ⏭️  Skipped - no changes needed
2026-03-25 16:00:11 [INFO]: [PB-S-14020] ⏭️  Skipped - no changes needed
2026-03-25 16:00:11 [INFO]: 
🚀 Executing bulk write with 605 operations...
2026-03-25 16:00:13 [INFO]: ✅ Bulk write completed successfully!

2026-03-25 16:00:13 [INFO]: ✅ [PB-S-22040-3] Created
2026-03-25 16:00:13 [INFO]: ✅ [PB-S-21965-1] Created
2026-03-25 16:00:13 [INFO]: ✅ [PB-S-12520-5] Created
2026-03-25 16:00:13 [INFO]: ⏭️  [PB-R-37451] Skipped
2026-03-25 16:00:13 [INFO]: ✅ [PB-R-37414] Updated
2026-03-25 16:00:13 [INFO]: ✅ [PB-S-12702-6] Updated
2026-03-25 16:00:13 [INFO]: ✅ [PB-S-16095-2] Updated
2026-03-25 16:00:13 [INFO]: ✅ [PB-S-14093-4] Updated
2026-03-25 16:00:13 [INFO]: ✅ [PB-R-33908-1] Updated
2026-03-25 16:00:13 [INFO]: ✅ [PB-R-36031] Updated
2026-03-25 16:00:13 [INFO]: ✅ [PB-R-13933-4] Updated
2026-03-25 16:00:13 [INFO]: ✅ [PB-S-36053-1] Updated
2026-03-25 16:00:13 [INFO]: ✅ [PB-R-37248-1] Updated
2026-03-25 16:00:13 [INFO]: ✅ [PB-S-36887-1] Updated
2026-03-25 16:00:13 [INFO]: ✅ [PB-R-36062-2] Updated
2026-03-25 16:00:13 [INFO]: ✅ [PB-S-13474-7] Updated
2026-03-25 16:00:13 [INFO]: ✅ [PB-S-36063-1] Updated
2026-03-25 16:00:13 [INFO]: ✅ [PB-R-36358-2] Updated
2026-03-25 16:00:13 [INFO]: ✅ [PB-R-36303-1] Updated
2026-03-25 16:00:13 [INFO]: ✅ [PB-R-36664-1] Updated
2026-03-25 16:00:13 [INFO]: ✅ [PB-S-36732-1] Updated
2026-03-25 16:00:13 [INFO]: ✅ [PB-R-37075] Updated
2026-03-25 16:00:13 [INFO]: ✅ [PB-R-36780-2] Updated
2026-03-25 16:00:13 [INFO]: ✅ [PB-S-37255] Updated
2026-03-25 16:00:13 [INFO]: ✅ [PB-R-37436] Updated
2026-03-25 16:00:13 [INFO]: ⏭️  [PB-R-37422] Skipped
2026-03-25 16:00:13 [INFO]: ✅ [PB-S-37382] Updated
2026-03-25 16:00:13 [INFO]: ✅ [PB-S-34638-1] Updated
2026-03-25 16:00:13 [INFO]: ✅ [PB-S-21937-2] Updated
2026-03-25 16:00:13 [INFO]: ✅ [PB-S-1613-3] Updated
2026-03-25 16:00:13 [INFO]: ✅ [PB-S-11194-7] Updated
2026-03-25 16:00:13 [INFO]: ✅ [PB-R-37247] Updated
2026-03-25 16:00:13 [INFO]: ✅ [PB-S-11422-4] Updated
2026-03-25 16:00:13 [INFO]: ⏭️  [PB-S-37417] Skipped
2026-03-25 16:00:13 [INFO]: ⏭️  [PB-S-37420] Skipped
2026-03-25 16:00:13 [INFO]: ⏭️  [PB-S-37429] Skipped
2026-03-25 16:00:13 [INFO]: ⏭️  [PB-S-37426] Skipped
2026-03-25 16:00:13 [INFO]: ⏭️  [PB-R-37127] Skipped
2026-03-25 16:00:13 [INFO]: ✅ [PB-R-37375] Updated
2026-03-25 16:00:13 [INFO]: ⏭️  [PB-S-12861-1] Skipped
2026-03-25 16:00:13 [INFO]: ✅ [PB-S-37381] Updated
2026-03-25 16:00:13 [INFO]: ✅ [PB-S-36873-2] Updated
2026-03-25 16:00:13 [INFO]: ⏭️  [PB-S-37425] Skipped
2026-03-25 16:00:13 [INFO]: ⏭️  [PB-S-37423] Skipped
2026-03-25 16:00:13 [INFO]: ✅ [PB-R-37434] Updated
2026-03-25 16:00:13 [INFO]: ⏭️  [PB-R-37424] Skipped
2026-03-25 16:00:13 [INFO]: ⏭️  [PB-S-37432] Skipped
2026-03-25 16:00:13 [INFO]: ✅ [PB-S-12600-10] Updated
2026-03-25 16:00:13 [INFO]: ✅ [PB-S-37184] Updated
2026-03-25 16:00:13 [INFO]: ✅ [PB-R-36577-1] Updated
2026-03-25 16:00:13 [INFO]: ✅ [PB-S-9455-2] Updated
2026-03-25 16:00:13 [INFO]: ✅ [PB-S-33931-2] Updated
2026-03-25 16:00:13 [INFO]: ✅ [PB-S-12601-9] Updated
2026-03-25 16:00:13 [INFO]: ✅ [PB-S-31077-2] Updated
2026-03-25 16:00:13 [INFO]: ✅ [PB-S-36587] Updated
2026-03-25 16:00:13 [INFO]: ✅ [PB-S-28622-4] Updated
2026-03-25 16:00:13 [INFO]: ✅ [PB-S-36627-1] Updated
2026-03-25 16:00:13 [INFO]: ✅ [PB-S-10042-1] Updated
2026-03-25 16:00:13 [INFO]: ✅ [PB-S-12104-10] Updated
2026-03-25 16:00:13 [INFO]: ✅ [PB-S-14311] Updated
2026-03-25 16:00:13 [INFO]: ⏭️  [PB-R-37363] Skipped
2026-03-25 16:00:13 [INFO]: ✅ [PB-S-11960-7] Updated
2026-03-25 16:00:13 [INFO]: ⏭️  [PB-R-37351] Skipped
2026-03-25 16:00:14 [INFO]: ✅ [PB-R-36004-1] Updated
2026-03-25 16:00:14 [INFO]: ✅ [PB-S-36817-1] Updated
2026-03-25 16:00:14 [INFO]: ✅ [PB-S-5717-4] Updated
2026-03-25 16:00:14 [INFO]: ✅ [PB-S-12137-4] Updated
2026-03-25 16:00:14 [INFO]: ✅ [PB-R-37394] Updated
2026-03-25 16:00:14 [INFO]: ✅ [PB-S-37413] Updated
2026-03-25 16:00:14 [INFO]: ✅ [PB-R-36030-1] Updated
2026-03-25 16:00:14 [INFO]: ✅ [PB-R-35979-1] Updated
2026-03-25 16:00:14 [INFO]: ✅ [PB-S-12951-6] Updated
2026-03-25 16:00:14 [INFO]: ✅ [PB-S-12952-6] Updated
2026-03-25 16:00:14 [INFO]: ✅ [PB-S-37391] Updated
2026-03-25 16:00:14 [INFO]: ✅ [PB-S-34654-1] Updated
2026-03-25 16:00:14 [INFO]: ⏭️  [PB-S-37350] Skipped
2026-03-25 16:00:14 [INFO]: ✅ [PB-S-21885-3] Updated
2026-03-25 16:00:14 [INFO]: ✅ [PB-S-22125-2] Updated
2026-03-25 16:00:14 [INFO]: ✅ [PB-S-11925-7] Updated
2026-03-25 16:00:14 [INFO]: ✅ [PB-S-28662-2] Updated
2026-03-25 16:00:14 [INFO]: ✅ [PB-S-36044] Updated
2026-03-25 16:00:14 [INFO]: ✅ [PB-S-36045] Updated
2026-03-25 16:00:14 [INFO]: ✅ [PB-R-36719-1] Updated
2026-03-25 16:00:14 [INFO]: ✅ [PB-S-36440-1] Updated
2026-03-25 16:00:14 [INFO]: ✅ [PB-S-36038-1] Updated
2026-03-25 16:00:14 [INFO]: ✅ [PB-S-36492-2] Updated
2026-03-25 16:00:14 [INFO]: ✅ [PB-R-36754-1] Updated
2026-03-25 16:00:14 [INFO]: ✅ [PB-S-18554-3] Updated
2026-03-25 16:00:14 [INFO]: ✅ [PB-S-14362-5] Updated
2026-03-25 16:00:14 [INFO]: ✅ [PB-S-36772-1] Updated
2026-03-25 16:00:14 [INFO]: ✅ [PB-S-36806-1] Updated
2026-03-25 16:00:14 [INFO]: ⏭️  [PB-R-37399] Skipped
2026-03-25 16:00:14 [INFO]: ⏭️  [PB-R-37387] Skipped
2026-03-25 16:00:14 [INFO]: ✅ [PB-R-37412] Updated
2026-03-25 16:00:14 [INFO]: ⏭️  [PB-R-37155] Skipped
2026-03-25 16:00:14 [INFO]: ✅ [PB-S-36776-1] Updated
2026-03-25 16:00:14 [INFO]: ✅ [PB-R-36650-2] Updated
2026-03-25 16:00:14 [INFO]: ✅ [PB-R-37302] Updated
2026-03-25 16:00:14 [INFO]: ✅ [PB-S-37406] Updated
2026-03-25 16:00:14 [INFO]: ✅ [PB-R-36009-2] Updated
2026-03-25 16:00:14 [INFO]: ✅ [PB-S-36811-1] Updated
2026-03-25 16:00:14 [INFO]: ✅ [PB-R-36302-2] Updated
2026-03-25 16:00:14 [INFO]: ✅ [PB-R-36568-1] Updated
2026-03-25 16:00:14 [INFO]: ⏭️  [PB-R-37390] Skipped
2026-03-25 16:00:14 [INFO]: ✅ [PB-S-22201-3] Updated
2026-03-25 16:00:14 [INFO]: ✅ [PB-S-36957-1] Updated
2026-03-25 16:00:14 [INFO]: ✅ [PB-R-37411] Updated
2026-03-25 16:00:14 [INFO]: ✅ [PB-S-36778] Updated
2026-03-25 16:00:14 [INFO]: ⏭️  [PB-R-37194] Skipped
2026-03-25 16:00:14 [INFO]: ✅ [PB-R-37028] Updated
2026-03-25 16:00:14 [INFO]: ✅ [PB-R-37016] Updated
2026-03-25 16:00:14 [INFO]: ✅ [PB-R-37010] Updated
2026-03-25 16:00:14 [INFO]: ✅ [PB-R-37007] Updated
2026-03-25 16:00:14 [INFO]: ✅ [PB-R-36994] Updated
2026-03-25 16:00:14 [INFO]: ✅ [PB-R-36580-1] Updated
2026-03-25 16:00:14 [INFO]: ✅ [PB-R-36562-1] Updated
2026-03-25 16:00:14 [INFO]: ✅ [PB-R-36441-1] Updated
2026-03-25 16:00:14 [INFO]: ✅ [PB-R-36435-1] Updated
2026-03-25 16:00:14 [INFO]: ✅ [PB-R-36432-1] Updated
2026-03-25 16:00:14 [INFO]: ✅ [PB-R-36431-1] Updated
2026-03-25 16:00:14 [INFO]: ✅ [PB-S-12062-5] Updated
2026-03-25 16:00:14 [INFO]: ✅ [PB-S-18443-2] Updated
2026-03-25 16:00:14 [INFO]: ✅ [PB-S-36814-1] Updated
2026-03-25 16:00:14 [INFO]: ✅ [PB-S-36712-1] Updated
2026-03-25 16:00:14 [INFO]: ✅ [PB-S-36828-1] Updated
2026-03-25 16:00:14 [INFO]: ✅ [PB-S-36829-1] Updated
2026-03-25 16:00:14 [INFO]: ✅ [PB-S-36834-1] Updated
2026-03-25 16:00:14 [INFO]: ✅ [PB-S-3534-2] Updated
2026-03-25 16:00:14 [INFO]: ✅ [PB-S-21964-1] Updated
2026-03-25 16:00:14 [INFO]: ✅ [PB-R-37392] Updated
2026-03-25 16:00:14 [INFO]: ✅ [PB-R-36781-1] Updated
2026-03-25 16:00:14 [INFO]: ✅ [PB-S-36841] Updated
2026-03-25 16:00:14 [INFO]: ✅ [PB-S-36840-1] Updated
2026-03-25 16:00:14 [INFO]: ✅ [PB-S-5868-2] Updated
2026-03-25 16:00:14 [INFO]: ✅ [PB-S-36643-2] Updated
2026-03-25 16:00:14 [INFO]: ✅ [PB-S-36093-3] Updated
2026-03-25 16:00:14 [INFO]: ✅ [PB-S-36839-1] Updated
2026-03-25 16:00:14 [INFO]: ✅ [PB-R-36777] Updated
2026-03-25 16:00:14 [INFO]: ✅ [PB-S-36775] Updated
2026-03-25 16:00:14 [INFO]: ✅ [PB-S-36845-1] Updated
2026-03-25 16:00:14 [INFO]: ✅ [PB-S-9647-2] Updated
2026-03-25 16:00:14 [INFO]: ✅ [PB-S-12885-10] Updated
2026-03-25 16:00:14 [INFO]: ✅ [PB-R-36715] Updated
2026-03-25 16:00:14 [INFO]: ✅ [PB-S-12667-7] Updated
2026-03-25 16:00:14 [INFO]: ✅ [PB-S-22109-3] Updated
2026-03-25 16:00:14 [INFO]: ✅ [PB-S-36617-1] Updated
2026-03-25 16:00:14 [INFO]: ✅ [PB-R-37379] Updated
2026-03-25 16:00:14 [INFO]: ⏭️  [PB-R-37396] Skipped
2026-03-25 16:00:14 [INFO]: ✅ [PB-S-12193-1] Updated
2026-03-25 16:00:14 [INFO]: ✅ [PB-S-31775-2] Updated
2026-03-25 16:00:14 [INFO]: ⏭️  [PB-S-16922] Skipped
2026-03-25 16:00:14 [INFO]: ✅ [PB-S-18396-4] Updated
2026-03-25 16:00:14 [INFO]: ✅ [PB-S-12771-7] Updated
2026-03-25 16:00:14 [INFO]: ✅ [PB-S-36820] Updated
2026-03-25 16:00:14 [INFO]: ✅ [PB-S-17999] Updated
2026-03-25 16:00:14 [INFO]: ⏭️  [PB-S-37388] Skipped
2026-03-25 16:00:14 [INFO]: ⏭️  [PB-S-37366] Skipped
2026-03-25 16:00:14 [INFO]: ✅ [PB-R-37245] Updated
2026-03-25 16:00:14 [INFO]: ⏭️  [PB-S-37386] Skipped
2026-03-25 16:00:14 [INFO]: ✅ [PB-R-37300] Updated
2026-03-25 16:00:14 [INFO]: ✅ [PB-S-37377] Updated
2026-03-25 16:00:14 [INFO]: ⏭️  [PB-S-37129] Skipped
2026-03-25 16:00:14 [INFO]: ✅ [PB-R-37365] Updated
2026-03-25 16:00:14 [INFO]: ✅ [PB-R-37367] Updated
2026-03-25 16:00:14 [INFO]: ⏭️  [PB-S-12714] Skipped
2026-03-25 16:00:14 [INFO]: ⏭️  [PB-R-37354] Skipped
2026-03-25 16:00:14 [INFO]: ⏭️  [PB-R-37348] Skipped
2026-03-25 16:00:14 [INFO]: ✅ [PB-S-24867] Updated
2026-03-25 16:00:14 [INFO]: ⏭️  [PB-R-37347] Skipped
2026-03-25 16:00:14 [INFO]: ✅ [PB-R-37343] Updated
2026-03-25 16:00:14 [INFO]: ✅ [PB-R-37310] Updated
2026-03-25 16:00:14 [INFO]: ✅ [PB-S-37290] Updated
2026-03-25 16:00:14 [INFO]: ⏭️  [PB-S-7934] Skipped
2026-03-25 16:00:14 [INFO]: ✅ [PB-R-37309] Updated
2026-03-25 16:00:14 [INFO]: ⏭️  [PB-S-37201] Skipped
2026-03-25 16:00:14 [INFO]: ⏭️  [PB-R-37308] Skipped
2026-03-25 16:00:14 [INFO]: ✅ [PB-R-37200] Updated
2026-03-25 16:00:14 [INFO]: ✅ [PB-S-37307] Updated
2026-03-25 16:00:14 [INFO]: ⏭️  [PB-S-37312] Skipped
2026-03-25 16:00:14 [INFO]: ⏭️  [PB-S-37385] Skipped
2026-03-25 16:00:14 [INFO]: ✅ [PB-S-37306] Updated
2026-03-25 16:00:14 [INFO]: ✅ [PB-S-36565] Updated
2026-03-25 16:00:14 [INFO]: ✅ [PB-S-0240-1] Updated
2026-03-25 16:00:14 [INFO]: ⏭️  [PB-S-37242] Skipped
2026-03-25 16:00:14 [INFO]: ⏭️  [PB-S-37301] Skipped
2026-03-25 16:00:14 [INFO]: ✅ [PB-R-37295] Updated
2026-03-25 16:00:14 [INFO]: ✅ [PB-R-37299] Updated
2026-03-25 16:00:14 [INFO]: ✅ [PB-S-37292] Updated
2026-03-25 16:00:14 [INFO]: ✅ [PB-S-16019-3] Updated
2026-03-25 16:00:14 [INFO]: ✅ [PB-R-37262] Updated
2026-03-25 16:00:14 [INFO]: ✅ [PB-S-37304] Updated
2026-03-25 16:00:14 [INFO]: ✅ [PB-R-37291] Updated
2026-03-25 16:00:14 [INFO]: ✅ [PB-S-36506] Updated
2026-03-25 16:00:14 [INFO]: ✅ [PB-R-37009] Updated
2026-03-25 16:00:14 [INFO]: ✅ [PB-R-37293] Updated
2026-03-25 16:00:14 [INFO]: ✅ [PB-S-37374] Updated
2026-03-25 16:00:14 [INFO]: ✅ [PB-R-11133] Updated
2026-03-25 16:00:14 [INFO]: ✅ [PB-S-36921] Updated
2026-03-25 16:00:14 [INFO]: ✅ [PB-S-36853] Updated
2026-03-25 16:00:14 [INFO]: ✅ [PB-R-37047] Updated
2026-03-25 16:00:14 [INFO]: ✅ [PB-R-37231] Updated
2026-03-25 16:00:14 [INFO]: ✅ [PB-R-36082-1] Updated
2026-03-25 16:00:14 [INFO]: ✅ [PB-R-36168-2] Updated
2026-03-25 16:00:14 [INFO]: ✅ [PB-S-36916] Updated
2026-03-25 16:00:14 [INFO]: ✅ [PB-R-36437] Updated
2026-03-25 16:00:14 [INFO]: ✅ [PB-R-36174-1] Updated
2026-03-25 16:00:14 [INFO]: ✅ [PB-S-37234] Updated
2026-03-25 16:00:14 [INFO]: ✅ [PB-S-37197] Updated
2026-03-25 16:00:14 [INFO]: ✅ [PB-S-37072] Updated
2026-03-25 16:00:14 [INFO]: ✅ [PB-S-37251] Updated
2026-03-25 16:00:14 [INFO]: ✅ [PB-S-37046] Updated
2026-03-25 16:00:14 [INFO]: ✅ [PB-R-36911] Updated
2026-03-25 16:00:14 [INFO]: ✅ [PB-S-36560] Updated
2026-03-25 16:00:14 [INFO]: ✅ [PB-S-36889] Updated
2026-03-25 16:00:14 [INFO]: ✅ [PB-R-37074] Updated
2026-03-25 16:00:14 [INFO]: ✅ [PB-S-37057] Updated
2026-03-25 16:00:14 [INFO]: ✅ [PB-R-37128] Updated
2026-03-25 16:00:14 [INFO]: ✅ [PB-S-37229] Updated
2026-03-25 16:00:14 [INFO]: ✅ [PB-S-36904] Updated
2026-03-25 16:00:14 [INFO]: ✅ [PB-R-36424] Updated
2026-03-25 16:00:14 [INFO]: ✅ [PB-S-37021] Updated
2026-03-25 16:00:14 [INFO]: ✅ [PB-R-37241] Updated
2026-03-25 16:00:14 [INFO]: ✅ [PB-S-12904] Updated
2026-03-25 16:00:14 [INFO]: ✅ [PB-S-36181] Updated
2026-03-25 16:00:14 [INFO]: ✅ [PB-S-36471] Updated
2026-03-25 16:00:14 [INFO]: ✅ [PB-S-21972-2] Updated
2026-03-25 16:00:14 [INFO]: ✅ [PB-S-22695] Updated
2026-03-25 16:00:14 [INFO]: ⏭️  [PB-S-1342] Skipped
2026-03-25 16:00:14 [INFO]: ✅ [PB-S-36061-1] Updated
2026-03-25 16:00:14 [INFO]: ✅ [PB-S-37022] Updated
2026-03-25 16:00:14 [INFO]: ✅ [PB-R-13906-4] Updated
2026-03-25 16:00:14 [INFO]: ✅ [PB-S-37084] Updated
2026-03-25 16:00:14 [INFO]: ✅ [PB-S-37209] Updated
2026-03-25 16:00:14 [INFO]: ✅ [PB-R-36170] Updated
2026-03-25 16:00:14 [INFO]: ✅ [PB-R-36169] Updated
2026-03-25 16:00:14 [INFO]: ✅ [PB-R-36520-3] Updated
2026-03-25 16:00:14 [INFO]: ✅ [PB-R-36519-2] Updated
2026-03-25 16:00:14 [INFO]: ✅ [PB-R-36744] Updated
2026-03-25 16:00:14 [INFO]: ✅ [PB-R-37124] Updated
2026-03-25 16:00:14 [INFO]: ✅ [PB-R-36740-1] Updated
2026-03-25 16:00:14 [INFO]: ✅ [PB-S-12773-5] Updated
2026-03-25 16:00:14 [INFO]: ✅ [PB-S-7425-2] Updated
2026-03-25 16:00:14 [INFO]: ✅ [PB-S-18626-3] Updated
2026-03-25 16:00:14 [INFO]: ✅ [PB-R-36929] Updated
2026-03-25 16:00:14 [INFO]: ✅ [PB-S-37134] Updated
2026-03-25 16:00:14 [INFO]: ✅ [PB-S-37212] Updated
2026-03-25 16:00:14 [INFO]: ✅ [PB-S-37206] Updated
2026-03-25 16:00:14 [INFO]: ✅ [PB-R-37257] Updated
2026-03-25 16:00:14 [INFO]: ✅ [PB-S-37071] Updated
2026-03-25 16:00:14 [INFO]: ✅ [PB-S-37014] Updated
2026-03-25 16:00:14 [INFO]: ✅ [PB-R-37189] Updated
2026-03-25 16:00:14 [INFO]: ✅ [PB-S-37003] Updated
2026-03-25 16:00:14 [INFO]: ✅ [PB-S-37004] Updated
2026-03-25 16:00:14 [INFO]: ✅ [PB-S-37185] Updated
2026-03-25 16:00:14 [INFO]: ✅ [PB-S-37186] Updated
2026-03-25 16:00:14 [INFO]: ✅ [PB-S-37187] Updated
2026-03-25 16:00:14 [INFO]: ✅ [PB-R-16076-1] Updated
2026-03-25 16:00:14 [INFO]: ✅ [PB-R-37170] Updated
2026-03-25 16:00:14 [INFO]: ✅ [PB-S-9768-9] Updated
2026-03-25 16:00:14 [INFO]: ✅ [PB-S-36976] Updated
2026-03-25 16:00:14 [INFO]: ✅ [PB-S-36974] Updated
2026-03-25 16:00:14 [INFO]: ✅ [PB-R-37151] Updated
2026-03-25 16:00:14 [INFO]: ✅ [PB-S-36983] Updated
2026-03-25 16:00:14 [INFO]: ✅ [PB-S-37079] Updated
2026-03-25 16:00:14 [INFO]: ✅ [PB-S-36790] Updated
2026-03-25 16:00:14 [INFO]: ✅ [PB-S-37126] Updated
2026-03-25 16:00:14 [INFO]: ✅ [PB-S-37125] Updated
2026-03-25 16:00:14 [INFO]: ✅ [PB-S-37122] Updated
2026-03-25 16:00:14 [INFO]: ✅ [PB-S-37120] Updated
2026-03-25 16:00:14 [INFO]: ✅ [PB-S-37119] Updated
2026-03-25 16:00:14 [INFO]: ✅ [PB-S-37116] Updated
2026-03-25 16:00:14 [INFO]: ✅ [PB-S-37095] Updated
2026-03-25 16:00:14 [INFO]: ✅ [PB-S-37096] Updated
2026-03-25 16:00:14 [INFO]: ✅ [PB-R-37132] Updated
2026-03-25 16:00:14 [INFO]: ✅ [PB-S-13776-5] Updated
2026-03-25 16:00:14 [INFO]: ✅ [PB-R-37213] Updated
2026-03-25 16:00:14 [INFO]: ✅ [PB-R-36387-1] Updated
2026-03-25 16:00:14 [INFO]: ⏭️  [PB-R-10165-1] Skipped
2026-03-25 16:00:14 [INFO]: ✅ [PB-R-36923] Updated
2026-03-25 16:00:14 [INFO]: ✅ [PB-S-36649-1] Updated
2026-03-25 16:00:14 [INFO]: ✅ [PB-S-37043] Updated
2026-03-25 16:00:14 [INFO]: ✅ [PB-R-37205-1] Updated
2026-03-25 16:00:14 [INFO]: ✅ [PB-S-37220] Updated
2026-03-25 16:00:14 [INFO]: ✅ [PB-R-37252] Updated
2026-03-25 16:00:14 [INFO]: ✅ [PB-S-37058] Updated
2026-03-25 16:00:14 [INFO]: ✅ [PB-S-37070] Updated
2026-03-25 16:00:14 [INFO]: ✅ [PB-S-36867] Updated
2026-03-25 16:00:14 [INFO]: ✅ [PB-S-37054] Updated
2026-03-25 16:00:14 [INFO]: ✅ [PB-R-37131-1] Updated
2026-03-25 16:00:14 [INFO]: ✅ [PB-R-9692-3] Updated
2026-03-25 16:00:14 [INFO]: ✅ [PB-S-21886-1] Updated
2026-03-25 16:00:14 [INFO]: ✅ [PB-S-37145] Updated
2026-03-25 16:00:14 [INFO]: ✅ [PB-S-36928] Updated
2026-03-25 16:00:14 [INFO]: ✅ [PB-S-37171] Updated
2026-03-25 16:00:14 [INFO]: ✅ [PB-S-36991] Updated
2026-03-25 16:00:14 [INFO]: ✅ [PB-S-18542] Updated
2026-03-25 16:00:14 [INFO]: ✅ [PB-S-36982] Updated
2026-03-25 16:00:14 [INFO]: ✅ [PB-S-36981] Updated
2026-03-25 16:00:14 [INFO]: ✅ [PB-S-37208] Updated
2026-03-25 16:00:14 [INFO]: ✅ [PB-R-37246] Updated
2026-03-25 16:00:14 [INFO]: ✅ [PB-S-36980] Updated
2026-03-25 16:00:14 [INFO]: ✅ [PB-R-37042] Updated
2026-03-25 16:00:14 [INFO]: ✅ [PB-S-36812] Updated
2026-03-25 16:00:14 [INFO]: ✅ [PB-S-37029] Updated
2026-03-25 16:00:14 [INFO]: ✅ [PB-S-36557] Updated
2026-03-25 16:00:14 [INFO]: ✅ [PB-S-37109] Updated
2026-03-25 16:00:14 [INFO]: ✅ [PB-R-36964] Updated
2026-03-25 16:00:14 [INFO]: ✅ [PB-R-14248-4] Updated
2026-03-25 16:00:14 [INFO]: ⏭️  [PB-S-37239] Skipped
2026-03-25 16:00:14 [INFO]: ⏭️  [PB-S-37237] Skipped
2026-03-25 16:00:14 [INFO]: ✅ [PB-S-36315] Updated
2026-03-25 16:00:14 [INFO]: ✅ [PB-S-17614-1] Updated
2026-03-25 16:00:14 [INFO]: ✅ [PB-S-12805-1] Updated
2026-03-25 16:00:14 [INFO]: ✅ [PB-S-12802-1] Updated
2026-03-25 16:00:14 [INFO]: ✅ [PB-S-9745-6] Updated
2026-03-25 16:00:14 [INFO]: ✅ [PB-R-37222] Updated
2026-03-25 16:00:14 [INFO]: ✅ [PB-S-12073-7] Updated
2026-03-25 16:00:14 [INFO]: ✅ [PB-S-4804-4] Updated
2026-03-25 16:00:14 [INFO]: ⏭️  [PB-S-36959-1] Skipped
2026-03-25 16:00:14 [INFO]: ✅ [PB-S-11497-2] Updated
2026-03-25 16:00:14 [INFO]: ✅ [PB-R-36507-1] Updated
2026-03-25 16:00:14 [INFO]: ✅ [PB-S-11772] Updated
2026-03-25 16:00:14 [INFO]: ✅ [PB-S-11850-5] Updated
2026-03-25 16:00:14 [INFO]: ✅ [PB-S-15759-3] Updated
2026-03-25 16:00:14 [INFO]: ✅ [PB-S-18527-3] Updated
2026-03-25 16:00:14 [INFO]: ✅ [PB-S-36384-1] Updated
2026-03-25 16:00:14 [INFO]: ✅ [PB-R-9397-1] Updated
2026-03-25 16:00:14 [INFO]: ✅ [PB-S-36913] Updated
2026-03-25 16:00:14 [INFO]: ✅ [PB-S-36634] Updated
2026-03-25 16:00:14 [INFO]: ✅ [PB-S-36438] Updated
2026-03-25 16:00:14 [INFO]: ✅ [PB-S-36059-2] Updated
2026-03-25 16:00:14 [INFO]: ✅ [PB-S-37202] Updated
2026-03-25 16:00:14 [INFO]: ✅ [PB-S-1441-4] Updated
2026-03-25 16:00:14 [INFO]: ✅ [PB-S-36620] Updated
2026-03-25 16:00:14 [INFO]: ✅ [PB-S-36618] Updated
2026-03-25 16:00:14 [INFO]: ✅ [PB-S-9609-7] Updated
2026-03-25 16:00:14 [INFO]: ✅ [PB-S-3692-2] Updated
2026-03-25 16:00:14 [INFO]: ⏭️  [PB-R-37177] Skipped
2026-03-25 16:00:14 [INFO]: ✅ [PB-S-18559-1] Updated
2026-03-25 16:00:14 [INFO]: ✅ [PB-R-36626-1] Updated
2026-03-25 16:00:14 [INFO]: ✅ [PB-R-36407] Updated
2026-03-25 16:00:14 [INFO]: ⏭️  [PB-R-37130] Skipped
2026-03-25 16:00:14 [INFO]: ✅ [PB-R-6544-4] Updated
2026-03-25 16:00:14 [INFO]: ✅ [PB-S-14423-6] Updated
2026-03-25 16:00:14 [INFO]: ✅ [PB-R-35951-1] Updated
2026-03-25 16:00:14 [INFO]: ✅ [PB-S-32169-2] Updated
2026-03-25 16:00:14 [INFO]: ✅ [PB-R-37172] Updated
2026-03-25 16:00:14 [INFO]: ✅ [PB-R-37148] Updated
2026-03-25 16:00:14 [INFO]: ✅ [PB-S-14310-6] Updated
2026-03-25 16:00:14 [INFO]: ✅ [PB-S-36122-2] Updated
2026-03-25 16:00:14 [INFO]: ✅ [PB-S-14098-3] Updated
2026-03-25 16:00:14 [INFO]: ✅ [PB-S-12247-14] Updated
2026-03-25 16:00:14 [INFO]: ✅ [PB-S-3644-4] Updated
2026-03-25 16:00:14 [INFO]: ⏭️  [PB-S-37142] Skipped
2026-03-25 16:00:14 [INFO]: ✅ [PB-S-15153-1] Updated
2026-03-25 16:00:14 [INFO]: ✅ [PB-S-12892-7] Updated
2026-03-25 16:00:14 [INFO]: ✅ [PB-S-12885-11] Updated
2026-03-25 16:00:14 [INFO]: ✅ [PB-R-37026] Updated
2026-03-25 16:00:14 [INFO]: ⏭️  [PB-R-37137] Skipped
2026-03-25 16:00:14 [INFO]: ✅ [PB-S-37141] Updated
2026-03-25 16:00:14 [INFO]: ⏭️  [PB-R-37140] Skipped
2026-03-25 16:00:14 [INFO]: ⏭️  [PB-R-37123] Skipped
2026-03-25 16:00:14 [INFO]: ✅ [PB-R-36970] Updated
2026-03-25 16:00:14 [INFO]: ✅ [PB-S-36399-1] Updated
2026-03-25 16:00:14 [INFO]: ✅ [PB-S-11892-3] Updated
2026-03-25 16:00:14 [INFO]: ✅ [PB-S-37136] Updated
2026-03-25 16:00:14 [INFO]: ✅ [PB-S-18038] Updated
2026-03-25 16:00:14 [INFO]: ✅ [PB-S-9003-5] Updated
2026-03-25 16:00:14 [INFO]: ✅ [PB-R-35970-5] Updated
2026-03-25 16:00:14 [INFO]: ✅ [PB-S-36434-1] Updated
2026-03-25 16:00:14 [INFO]: ✅ [PB-S-12572-11] Updated
2026-03-25 16:00:14 [INFO]: ✅ [PB-S-36138-2] Updated
2026-03-25 16:00:14 [INFO]: ✅ [PB-S-36136-2] Updated
2026-03-25 16:00:14 [INFO]: ✅ [PB-S-36165 - 2] Updated
2026-03-25 16:00:14 [INFO]: ✅ [PB-S-12554-9] Updated
2026-03-25 16:00:14 [INFO]: ✅ [PB-S-12887-6] Updated
2026-03-25 16:00:14 [INFO]: ✅ [PB-S-36190-1] Updated
2026-03-25 16:00:14 [INFO]: ✅ [PB-S-9053-4] Updated
2026-03-25 16:00:14 [INFO]: ✅ [PB-S-36473-1] Updated
2026-03-25 16:00:14 [INFO]: ✅ [PB-S-22107-2] Updated
2026-03-25 16:00:14 [INFO]: ✅ [PB-R-37049] Updated
2026-03-25 16:00:14 [INFO]: ✅ [PB-R-37082] Updated
2026-03-25 16:00:14 [INFO]: ⏭️  [PB-S-37078] Skipped
2026-03-25 16:00:14 [INFO]: ✅ [PB-R-37036] Updated
2026-03-25 16:00:14 [INFO]: ✅ [PB-R-37033] Updated
2026-03-25 16:00:14 [INFO]: ⏭️  [PB-R-37020] Skipped
2026-03-25 16:00:14 [INFO]: ✅ [PB-R-37027] Updated
2026-03-25 16:00:14 [INFO]: ✅ [PB-R-36962] Updated
2026-03-25 16:00:14 [INFO]: ✅ [PB-R-36910] Updated
2026-03-25 16:00:14 [INFO]: ✅ [PB-R-36909] Updated
2026-03-25 16:00:14 [INFO]: ✅ [PB-R-37038] Updated
2026-03-25 16:00:14 [INFO]: ✅ [PB-R-36585] Updated
2026-03-25 16:00:14 [INFO]: ✅ [PB-R-36368] Updated
2026-03-25 16:00:14 [INFO]: ✅ [PB-R-36367] Updated
2026-03-25 16:00:14 [INFO]: ✅ [PB-R-36328] Updated
2026-03-25 16:00:14 [INFO]: ✅ [PB-S-4856-3] Updated
2026-03-25 16:00:14 [INFO]: ✅ [PB-R-36253] Updated
2026-03-25 16:00:14 [INFO]: ✅ [PB-R-36327] Updated
2026-03-25 16:00:14 [INFO]: ✅ [PB-R-36321] Updated
2026-03-25 16:00:14 [INFO]: ✅ [PB-S-13525-5] Updated
2026-03-25 16:00:14 [INFO]: ⏭️  [PB-R-37069] Skipped
2026-03-25 16:00:14 [INFO]: ✅ [PB-S-14406-4] Updated
2026-03-25 16:00:14 [INFO]: ✅ [PB-S-21979-2] Updated
2026-03-25 16:00:14 [INFO]: ✅ [PB-S-14148-2] Updated
2026-03-25 16:00:14 [INFO]: ✅ [PB-S-37018] Updated
2026-03-25 16:00:14 [INFO]: ✅ [PB-S-15195-2] Updated
2026-03-25 16:00:14 [INFO]: ✅ [PB-S-36999] Updated
2026-03-25 16:00:14 [INFO]: ✅ [PB-R-13852-7] Updated
2026-03-25 16:00:14 [INFO]: ✅ [PB-S-36575] Updated
2026-03-25 16:00:14 [INFO]: ✅ [PB-S-36574] Updated
2026-03-25 16:00:14 [INFO]: ✅ [PB-R-36542] Updated
2026-03-25 16:00:14 [INFO]: ✅ [PB-R-36311] Updated
2026-03-25 16:00:14 [INFO]: ✅ [PB-R-36310] Updated
2026-03-25 16:00:14 [INFO]: ✅ [PB-R-36298] Updated
2026-03-25 16:00:14 [INFO]: ✅ [PB-R-36334] Updated
2026-03-25 16:00:14 [INFO]: ✅ [PB-S-36614] Updated
2026-03-25 16:00:14 [INFO]: ✅ [PB-S-36672] Updated
2026-03-25 16:00:14 [INFO]: ✅ [PB-S-36705] Updated
2026-03-25 16:00:14 [INFO]: ✅ [PB-S-36002-2] Updated
2026-03-25 16:00:14 [INFO]: ✅ [PB-S-36447] Updated
2026-03-25 16:00:14 [INFO]: ✅ [PB-S-36445] Updated
2026-03-25 16:00:14 [INFO]: ✅ [PB-S-36442] Updated
2026-03-25 16:00:14 [INFO]: ✅ [PB-S-36612] Updated
2026-03-25 16:00:14 [INFO]: ✅ [PB-S-36572] Updated
2026-03-25 16:00:14 [INFO]: ✅ [PB-S-36573] Updated
2026-03-25 16:00:14 [INFO]: ✅ [PB-S-36671] Updated
2026-03-25 16:00:14 [INFO]: ✅ [PB-S-36860] Updated
2026-03-25 16:00:14 [INFO]: ✅ [PB-S-36571] Updated
2026-03-25 16:00:14 [INFO]: ⏭️  [PB-R-37035] Skipped
2026-03-25 16:00:14 [INFO]: ⏭️  [PB-R-37034] Skipped
2026-03-25 16:00:14 [INFO]: ✅ [PB-R-37002] Updated
2026-03-25 16:00:14 [INFO]: ✅ [PB-S-12057-2] Updated
2026-03-25 16:00:14 [INFO]: ✅ [PB-R-36919] Updated
2026-03-25 16:00:14 [INFO]: ✅ [PB-S-36985] Updated
2026-03-25 16:00:14 [INFO]: ✅ [PB-S-36822-1] Updated
2026-03-25 16:00:14 [INFO]: ⏭️  [PB-S-37045] Skipped
2026-03-25 16:00:14 [INFO]: ✅ [PB-R-36903] Updated
2026-03-25 16:00:14 [INFO]: ✅ [PB-S-28666-1] Updated
2026-03-25 16:00:14 [INFO]: ✅ [PB-R-36183] Updated
2026-03-25 16:00:14 [INFO]: ✅ [PB-R-35960] Updated
2026-03-25 16:00:14 [INFO]: ✅ [PB-S-36935] Updated
2026-03-25 16:00:14 [INFO]: ✅ [PB-S-15914] Updated
2026-03-25 16:00:14 [INFO]: ✅ [PB-S-36410] Updated
2026-03-25 16:00:14 [INFO]: ✅ [PB-S-36409] Updated
2026-03-25 16:00:14 [INFO]: ✅ [PB-S-36710] Updated
2026-03-25 16:00:14 [INFO]: ✅ [PB-S-9822-2] Updated
2026-03-25 16:00:14 [INFO]: ✅ [PB-S-28668-1] Updated
2026-03-25 16:00:14 [INFO]: ✅ [PB-S-25733] Updated
2026-03-25 16:00:14 [INFO]: ✅ [PB-S-14101-5] Updated
2026-03-25 16:00:14 [INFO]: ✅ [PB-S-28663-1] Updated
2026-03-25 16:00:14 [INFO]: ✅ [PB-S-12604-4] Updated
2026-03-25 16:00:14 [INFO]: ✅ [PB-S-12897-5] Updated
2026-03-25 16:00:14 [INFO]: ✅ [PB-S-12900-5] Updated
2026-03-25 16:00:14 [INFO]: ✅ [PB-S-11383-6] Updated
2026-03-25 16:00:14 [INFO]: ✅ [PB-S-14071-4] Updated
2026-03-25 16:00:14 [INFO]: ✅ [PB-S-14124-4] Updated
2026-03-25 16:00:14 [INFO]: ✅ [PB-S-14293-3] Updated
2026-03-25 16:00:14 [INFO]: ✅ [PB-S-18618-2] Updated
2026-03-25 16:00:14 [INFO]: ✅ [PB-S-13932-5] Updated
2026-03-25 16:00:14 [INFO]: ✅ [PB-S-11916-7] Updated
2026-03-25 16:00:14 [INFO]: ✅ [PB-S-12279-4] Updated
2026-03-25 16:00:14 [INFO]: ✅ [PB-S-13929-1] Updated
2026-03-25 16:00:14 [INFO]: ✅ [PB-S-21954-1] Updated
2026-03-25 16:00:14 [INFO]: ✅ [PB-S-34618-2] Updated
2026-03-25 16:00:14 [INFO]: ⏭️  [PB-S-37006] Skipped
2026-03-25 16:00:14 [INFO]: ✅ [PB-S-36254-1] Updated
2026-03-25 16:00:14 [INFO]: ✅ [PB-S-37008] Updated
2026-03-25 16:00:14 [INFO]: ✅ [PB-S-13648-7] Updated
2026-03-25 16:00:14 [INFO]: ⏭️  [PB-S-36993] Skipped
2026-03-25 16:00:14 [INFO]: ✅ [PB-S-22200-2] Updated
2026-03-25 16:00:14 [INFO]: ⏭️  [PB-S-14314] Skipped
2026-03-25 16:00:14 [INFO]: ✅ [PB-S-18532-4] Updated
2026-03-25 16:00:14 [INFO]: ✅ [PB-S-1517-5] Updated
2026-03-25 16:00:14 [INFO]: ✅ [PB-R-36989] Updated
2026-03-25 16:00:14 [INFO]: ✅ [PB-S-12886-5] Updated
2026-03-25 16:00:14 [INFO]: ✅ [PB-S-13519-5] Updated
2026-03-25 16:00:14 [INFO]: ✅ [PB-S-12560-6] Updated
2026-03-25 16:00:14 [INFO]: ✅ [PB-S-13401-5] Updated
2026-03-25 16:00:14 [INFO]: ✅ [PB-S-12903-5] Updated
2026-03-25 16:00:14 [INFO]: ✅ [PB-S-12558-7] Updated
2026-03-25 16:00:14 [INFO]: ✅ [PB-S-21916-4] Updated
2026-03-25 16:00:14 [INFO]: ✅ [PB-R-36555-1] Updated
2026-03-25 16:00:14 [INFO]: ✅ [PB-S-11996-9] Updated
2026-03-25 16:00:14 [INFO]: ✅ [PB-S-15131-3] Updated
2026-03-25 16:00:14 [INFO]: ✅ [PB-S-12876-5] Updated
2026-03-25 16:00:14 [INFO]: ✅ [PB-S-13460-5] Updated
2026-03-25 16:00:14 [INFO]: ✅ [PB-S-15781-2] Updated
2026-03-25 16:00:14 [INFO]: ✅ [PB-S-16045-3] Updated
2026-03-25 16:00:14 [INFO]: ✅ [PB-S-36269] Updated
2026-03-25 16:00:14 [INFO]: ✅ [PB-S-36594] Updated
2026-03-25 16:00:14 [INFO]: ⏭️  [PB-S-36984] Skipped
2026-03-25 16:00:14 [INFO]: ✅ [PB-S-12804-8] Updated
2026-03-25 16:00:14 [INFO]: ✅ [PB-S-22708] Updated
2026-03-25 16:00:14 [INFO]: ✅ [PB-S-36968] Updated
2026-03-25 16:00:14 [INFO]: ✅ [PB-R-13998-4] Updated
2026-03-25 16:00:14 [INFO]: ✅ [PB-S-13488-5] Updated
2026-03-25 16:00:14 [INFO]: ✅ [PB-S-13509-5] Updated
2026-03-25 16:00:14 [INFO]: ✅ [PB-S-36905] Updated
2026-03-25 16:00:14 [INFO]: ✅ [PB-S-36361] Updated
2026-03-25 16:00:14 [INFO]: ✅ [PB-S-36870] Updated
2026-03-25 16:00:14 [INFO]: ✅ [PB-S-36683] Updated
2026-03-25 16:00:14 [INFO]: ✅ [PB-S-36080-1] Updated
2026-03-25 16:00:14 [INFO]: ⏭️  [PB-S-36958] Skipped
2026-03-25 16:00:14 [INFO]: ✅ [PB-S-13925-4] Updated
2026-03-25 16:00:14 [INFO]: ✅ [PB-S-36848] Updated
2026-03-25 16:00:14 [INFO]: ✅ [PB-S-36523] Updated
2026-03-25 16:00:14 [INFO]: ✅ [PB-S-36850] Updated
2026-03-25 16:00:14 [INFO]: ✅ [PB-S-36851] Updated
2026-03-25 16:00:14 [INFO]: ✅ [PB-S-10926] Updated
2026-03-25 16:00:14 [INFO]: ✅ [PB-R-36907] Updated
2026-03-25 16:00:14 [INFO]: ✅ [PB-S-16175] Updated
2026-03-25 16:00:14 [INFO]: ✅ [PB-S-15172] Updated
2026-03-25 16:00:14 [INFO]: ✅ [PB-S-36874] Updated
2026-03-25 16:00:14 [INFO]: ✅ [PB-S-36731] Updated
2026-03-25 16:00:14 [INFO]: ✅ [PB-S-13530-3] Updated
2026-03-25 16:00:14 [INFO]: ✅ [PB-S-36899] Updated
2026-03-25 16:00:14 [INFO]: ✅ [PB-S-12891-4] Updated
2026-03-25 16:00:14 [INFO]: ✅ [PB-S-13502-5] Updated
2026-03-25 16:00:14 [INFO]: ✅ [PB-S-36329] Updated
2026-03-25 16:00:14 [INFO]: ✅ [PB-S-36496] Updated
2026-03-25 16:00:14 [INFO]: ✅ [PB-R-27885-2] Updated
2026-03-25 16:00:14 [INFO]: ✅ [PB-S-36894] Updated
2026-03-25 16:00:14 [INFO]: ✅ [PB-S-15222-3] Updated
2026-03-25 16:00:14 [INFO]: ✅ [PB-S-36084] Updated
2026-03-25 16:00:14 [INFO]: ✅ [PB-S-36128-1] Updated
2026-03-25 16:00:14 [INFO]: ✅ [PB-S-21917-3] Updated
2026-03-25 16:00:14 [INFO]: ✅ [PB-S-12548-5] Updated
2026-03-25 16:00:14 [INFO]: ✅ [PB-S-21891-1] Updated
2026-03-25 16:00:14 [INFO]: ✅ [PB-S-24880] Updated
2026-03-25 16:00:14 [INFO]: ✅ [PB-S-14290-4] Updated
2026-03-25 16:00:14 [INFO]: ✅ [PB-S-26124] Updated
2026-03-25 16:00:14 [INFO]: ✅ [PB-S-36277] Updated
2026-03-25 16:00:14 [INFO]: ✅ [PB-S-36857] Updated
2026-03-25 16:00:14 [INFO]: ✅ [PB-S-36692] Updated
2026-03-25 16:00:14 [INFO]: ✅ [PB-S-36694] Updated
2026-03-25 16:00:14 [INFO]: ✅ [PB-S-36693] Updated
2026-03-25 16:00:14 [INFO]: ✅ [PB-S-36690] Updated
2026-03-25 16:00:14 [INFO]: ✅ [PB-S-36595] Updated
2026-03-25 16:00:14 [INFO]: ✅ [PB-S-36344] Updated
2026-03-25 16:00:14 [INFO]: ✅ [PB-S-12064-5] Updated
2026-03-25 16:00:14 [INFO]: ✅ [PB-S-18623-3] Updated
2026-03-25 16:00:14 [INFO]: ✅ [PB-S-15219-2] Updated
2026-03-25 16:00:14 [INFO]: ✅ [PB-S-12306-4] Updated
2026-03-25 16:00:14 [INFO]: ✅ [PB-S-36429] Updated
2026-03-25 16:00:14 [INFO]: ✅ [PB-S-1708] Updated
2026-03-25 16:00:14 [INFO]: ✅ [PB-S-36294] Updated
2026-03-25 16:00:14 [INFO]: ✅ [PB-S-36531] Updated
2026-03-25 16:00:14 [INFO]: ✅ [PB-S-13409-5] Updated
2026-03-25 16:00:14 [INFO]: ✅ [PB-S-13498-4] Updated
2026-03-25 16:00:14 [INFO]: ✅ [PB-S-13496-4] Updated
2026-03-25 16:00:14 [INFO]: ✅ [PB-R-15883-3] Updated
2026-03-25 16:00:14 [INFO]: ✅ [PB-S-36270-1] Updated
2026-03-25 16:00:14 [INFO]: ✅ [PB-S-36658-1] Updated
2026-03-25 16:00:14 [INFO]: ✅ [PB-S-16178-3] Updated
2026-03-25 16:00:14 [INFO]: ✅ [PB-S-31084-1] Updated
2026-03-25 16:00:14 [INFO]: ✅ [PB-R-36427] Updated
2026-03-25 16:00:14 [INFO]: ✅ [PB-R-36331] Updated
2026-03-25 16:00:14 [INFO]: ✅ [PB-R-36721] Updated
2026-03-25 16:00:14 [INFO]: ✅ [PB-R-36559] Updated
2026-03-25 16:00:14 [INFO]: ✅ [PB-S-36696] Updated
2026-03-25 16:00:14 [INFO]: ✅ [PB-S-36864] Updated
2026-03-25 16:00:14 [INFO]: ✅ [PB-S-36708] Updated
2026-03-25 16:00:14 [INFO]: ✅ [PB-S-13581-5] Updated
2026-03-25 16:00:14 [INFO]: ✅ [PB-S-13605-5] Updated
2026-03-25 16:00:14 [INFO]: ✅ [PB-S-36556] Updated
2026-03-25 16:00:14 [INFO]: ✅ [PB-S-11704-6] Updated
2026-03-25 16:00:14 [INFO]: ✅ [PB-R-36306] Updated
2026-03-25 16:00:14 [INFO]: ✅ [PB-R-36538] Updated
2026-03-25 16:00:14 [INFO]: ✅ [PB-R-36663] Updated
2026-03-25 16:00:14 [INFO]: ✅ [PB-R-13859-3] Updated
2026-03-25 16:00:14 [INFO]: ✅ [PB-R-33928-1] Updated
2026-03-25 16:00:14 [INFO]: ✅ [PB-S-36114] Updated
2026-03-25 16:00:14 [INFO]: ✅ [PB-S-36273] Updated
2026-03-25 16:00:14 [INFO]: ✅ [PB-S-10408-5] Updated
2026-03-25 16:00:14 [INFO]: ✅ [PB-R-36545] Updated
2026-03-25 16:00:14 [INFO]: ✅ [PB-R-36428] Updated
2026-03-25 16:00:14 [INFO]: ✅ [PB-S-11651] Updated
2026-03-25 16:00:14 [INFO]: ✅ [PB-S-13559-5] Updated
2026-03-25 16:00:14 [INFO]: ✅ [PB-S-34620-1] Updated
2026-03-25 16:00:14 [INFO]: ✅ [PB-S-34646-1] Updated
2026-03-25 16:00:14 [INFO]: ✅ [PB-S-36633] Updated
2026-03-25 16:00:14 [INFO]: ✅ [PB-S-36630] Updated
2026-03-25 16:00:14 [INFO]: ✅ [PB-R-36341] Updated
2026-03-25 16:00:14 [INFO]: ✅ [PB-S-11897-3] Updated
2026-03-25 16:00:14 [INFO]: ✅ [PB-S-36569] Updated
2026-03-25 16:00:14 [INFO]: ✅ [PB-S-33922] Updated
2026-03-25 16:00:14 [INFO]: ✅ [PB-S-36014] Updated
2026-03-25 16:00:14 [INFO]: ✅ [PB-S-36316] Updated
2026-03-25 16:00:14 [INFO]: ✅ [PB-S-36263] Updated
2026-03-25 16:00:14 [INFO]: ✅ [PB-S-36320] Updated
2026-03-25 16:00:14 [INFO]: ✅ [PB-S-36317] Updated
2026-03-25 16:00:14 [INFO]: ✅ [PB-S-36258] Updated
2026-03-25 16:00:14 [INFO]: ✅ [PB-S-36051] Updated
2026-03-25 16:00:14 [INFO]: ✅ [PB-R-16179-2] Updated
2026-03-25 16:00:14 [INFO]: ✅ [PB-S-36451] Updated
2026-03-25 16:00:14 [INFO]: ✅ [PB-S-36505] Updated
2026-03-25 16:00:14 [INFO]: ✅ [PB-S-36411] Updated
2026-03-25 16:00:14 [INFO]: ✅ [PB-S-36446] Updated
2026-03-25 16:00:14 [INFO]: ✅ [PB-S-11848-1] Updated
2026-03-25 16:00:14 [INFO]: ✅ [PB-S-36191] Updated
2026-03-25 16:00:14 [INFO]: ✅ [PB-S-36412] Updated
2026-03-25 16:00:14 [INFO]: ✅ [PB-S-14348-5] Updated
2026-03-25 16:00:14 [INFO]: ✅ [PB-S-13889-3] Updated
2026-03-25 16:00:14 [INFO]: ✅ [PB-S-36282] Updated
2026-03-25 16:00:14 [INFO]: ✅ [PB-S-36405] Updated
2026-03-25 16:00:14 [INFO]: ✅ [PB-S-36350] Updated
2026-03-25 16:00:14 [INFO]: ✅ [PB-S-36360] Updated
2026-03-25 16:00:14 [INFO]: ✅ [PB-S-36363] Updated
2026-03-25 16:00:14 [INFO]: ✅ [PB-S-36137] Updated
2026-03-25 16:00:14 [INFO]: ✅ [PB-S-36101] Updated
2026-03-25 16:00:14 [INFO]: ✅ [PB-S-36167] Updated
2026-03-25 16:00:14 [INFO]: ✅ [PB-S-36115] Updated
2026-03-25 16:00:14 [INFO]: ✅ [PB-S-36113] Updated
2026-03-25 16:00:14 [INFO]: ✅ [PB-S-36070] Updated
2026-03-25 16:00:14 [INFO]: ✅ [PB-R-36028] Updated
2026-03-25 16:00:14 [INFO]: ✅ [PB-S-26590] Updated
2026-03-25 16:00:14 [INFO]: ✅ [PB-S-12262] Updated
2026-03-25 16:00:14 [INFO]: ✅ [PB-S-11336-1] Updated
2026-03-25 16:00:14 [INFO]: ✅ [PB-S-15270] Updated
2026-03-25 16:00:14 [INFO]: ✅ [PB-S-13554-3] Updated
2026-03-25 16:00:14 [INFO]: ✅ [PB-S-12608] Updated
2026-03-25 16:00:14 [INFO]: ✅ [PB-R-21888-1] Updated
2026-03-25 16:00:14 [INFO]: ✅ [PB-S-12899-5] Updated
2026-03-25 16:00:14 [INFO]: ⏭️  [PB-S-22034] Skipped
2026-03-25 16:00:14 [INFO]: ⏭️  [PB-S-37446] Skipped
2026-03-25 16:00:14 [INFO]: ⏭️  [PB-S-14375] Skipped
2026-03-25 16:00:14 [INFO]: ⏭️  [PB-S-14131] Skipped
2026-03-25 16:00:14 [INFO]: ⏭️  [PB-S-13602] Skipped
2026-03-25 16:00:14 [INFO]: ⏭️  [PB-S-13960] Skipped
2026-03-25 16:00:14 [INFO]: ⏭️  [PB-S-21968] Skipped
2026-03-25 16:00:14 [INFO]: ⏭️  [PB-S-9952] Skipped
2026-03-25 16:00:14 [INFO]: ⏭️  [PB-S-37322] Skipped
2026-03-25 16:00:14 [INFO]: ⏭️  [PB-S-37232] Skipped
2026-03-25 16:00:14 [INFO]: ⏭️  [PB-S-12820] Skipped
2026-03-25 16:00:14 [INFO]: ⏭️  [PB-S-37433] Skipped
2026-03-25 16:00:14 [INFO]: ⏭️  [PB-S-3896] Skipped
2026-03-25 16:00:14 [INFO]: ⏭️  [PB-S-37068] Skipped
2026-03-25 16:00:14 [INFO]: ⏭️  [PB-S-37067] Skipped
2026-03-25 16:00:14 [INFO]: ⏭️  [PB-S-37435] Skipped
2026-03-25 16:00:14 [INFO]: ⏭️  [PB-S-32342] Skipped
2026-03-25 16:00:14 [INFO]: ⏭️  [PB-S-35459] Skipped
2026-03-25 16:00:14 [INFO]: ⏭️  [PB-S-35269] Skipped
2026-03-25 16:00:14 [INFO]: ⏭️  [PB-S-35976] Skipped
2026-03-25 16:00:14 [INFO]: ⏭️  [PB-S-36906] Skipped
2026-03-25 16:00:14 [INFO]: ⏭️  [PB-S-37431] Skipped
2026-03-25 16:00:14 [INFO]: ⏭️  [PB-S-16600] Skipped
2026-03-25 16:00:14 [INFO]: ⏭️  [PB-S-36990] Skipped
2026-03-25 16:00:14 [INFO]: ⏭️  [PB-S-37044] Skipped
2026-03-25 16:00:14 [INFO]: ⏭️  [PB-S-13516] Skipped
2026-03-25 16:00:14 [INFO]: ⏭️  [PB-S-13606] Skipped
2026-03-25 16:00:14 [INFO]: ⏭️  [PB-S-14370] Skipped
2026-03-25 16:00:14 [INFO]: ⏭️  [PB-S-13712] Skipped
2026-03-25 16:00:14 [INFO]: ⏭️  [PB-S-34639] Skipped
2026-03-25 16:00:14 [INFO]: ⏭️  [PB-S-13864] Skipped
2026-03-25 16:00:14 [INFO]: ⏭️  [PB-S-36126] Skipped
2026-03-25 16:00:14 [INFO]: ⏭️  [PB-S-35991] Skipped
2026-03-25 16:00:14 [INFO]: ⏭️  [PB-S-36826] Skipped
2026-03-25 16:00:14 [INFO]: ⏭️  [PB-S-14012] Skipped
2026-03-25 16:00:14 [INFO]: ⏭️  [PB-S-13765] Skipped
2026-03-25 16:00:14 [INFO]: ⏭️  [PB-S-36135] Skipped
2026-03-25 16:00:14 [INFO]: ⏭️  [PB-S-32361] Skipped
2026-03-25 16:00:14 [INFO]: ⏭️  [PB-S-36333] Skipped
2026-03-25 16:00:14 [INFO]: ⏭️  [PB-S-36866] Skipped
2026-03-25 16:00:14 [INFO]: ⏭️  [PB-S-12221] Skipped
2026-03-25 16:00:14 [INFO]: ⏭️  [PB-S-36827] Skipped
2026-03-25 16:00:14 [INFO]: ⏭️  [PB-S-13866] Skipped
2026-03-25 16:00:14 [INFO]: ⏭️  [PB-S-37370] Skipped
2026-03-25 16:00:14 [INFO]: ⏭️  [PB-S-14187] Skipped
2026-03-25 16:00:14 [INFO]: ⏭️  [PB-S-18384] Skipped
2026-03-25 16:00:14 [INFO]: ⏭️  [PB-S-18353] Skipped
2026-03-25 16:00:14 [INFO]: ⏭️  [PB-S-16180] Skipped
2026-03-25 16:00:14 [INFO]: ⏭️  [PB-S-16174] Skipped
2026-03-25 16:00:14 [INFO]: ⏭️  [PB-S-16167] Skipped
2026-03-25 16:00:14 [INFO]: ⏭️  [PB-S-16168] Skipped
2026-03-25 16:00:14 [INFO]: ⏭️  [PB-S-16166] Skipped
2026-03-25 16:00:14 [INFO]: ⏭️  [PB-S-16165] Skipped
2026-03-25 16:00:14 [INFO]: ⏭️  [PB-S-16164] Skipped
2026-03-25 16:00:14 [INFO]: ⏭️  [PB-S-16173] Skipped
2026-03-25 16:00:14 [INFO]: ⏭️  [PB-S-35465] Skipped
2026-03-25 16:00:14 [INFO]: ⏭️  [PB-S-14339] Skipped
2026-03-25 16:00:14 [INFO]: ⏭️  [PB-S-14091] Skipped
2026-03-25 16:00:14 [INFO]: ⏭️  [PB-S-37225] Skipped
2026-03-25 16:00:14 [INFO]: ⏭️  [PB-S-37181] Skipped
2026-03-25 16:00:14 [INFO]: ⏭️  [PB-S-33921] Skipped
2026-03-25 16:00:14 [INFO]: ⏭️  [PB-S-37405] Skipped
2026-03-25 16:00:14 [INFO]: ⏭️  [PB-S-21881] Skipped
2026-03-25 16:00:14 [INFO]: ⏭️  [PB-S-15803] Skipped
2026-03-25 16:00:14 [INFO]: ⏭️  [PB-S-15798] Skipped
2026-03-25 16:00:14 [INFO]: ⏭️  [PB-S-15583] Skipped
2026-03-25 16:00:14 [INFO]: ⏭️  [PB-S-15081] Skipped
2026-03-25 16:00:14 [INFO]: ⏭️  [PB-S-14977] Skipped
2026-03-25 16:00:14 [INFO]: ⏭️  [PB-S-15085] Skipped
2026-03-25 16:00:14 [INFO]: ⏭️  [PB-S-14397] Skipped
2026-03-25 16:00:14 [INFO]: ⏭️  [PB-S-14396] Skipped
2026-03-25 16:00:14 [INFO]: ⏭️  [PB-S-22046] Skipped
2026-03-25 16:00:14 [INFO]: ⏭️  [PB-S-21275] Skipped
2026-03-25 16:00:14 [INFO]: ⏭️  [PB-S-14351] Skipped
2026-03-25 16:00:14 [INFO]: ⏭️  [PB-S-18600] Skipped
2026-03-25 16:00:14 [INFO]: ⏭️  [PB-S-14347] Skipped
2026-03-25 16:00:14 [INFO]: ✅ [PB-S-18345] Updated
2026-03-25 16:00:14 [INFO]: ⏭️  [PB-S-18514] Skipped
2026-03-25 16:00:14 [INFO]: ⏭️  [PB-S-16153] Skipped
2026-03-25 16:00:14 [INFO]: ⏭️  [PB-S-16440] Skipped
2026-03-25 16:00:14 [INFO]: ⏭️  [PB-S-16490] Skipped
2026-03-25 16:00:14 [INFO]: ⏭️  [PB-S-16727] Skipped
2026-03-25 16:00:14 [INFO]: ⏭️  [PB-S-16737] Skipped
2026-03-25 16:00:14 [INFO]: ⏭️  [PB-S-16777] Skipped
2026-03-25 16:00:14 [INFO]: ⏭️  [PB-S-16774] Skipped
2026-03-25 16:00:14 [INFO]: ⏭️  [PB-S-16820] Skipped
2026-03-25 16:00:14 [INFO]: ⏭️  [PB-S-16856] Skipped
2026-03-25 16:00:14 [INFO]: ⏭️  [PB-S-17027] Skipped
2026-03-25 16:00:14 [INFO]: ⏭️  [PB-S-17045] Skipped
2026-03-25 16:00:14 [INFO]: ⏭️  [PB-S-18377] Skipped
2026-03-25 16:00:14 [INFO]: ⏭️  [PB-S-37402] Skipped
2026-03-25 16:00:14 [INFO]: ⏭️  [PB-S-37401] Skipped
2026-03-25 16:00:14 [INFO]: ⏭️  [PB-S-12582] Skipped
2026-03-25 16:00:14 [INFO]: ⏭️  [PB-S-37015] Skipped
2026-03-25 16:00:14 [INFO]: ⏭️  [PB-S-37052] Skipped
2026-03-25 16:00:14 [INFO]: ⏭️  [PB-S-13882] Skipped
2026-03-25 16:00:14 [INFO]: ⏭️  [PB-S-36836] Skipped
2026-03-25 16:00:14 [INFO]: ⏭️  [PB-S-22112] Skipped
2026-03-25 16:00:14 [INFO]: ⏭️  [PB-S-36998] Skipped
2026-03-25 16:00:14 [INFO]: ⏭️  [PB-S-14055] Skipped
2026-03-25 16:00:14 [INFO]: ⏭️  [PB-S-36685] Skipped
2026-03-25 16:00:14 [INFO]: ⏭️  [PB-S-36973] Skipped
2026-03-25 16:00:14 [INFO]: ⏭️  [PB-S-36251] Skipped
2026-03-25 16:00:14 [INFO]: ⏭️  [PB-S-12807] Skipped
2026-03-25 16:00:14 [INFO]: ⏭️  [PB-S-12806] Skipped
2026-03-25 16:00:14 [INFO]: ✅ [PB-R-36720-1] Updated
2026-03-25 16:00:14 [INFO]: ⏭️  [PB-S-16163] Skipped
2026-03-25 16:00:14 [INFO]: ⏭️  [PB-S-16036] Skipped
2026-03-25 16:00:14 [INFO]: ⏭️  [PB-S-15955] Skipped
2026-03-25 16:00:14 [INFO]: ⏭️  [PB-S-15824] Skipped
2026-03-25 16:00:14 [INFO]: ⏭️  [PB-S-15822] Skipped
2026-03-25 16:00:14 [INFO]: ⏭️  [PB-S-15816] Skipped
2026-03-25 16:00:14 [INFO]: ⏭️  [PB-S-15810] Skipped
2026-03-25 16:00:14 [INFO]: ⏭️  [PB-S-15800] Skipped
2026-03-25 16:00:14 [INFO]: ⏭️  [PB-S-15801] Skipped
2026-03-25 16:00:14 [INFO]: ⏭️  [PB-S-15802] Skipped
2026-03-25 16:00:14 [INFO]: ⏭️  [PB-S-15795] Skipped
2026-03-25 16:00:14 [INFO]: ⏭️  [PB-S-15794] Skipped
2026-03-25 16:00:14 [INFO]: ⏭️  [PB-S-15793] Skipped
2026-03-25 16:00:14 [INFO]: ⏭️  [PB-S-15791] Skipped
2026-03-25 16:00:14 [INFO]: ⏭️  [PB-S-15768] Skipped
2026-03-25 16:00:14 [INFO]: ⏭️  [PB-S-15764] Skipped
2026-03-25 16:00:14 [INFO]: ⏭️  [PB-S-15762] Skipped
2026-03-25 16:00:14 [INFO]: ⏭️  [PB-S-15761] Skipped
2026-03-25 16:00:14 [INFO]: ⏭️  [PB-S-15756] Skipped
2026-03-25 16:00:14 [INFO]: ⏭️  [PB-S-15210] Skipped
2026-03-25 16:00:14 [INFO]: ⏭️  [PB-S-14130-1] Skipped
2026-03-25 16:00:14 [INFO]: ⏭️  [PB-S-14127] Skipped
2026-03-25 16:00:14 [INFO]: ⏭️  [PB-S-14079] Skipped
2026-03-25 16:00:14 [INFO]: ⏭️  [PB-S-14078] Skipped
2026-03-25 16:00:14 [INFO]: ⏭️  [PB-S-14076] Skipped
2026-03-25 16:00:14 [INFO]: ⏭️  [PB-S-14025] Skipped
2026-03-25 16:00:14 [INFO]: ⏭️  [PB-S-13992] Skipped
2026-03-25 16:00:14 [INFO]: ⏭️  [PB-S-12740] Skipped
2026-03-25 16:00:14 [INFO]: ⏭️  [PB-S-12603] Skipped
2026-03-25 16:00:14 [INFO]: ✅ [PB-S-12203-6] Updated
2026-03-25 16:00:14 [INFO]: ⏭️  [PB-S-36371] Skipped
2026-03-25 16:00:14 [INFO]: ⏭️  [PB-S-36502] Skipped
2026-03-25 16:00:14 [INFO]: ✅ [PB-S-36171] Updated
2026-03-25 16:00:14 [INFO]: ⏭️  [PB-S-36495] Skipped
2026-03-25 16:00:14 [INFO]: ⏭️  [PB-S-36837] Skipped
2026-03-25 16:00:14 [INFO]: ⏭️  [PB-S-36526] Skipped
2026-03-25 16:00:14 [INFO]: ⏭️  [PB-S-36877] Skipped
2026-03-25 16:00:14 [INFO]: ⏭️  [PB-S-36583] Skipped
2026-03-25 16:00:14 [INFO]: ⏭️  [PB-S-36498] Skipped
2026-03-25 16:00:14 [INFO]: ⏭️  [PB-S-37063] Skipped
2026-03-25 16:00:14 [INFO]: ⏭️  [PB-S-37017] Skipped
2026-03-25 16:00:14 [INFO]: ⏭️  [PB-S-36479] Skipped
2026-03-25 16:00:14 [INFO]: ⏭️  [PB-S-36436] Skipped
2026-03-25 16:00:14 [INFO]: ⏭️  [PB-S-36339] Skipped
2026-03-25 16:00:14 [INFO]: ⏭️  [PB-S-36105] Skipped
2026-03-25 16:00:14 [INFO]: ⏭️  [PB-S-36003] Skipped
2026-03-25 16:00:14 [INFO]: ⏭️  [PB-S-36422] Skipped
2026-03-25 16:00:14 [INFO]: ⏭️  [PB-S-36015] Skipped
2026-03-25 16:00:14 [INFO]: ⏭️  [PB-S-36703] Skipped
2026-03-25 16:00:14 [INFO]: ⏭️  [PB-S-36378] Skipped
2026-03-25 16:00:14 [INFO]: ⏭️  [PB-S-36956] Skipped
2026-03-25 16:00:14 [INFO]: ⏭️  [PB-S-36036] Skipped
2026-03-25 16:00:14 [INFO]: ⏭️  [PB-S-37195] Skipped
2026-03-25 16:00:14 [INFO]: ⏭️  [PB-S-14275] Skipped
2026-03-25 16:00:14 [INFO]: ⏭️  [PB-S-13597] Skipped
2026-03-25 16:00:14 [INFO]: ⏭️  [PB-S-13616] Skipped
2026-03-25 16:00:14 [INFO]: ⏭️  [PB-S-11744] Skipped
2026-03-25 16:00:14 [INFO]: ⏭️  [PB-S-36380] Skipped
2026-03-25 16:00:14 [INFO]: ⏭️  [PB-S-13878] Skipped
2026-03-25 16:00:14 [INFO]: ⏭️  [PB-S-36784] Skipped
2026-03-25 16:00:14 [INFO]: ⏭️  [PB-S-36969] Skipped
2026-03-25 16:00:14 [INFO]: ⏭️  [PB-S-22080] Skipped
2026-03-25 16:00:14 [INFO]: ⏭️  [PB-S-36966] Skipped
2026-03-25 16:00:14 [INFO]: ⏭️  [PB-S-16606] Skipped
2026-03-25 16:00:14 [INFO]: ⏭️  [PB-S-37199] Skipped
2026-03-25 16:00:14 [INFO]: ⏭️  [PB-S-22090] Skipped
2026-03-25 16:00:14 [INFO]: ⏭️  [PB-S-34032] Skipped
2026-03-25 16:00:14 [INFO]: ⏭️  [PB-S-14002] Skipped
2026-03-25 16:00:14 [INFO]: ⏭️  [PB-S-15896] Skipped
2026-03-25 16:00:14 [INFO]: ⏭️  [PB-R-32326] Skipped
2026-03-25 16:00:14 [INFO]: ⏭️  [PB-R-28651] Skipped
2026-03-25 16:00:14 [INFO]: ⏭️  [PB-R-13780] Skipped
2026-03-25 16:00:14 [INFO]: ⏭️  [PB-R-36055] Skipped
2026-03-25 16:00:14 [INFO]: ✅ [PB-S-25628] Updated
2026-03-25 16:00:14 [INFO]: ⏭️  [PB-S-36880] Skipped
2026-03-25 16:00:14 [INFO]: ⏭️  [PB-R-36743] Skipped
2026-03-25 16:00:14 [INFO]: ⏭️  [PB-R-36750] Skipped
2026-03-25 16:00:14 [INFO]: ⏭️  [PB-R-36746] Skipped
2026-03-25 16:00:14 [INFO]: ⏭️  [PB-R-36748] Skipped
2026-03-25 16:00:14 [INFO]: ⏭️  [PB-R-36745] Skipped
2026-03-25 16:00:14 [INFO]: ⏭️  [PB-R-36747] Skipped
2026-03-25 16:00:14 [INFO]: ⏭️  [PB-S-36767] Skipped
2026-03-25 16:00:14 [INFO]: ⏭️  [PB-R-36761] Skipped
2026-03-25 16:00:14 [INFO]: ⏭️  [PB-R-36762] Skipped
2026-03-25 16:00:14 [INFO]: ⏭️  [PB-R-36763] Skipped
2026-03-25 16:00:14 [INFO]: ⏭️  [PB-S-36766] Skipped
2026-03-25 16:00:14 [INFO]: ⏭️  [PB-S-36765] Skipped
2026-03-25 16:00:14 [INFO]: ⏭️  [PB-S-36768] Skipped
2026-03-25 16:00:14 [INFO]: ⏭️  [PB-R-37041] Skipped
2026-03-25 16:00:14 [INFO]: ⏭️  [PB-S-37040] Skipped
2026-03-25 16:00:14 [INFO]: ⏭️  [PB-S-36810] Skipped
2026-03-25 16:00:14 [INFO]: ⏭️  [PB-S-36809] Skipped
2026-03-25 16:00:14 [INFO]: ⏭️  [PB-S-36819] Skipped
2026-03-25 16:00:14 [INFO]: ⏭️  [PB-R-36846] Skipped
2026-03-25 16:00:14 [INFO]: ⏭️  [PB-S-36863] Skipped
2026-03-25 16:00:14 [INFO]: ⏭️  [PB-R-36741] Skipped
2026-03-25 16:00:14 [INFO]: ⏭️  [PB-S-36967] Skipped
2026-03-25 16:00:14 [INFO]: ⏭️  [PB-S-15841] Skipped
2026-03-25 16:00:14 [INFO]: ⏭️  [PB-S-37260] Skipped
2026-03-25 16:00:14 [INFO]: ⏭️  [PB-S-37019] Skipped
2026-03-25 16:00:14 [INFO]: ⏭️  [PB-S-37001] Skipped
2026-03-25 16:00:14 [INFO]: ✅ [PB-R-37031] Updated
2026-03-25 16:00:14 [INFO]: ⏭️  [PB-S-36902] Skipped
2026-03-25 16:00:14 [INFO]: ⏭️  [PB-S-12758] Skipped
2026-03-25 16:00:14 [INFO]: ⏭️  [PB-S-36915] Skipped
2026-03-25 16:00:14 [INFO]: ⏭️  [PB-S-12847] Skipped
2026-03-25 16:00:14 [INFO]: ⏭️  [PB-S-14222] Skipped
2026-03-25 16:00:14 [INFO]: ⏭️  [PB-S-2911] Skipped
2026-03-25 16:00:14 [INFO]: ⏭️  [PB-S-27160] Skipped
2026-03-25 16:00:14 [INFO]: ⏭️  [PB-S-12844] Skipped
2026-03-25 16:00:14 [INFO]: ⏭️  [PB-S-35954] Skipped
2026-03-25 16:00:14 [INFO]: ⏭️  [PB-S-36852] Skipped
2026-03-25 16:00:14 [INFO]: ⏭️  [PB-S-36000] Skipped
2026-03-25 16:00:14 [INFO]: ⏭️  [PB-S-10511] Skipped
2026-03-25 16:00:14 [INFO]: ⏭️  [PB-S-25954] Skipped
2026-03-25 16:00:14 [INFO]: ⏭️  [PB-S-27631] Skipped
2026-03-25 16:00:14 [INFO]: ⏭️  [PB-S-3552] Skipped
2026-03-25 16:00:14 [INFO]: ⏭️  [PB-S-14329] Skipped
2026-03-25 16:00:14 [INFO]: ⏭️  [PB-S-12916] Skipped
2026-03-25 16:00:14 [INFO]: ⏭️  [PB-S-13926] Skipped
2026-03-25 16:00:14 [INFO]: ⏭️  [PB-S-13625] Skipped
2026-03-25 16:00:14 [INFO]: ⏭️  [PB-S-36707] Skipped
2026-03-25 16:00:14 [INFO]: ⏭️  [PB-S-13893] Skipped
2026-03-25 16:00:14 [INFO]: ⏭️  [PB-S-13965] Skipped
2026-03-25 16:00:14 [INFO]: ⏭️  [PB-S-35275] Skipped
2026-03-25 16:00:14 [INFO]: ⏭️  [PB-S-36625] Skipped
2026-03-25 16:00:14 [INFO]: ⏭️  [PB-S-36629] Skipped
2026-03-25 16:00:14 [INFO]: ⏭️  [PB-S-36865] Skipped
2026-03-25 16:00:14 [INFO]: ⏭️  [PB-R-36804] Skipped
2026-03-25 16:00:14 [INFO]: ⏭️  [PB-S-36886] Skipped
2026-03-25 16:00:14 [INFO]: ⏭️  [PB-S-36764] Skipped
2026-03-25 16:00:14 [INFO]: ✅ [PB-R-36753-1] Updated
2026-03-25 16:00:14 [INFO]: ⏭️  [PB-S-36751] Skipped
2026-03-25 16:00:14 [INFO]: ⏭️  [PB-S-36736] Skipped
2026-03-25 16:00:14 [INFO]: ⏭️  [PB-S-36925] Skipped
2026-03-25 16:00:14 [INFO]: ⏭️  [PB-S-36733] Skipped
2026-03-25 16:00:14 [INFO]: ⏭️  [PB-S-36885] Skipped
2026-03-25 16:00:14 [INFO]: ✅ [PB-R-36802] Updated
2026-03-25 16:00:14 [INFO]: ⏭️  [PB-S-36729] Skipped
2026-03-25 16:00:14 [INFO]: ⏭️  [PB-S-36924] Skipped
2026-03-25 16:00:14 [INFO]: ⏭️  [PB-S-36695] Skipped
2026-03-25 16:00:14 [INFO]: ⏭️  [PB-S-36678] Skipped
2026-03-25 16:00:14 [INFO]: ⏭️  [PB-S-36677] Skipped
2026-03-25 16:00:14 [INFO]: ⏭️  [PB-S-36544] Skipped
2026-03-25 16:00:14 [INFO]: ⏭️  [PB-S-36674] Skipped
2026-03-25 16:00:14 [INFO]: ✅ [PB-R-36604] Updated
2026-03-25 16:00:14 [INFO]: ✅ [PB-R-36611] Updated
2026-03-25 16:00:14 [INFO]: ⏭️  [PB-R-36613] Skipped
2026-03-25 16:00:14 [INFO]: ⏭️  [PB-S-36645] Skipped
2026-03-25 16:00:14 [INFO]: ⏭️  [PB-S-36631] Skipped
2026-03-25 16:00:14 [INFO]: ⏭️  [PB-S-36644] Skipped
2026-03-25 16:00:14 [INFO]: ✅ [PB-S-36500] Updated
2026-03-25 16:00:14 [INFO]: ⏭️  [PB-S-36401] Skipped
2026-03-25 16:00:14 [INFO]: ⏭️  [PB-S-36402] Skipped
2026-03-25 16:00:14 [INFO]: ⏭️  [PB-S-36491] Skipped
2026-03-25 16:00:14 [INFO]: ⏭️  [PB-S-36487] Skipped
2026-03-25 16:00:14 [INFO]: ⏭️  [PB-S-36525] Skipped
2026-03-25 16:00:14 [INFO]: ✅ [PB-S-36522] Updated
2026-03-25 16:00:14 [INFO]: ⏭️  [PB-S-36504] Skipped
2026-03-25 16:00:14 [INFO]: ⏭️  [PB-S-36482] Skipped
2026-03-25 16:00:14 [INFO]: ⏭️  [PB-S-36510] Skipped
2026-03-25 16:00:14 [INFO]: ⏭️  [PB-S-36480] Skipped
2026-03-25 16:00:14 [INFO]: ⏭️  [PB-S-36511] Skipped
2026-03-25 16:00:14 [INFO]: ⏭️  [PB-S-36485] Skipped
2026-03-25 16:00:14 [INFO]: ⏭️  [PB-S-36257] Skipped
2026-03-25 16:00:14 [INFO]: ✅ [PB-S-36406] Updated
2026-03-25 16:00:14 [INFO]: ⏭️  [PB-S-36370] Skipped
2026-03-25 16:00:14 [INFO]: ⏭️  [PB-S-36308] Skipped
2026-03-25 16:00:14 [INFO]: ⏭️  [PB-S-36246] Skipped
2026-03-25 16:00:14 [INFO]: ⏭️  [PB-S-36309] Skipped
2026-03-25 16:00:14 [INFO]: ✅ [PB-S-36398] Updated
2026-03-25 16:00:14 [INFO]: ⏭️  [PB-S-36400] Skipped
2026-03-25 16:00:14 [INFO]: ✅ [PB-R-36338] Updated
2026-03-25 16:00:14 [INFO]: ⏭️  [PB-S-36364] Skipped
2026-03-25 16:00:14 [INFO]: ⏭️  [PB-S-36119] Skipped
2026-03-25 16:00:14 [INFO]: ⏭️  [PB-S-36088] Skipped
2026-03-25 16:00:14 [INFO]: ⏭️  [PB-S-36116] Skipped
2026-03-25 16:00:14 [INFO]: ⏭️  [PB-S-36112] Skipped
2026-03-25 16:00:14 [INFO]: ⏭️  [PB-S-36117] Skipped
2026-03-25 16:00:14 [INFO]: ⏭️  [PB-S-36121] Skipped
2026-03-25 16:00:14 [INFO]: ⏭️  [PB-S-36120] Skipped
2026-03-25 16:00:14 [INFO]: ⏭️  [PB-S-36111] Skipped
2026-03-25 16:00:14 [INFO]: ✅ [PB-S-36046] Updated
2026-03-25 16:00:14 [INFO]: ⏭️  [PB-S-36081] Skipped
2026-03-25 16:00:14 [INFO]: ⏭️  [PB-S-36078] Skipped
2026-03-25 16:00:14 [INFO]: ⏭️  [PB-S-36066] Skipped
2026-03-25 16:00:14 [INFO]: ⏭️  [PB-S-36068] Skipped
2026-03-25 16:00:14 [INFO]: ⏭️  [PB-S-36034] Skipped
2026-03-25 16:00:14 [INFO]: ⏭️  [PB-S-36079] Skipped
2026-03-25 16:00:14 [INFO]: ✅ [PB-R-35972-1] Updated
2026-03-25 16:00:14 [INFO]: ⏭️  [PB-S-35998] Skipped
2026-03-25 16:00:14 [INFO]: ⏭️  [PB-S-36074] Skipped
2026-03-25 16:00:14 [INFO]: ⏭️  [PB-S-36083] Skipped
2026-03-25 16:00:14 [INFO]: ⏭️  [PB-S-36076] Skipped
2026-03-25 16:00:14 [INFO]: ⏭️  [PB-S-35279] Skipped
2026-03-25 16:00:14 [INFO]: ⏭️  [PB-S-34616] Skipped
2026-03-25 16:00:14 [INFO]: ⏭️  [PB-S-35162] Skipped
2026-03-25 16:00:14 [INFO]: ⏭️  [PB-S-34615] Skipped
2026-03-25 16:00:14 [INFO]: ⏭️  [PB-S-31316] Skipped
2026-03-25 16:00:14 [INFO]: ⏭️  [PB-S-30934] Skipped
2026-03-25 16:00:14 [INFO]: ⏭️  [PB-S-31107] Skipped
2026-03-25 16:00:14 [INFO]: ⏭️  [PB-S-30969] Skipped
2026-03-25 16:00:14 [INFO]: ⏭️  [PB-S-31024] Skipped
2026-03-25 16:00:14 [INFO]: ⏭️  [PB-R-28630] Skipped
2026-03-25 16:00:14 [INFO]: ⏭️  [PB-S-28625] Skipped
2026-03-25 16:00:14 [INFO]: ⏭️  [PB-S-22622] Skipped
2026-03-25 16:00:14 [INFO]: ⏭️  [PB-S-23525] Skipped
2026-03-25 16:00:14 [INFO]: ⏭️  [PB-S-22256] Skipped
2026-03-25 16:00:14 [INFO]: ⏭️  [PB-S-23664] Skipped
2026-03-25 16:00:14 [INFO]: ⏭️  [PB-S-22116] Skipped
2026-03-25 16:00:14 [INFO]: ⏭️  [PB-S-22152] Skipped
2026-03-25 16:00:14 [INFO]: ✅ [PB-S-21903-1] Updated
2026-03-25 16:00:14 [INFO]: ⏭️  [PB-S-21901] Skipped
2026-03-25 16:00:14 [INFO]: ⏭️  [PB-S-18545] Skipped
2026-03-25 16:00:14 [INFO]: ⏭️  [PB-S-18537] Skipped
2026-03-25 16:00:14 [INFO]: ⏭️  [PB-S-18547] Skipped
2026-03-25 16:00:14 [INFO]: ⏭️  [PB-S-18617] Skipped
2026-03-25 16:00:14 [INFO]: ⏭️  [PB-S-18548] Skipped
2026-03-25 16:00:14 [INFO]: ⏭️  [PB-S-18550] Skipped
2026-03-25 16:00:14 [INFO]: ⏭️  [PB-S-22002] Skipped
2026-03-25 16:00:14 [INFO]: ⏭️  [PB-S-21999] Skipped
2026-03-25 16:00:14 [INFO]: ⏭️  [PB-S-21933] Skipped
2026-03-25 16:00:14 [INFO]: ⏭️  [PB-S-21913] Skipped
2026-03-25 16:00:14 [INFO]: ⏭️  [PB-S-21912] Skipped
2026-03-25 16:00:14 [INFO]: ⏭️  [PB-S-21904] Skipped
2026-03-25 16:00:14 [INFO]: ⏭️  [PB-S-18380] Skipped
2026-03-25 16:00:14 [INFO]: ⏭️  [PB-S-18379] Skipped
2026-03-25 16:00:14 [INFO]: ⏭️  [PB-S-18378] Skipped
2026-03-25 16:00:14 [INFO]: ⏭️  [PB-S-18383] Skipped
2026-03-25 16:00:14 [INFO]: ⏭️  [PB-S-18374] Skipped
2026-03-25 16:00:14 [INFO]: ⏭️  [PB-S-18315] Skipped
2026-03-25 16:00:14 [INFO]: ⏭️  [PB-S-18385] Skipped
2026-03-25 16:00:14 [INFO]: ⏭️  [PB-S-18382] Skipped
2026-03-25 16:00:14 [INFO]: ⏭️  [PB-S-18513] Skipped
2026-03-25 16:00:14 [INFO]: ⏭️  [PB-S-18505] Skipped
2026-03-25 16:00:14 [INFO]: ⏭️  [PB-S-18493] Skipped
2026-03-25 16:00:14 [INFO]: ⏭️  [PB-S-18482] Skipped
2026-03-25 16:00:14 [INFO]: ⏭️  [PB-S-18479] Skipped
2026-03-25 16:00:14 [INFO]: ⏭️  [PB-S-18381] Skipped
2026-03-25 16:00:14 [INFO]: ⏭️  [PB-S-18437] Skipped
2026-03-25 16:00:14 [INFO]: ⏭️  [PB-S-18435] Skipped
2026-03-25 16:00:14 [INFO]: ⏭️  [PB-S-18429] Skipped
2026-03-25 16:00:14 [INFO]: ⏭️  [PB-S-18411] Skipped
2026-03-25 16:00:14 [INFO]: ⏭️  [PB-S-18390] Skipped
2026-03-25 16:00:14 [INFO]: ⏭️  [PB-S-16151] Skipped
2026-03-25 16:00:14 [INFO]: ⏭️  [PB-S-16812] Skipped
2026-03-25 16:00:14 [INFO]: ⏭️  [PB-S-16048] Skipped
2026-03-25 16:00:14 [INFO]: ⏭️  [PB-S-16050] Skipped
2026-03-25 16:00:14 [INFO]: ⏭️  [PB-S-16182] Skipped
2026-03-25 16:00:14 [INFO]: ⏭️  [PB-S-16814] Skipped
2026-03-25 16:00:14 [INFO]: ⏭️  [PB-S-16787] Skipped
2026-03-25 16:00:14 [INFO]: ⏭️  [PB-S-17284] Skipped
2026-03-25 16:00:14 [INFO]: ⏭️  [PB-S-16888] Skipped
2026-03-25 16:00:14 [INFO]: ⏭️  [PB-S-17543] Skipped
2026-03-25 16:00:14 [INFO]: ⏭️  [PB-S-16862] Skipped
2026-03-25 16:00:14 [INFO]: ⏭️  [PB-S-16202] Skipped
2026-03-25 16:00:14 [INFO]: ⏭️  [PB-S-16259] Skipped
2026-03-25 16:00:14 [INFO]: ⏭️  [PB-S-15231] Skipped
2026-03-25 16:00:14 [INFO]: ⏭️  [PB-S-16016] Skipped
2026-03-25 16:00:14 [INFO]: ⏭️  [PB-S-14284] Skipped
2026-03-25 16:00:14 [INFO]: ⏭️  [PB-S-15079] Skipped
2026-03-25 16:00:14 [INFO]: ⏭️  [PB-S-14411] Skipped
2026-03-25 16:00:14 [INFO]: ⏭️  [PB-S-14410] Skipped
2026-03-25 16:00:14 [INFO]: ✅ [PB-S-14400-2] Updated
2026-03-25 16:00:14 [INFO]: ⏭️  [PB-S-14345] Skipped
2026-03-25 16:00:14 [INFO]: ⏭️  [PB-S-14328] Skipped
2026-03-25 16:00:14 [INFO]: ⏭️  [PB-S-14253] Skipped
2026-03-25 16:00:14 [INFO]: ⏭️  [PB-S-14239] Skipped
2026-03-25 16:00:14 [INFO]: ⏭️  [PB-S-14142] Skipped
2026-03-25 16:00:14 [INFO]: ⏭️  [PB-S-14140] Skipped
2026-03-25 16:00:14 [INFO]: ⏭️  [PB-S-13784] Skipped
2026-03-25 16:00:14 [INFO]: ⏭️  [PB-S-14107] Skipped
2026-03-25 16:00:14 [INFO]: ⏭️  [PB-S-13888] Skipped
2026-03-25 16:00:14 [INFO]: ⏭️  [PB-S-13681] Skipped
2026-03-25 16:00:14 [INFO]: ⏭️  [PB-S-13858] Skipped
2026-03-25 16:00:14 [INFO]: ⏭️  [PB-S-13808] Skipped
2026-03-25 16:00:14 [INFO]: ⏭️  [PB-S-13785] Skipped
2026-03-25 16:00:14 [INFO]: ⏭️  [PB-S-13646-1] Skipped
2026-03-25 16:00:14 [INFO]: ⏭️  [PB-S-13392] Skipped
2026-03-25 16:00:14 [INFO]: ⏭️  [PB-S-13570] Skipped
2026-03-25 16:00:14 [INFO]: ⏭️  [PB-S-13582] Skipped
2026-03-25 16:00:14 [INFO]: ⏭️  [PB-S-13585-6] Skipped
2026-03-25 16:00:14 [INFO]: ⏭️  [PB-S-13567] Skipped
2026-03-25 16:00:14 [INFO]: ⏭️  [PB-S-13572] Skipped
2026-03-25 16:00:14 [INFO]: ⏭️  [PB-S-13612] Skipped
2026-03-25 16:00:14 [INFO]: ⏭️  [PB-S-13645] Skipped
2026-03-25 16:00:14 [INFO]: ⏭️  [PB-S-12821] Skipped
2026-03-25 16:00:14 [INFO]: ⏭️  [PB-S-12992] Skipped
2026-03-25 16:00:14 [INFO]: ⏭️  [PB-S-12186] Skipped
2026-03-25 16:00:14 [INFO]: ⏭️  [PB-S-8665] Skipped
2026-03-25 16:00:14 [INFO]: ⏭️  [PB-S-10976] Skipped
2026-03-25 16:00:14 [INFO]: ⏭️  [PB-S-11654] Skipped
2026-03-25 16:00:14 [INFO]: ⏭️  [PB-S-11701] Skipped
2026-03-25 16:00:14 [INFO]: ⏭️  [PB-S-10586] Skipped
2026-03-25 16:00:14 [INFO]: ⏭️  [PB-S-11209-1] Skipped
2026-03-25 16:00:14 [INFO]: ✅ [PB-S-11131] Updated
2026-03-25 16:00:14 [INFO]: ⏭️  [PB-S-7524] Skipped
2026-03-25 16:00:14 [INFO]: ⏭️  [PB-S-8126] Skipped
2026-03-25 16:00:14 [INFO]: ⏭️  [PB-S-2922] Skipped
2026-03-25 16:00:14 [INFO]: ✅ [PB-S-5008] Updated
2026-03-25 16:00:14 [INFO]: ⏭️  [PB-S-2923] Skipped
2026-03-25 16:00:14 [INFO]: ✅ [PB-S-1016-1] Updated
2026-03-25 16:00:14 [INFO]: ⏭️  [PB-S-10646] Skipped
2026-03-25 16:00:14 [INFO]: ⏭️  [PB-S-13880] Skipped
2026-03-25 16:00:14 [INFO]: ✅ [PB-S-14146-5] Updated
2026-03-25 16:00:14 [INFO]: ✅ [PB-S-2692] Updated
2026-03-25 16:00:14 [INFO]: ⏭️  [PB-S-36129] Skipped
2026-03-25 16:00:14 [INFO]: ⏭️  [PB-S-36008] Skipped
2026-03-25 16:00:14 [INFO]: ⏭️  [PB-S-28645] Skipped
2026-03-25 16:00:14 [INFO]: ⏭️  [PB-S-9945] Skipped
2026-03-25 16:00:14 [INFO]: ✅ [PB-S-12040-6] Updated
2026-03-25 16:00:14 [INFO]: ⏭️  [PB-S-8380] Skipped
2026-03-25 16:00:14 [INFO]: ⏭️  [PB-S-14182] Skipped
2026-03-25 16:00:14 [INFO]: ⏭️  [PB-S-14297] Skipped
2026-03-25 16:00:14 [INFO]: ⏭️  [PB-S-14296] Skipped
2026-03-25 16:00:14 [INFO]: ✅ [PB-S-14081-4] Updated
2026-03-25 16:00:14 [INFO]: ⏭️  [PB-S-14075] Skipped
2026-03-25 16:00:14 [INFO]: ⏭️  [PB-S-14074] Skipped
2026-03-25 16:00:14 [INFO]: ⏭️  [PB-S-14072] Skipped
2026-03-25 16:00:14 [INFO]: ⏭️  [PB-S-14060] Skipped
2026-03-25 16:00:14 [INFO]: ⏭️  [PB-S-14047] Skipped
2026-03-25 16:00:14 [INFO]: ⏭️  [PB-S-14045] Skipped
2026-03-25 16:00:14 [INFO]: ⏭️  [PB-S-14043] Skipped
2026-03-25 16:00:14 [INFO]: ⏭️  [PB-S-14046] Skipped
2026-03-25 16:00:14 [INFO]: ⏭️  [PB-S-14044] Skipped
2026-03-25 16:00:14 [INFO]: ⏭️  [PB-S-14033] Skipped
2026-03-25 16:00:14 [INFO]: ⏭️  [PB-S-14027] Skipped
2026-03-25 16:00:14 [INFO]: ⏭️  [PB-S-14026] Skipped
2026-03-25 16:00:14 [INFO]: ⏭️  [PB-S-14023] Skipped
2026-03-25 16:00:14 [INFO]: ⏭️  [PB-S-14022] Skipped
2026-03-25 16:00:14 [INFO]: ⏭️  [PB-S-14021] Skipped
2026-03-25 16:00:14 [INFO]: ⏭️  [PB-S-13991] Skipped
2026-03-25 16:00:14 [INFO]: ⏭️  [PB-S-12276] Skipped
2026-03-25 16:00:14 [INFO]: ⏭️  [PB-S-11826] Skipped
2026-03-25 16:00:14 [INFO]: ⏭️  [PB-S-34644] Skipped
2026-03-25 16:00:14 [INFO]: ⏭️  [PB-S-12849] Skipped
2026-03-25 16:00:14 [INFO]: ⏭️  [PB-S-11750] Skipped
2026-03-25 16:00:14 [INFO]: ⏭️  [PB-S-13533] Skipped
2026-03-25 16:00:14 [INFO]: ⏭️  [PB-S-13544] Skipped
2026-03-25 16:00:14 [INFO]: ⏭️  [PB-S-13545] Skipped
2026-03-25 16:00:14 [INFO]: ⏭️  [PB-S-13546] Skipped
2026-03-25 16:00:14 [INFO]: ⏭️  [PB-S-13838] Skipped
2026-03-25 16:00:14 [INFO]: ⏭️  [PB-S-13897-2] Skipped
2026-03-25 16:00:14 [INFO]: ⏭️  [PB-S-2432] Skipped
2026-03-25 16:00:14 [INFO]: ⏭️  [PB-S-13584] Skipped
2026-03-25 16:00:14 [INFO]: ⏭️  [PB-S-13661] Skipped
2026-03-25 16:00:14 [INFO]: ⏭️  [PB-S-13918] Skipped
2026-03-25 16:00:14 [INFO]: ⏭️  [PB-S-15214] Skipped
2026-03-25 16:00:14 [INFO]: ✅ [PB-R-36029] Updated
2026-03-25 16:00:14 [INFO]: ⏭️  [PB-S-13571] Skipped
2026-03-25 16:00:14 [INFO]: ⏭️  [PB-S-13574] Skipped
2026-03-25 16:00:14 [INFO]: ⏭️  [PB-S-14204] Skipped
2026-03-25 16:00:14 [INFO]: ⏭️  [PB-S-12653] Skipped
2026-03-25 16:00:14 [INFO]: ⏭️  [PB-S-8566] Skipped
2026-03-25 16:00:14 [INFO]: ⏭️  [PB-R-36391] Skipped
2026-03-25 16:00:14 [INFO]: ⏭️  [PB-S-36395] Skipped
2026-03-25 16:00:14 [INFO]: ⏭️  [PB-R-33910] Skipped
2026-03-25 16:00:14 [INFO]: ⏭️  [PB-S-33920] Skipped
2026-03-25 16:00:14 [INFO]: ⏭️  [PB-S-15196] Skipped
2026-03-25 16:00:14 [INFO]: ⏭️  [PB-S-14401-11] Skipped
2026-03-25 16:00:14 [INFO]: ⏭️  [PB-S-30903] Skipped
2026-03-25 16:00:14 [INFO]: ⏭️  [PB-S-36342] Skipped
2026-03-25 16:00:14 [INFO]: ⏭️  [PB-S-36090] Skipped
2026-03-25 16:00:14 [INFO]: ⏭️  [PB-S-36351] Skipped
2026-03-25 16:00:14 [INFO]: ⏭️  [PB-S-36325] Skipped
2026-03-25 16:00:14 [INFO]: ⏭️  [PB-R-34648] Skipped
2026-03-25 16:00:14 [INFO]: ⏭️  [PB-S-16046] Skipped
2026-03-25 16:00:14 [INFO]: ⏭️  [PB-R-16080] Skipped
2026-03-25 16:00:14 [INFO]: ⏭️  [PB-S-14991] Skipped
2026-03-25 16:00:14 [INFO]: ⏭️  [PB-S-15882] Skipped
2026-03-25 16:00:14 [INFO]: ⏭️  [PB-S-15413-1] Skipped
2026-03-25 16:00:14 [INFO]: ⏭️  [PB-S-15218] Skipped
2026-03-25 16:00:14 [INFO]: ⏭️  [PB-S-15129] Skipped
2026-03-25 16:00:14 [INFO]: ✅ [PB-S-16044-1] Updated
2026-03-25 16:00:14 [INFO]: ⏭️  [PB-S-14305] Skipped
2026-03-25 16:00:14 [INFO]: ⏭️  [PB-S-16056] Skipped
2026-03-25 16:00:14 [INFO]: ⏭️  [PB-S-14223] Skipped
2026-03-25 16:00:14 [INFO]: ⏭️  [PB-S-14219] Skipped
2026-03-25 16:00:14 [INFO]: ⏭️  [PB-S-14212] Skipped
2026-03-25 16:00:14 [INFO]: ⏭️  [PB-S-13744] Skipped
2026-03-25 16:00:14 [INFO]: ⏭️  [PB-S-13732] Skipped
2026-03-25 16:00:14 [INFO]: ⏭️  [PB-S-14132] Skipped
2026-03-25 16:00:14 [INFO]: ⏭️  [PB-S-13691] Skipped
2026-03-25 16:00:14 [INFO]: ⏭️  [PB-S-13922] Skipped
2026-03-25 16:00:14 [INFO]: ⏭️  [PB-S-36285] Skipped
2026-03-25 16:00:14 [INFO]: ⏭️  [PB-S-35958] Skipped
2026-03-25 16:00:14 [INFO]: ⏭️  [PB-S-11345] Skipped
2026-03-25 16:00:14 [INFO]: ⏭️  [PB-S-36266] Skipped
2026-03-25 16:00:14 [INFO]: ⏭️  [PB-S-36252] Skipped
2026-03-25 16:00:14 [INFO]: ⏭️  [PB-S-13867] Skipped
2026-03-25 16:00:14 [INFO]: ⏭️  [PB-S-12814] Skipped
2026-03-25 16:00:14 [INFO]: ⏭️  [PB-S-36134] Skipped
2026-03-25 16:00:14 [INFO]: ⏭️  [PB-S-36127] Skipped
2026-03-25 16:00:14 [INFO]: ✅ [PB-S-36099] Updated
2026-03-25 16:00:14 [INFO]: ⏭️  [PB-S-36058] Skipped
2026-03-25 16:00:14 [INFO]: ⏭️  [PB-S-34599] Skipped
2026-03-25 16:00:14 [INFO]: ⏭️  [PB-S-34575] Skipped
2026-03-25 16:00:14 [INFO]: ⏭️  [PB-S-36037] Skipped
2026-03-25 16:00:14 [INFO]: ⏭️  [PB-S-36006] Skipped
2026-03-25 16:00:14 [INFO]: ⏭️  [PB-S-14392] Skipped
2026-03-25 16:00:14 [INFO]: ⏭️  [PB-S-36087] Skipped
2026-03-25 16:00:14 [INFO]: ⏭️  [PB-S-21943] Skipped
2026-03-25 16:00:14 [INFO]: ⏭️  [PB-S-9684] Skipped
2026-03-25 16:00:14 [INFO]: ⏭️  [PB-S-11424] Skipped
2026-03-25 16:00:14 [INFO]: ⏭️  [PB-S-12772] Skipped
2026-03-25 16:00:14 [INFO]: ⏭️  [PB-S-12712] Skipped
2026-03-25 16:00:14 [INFO]: ⏭️  [PB-S-8808] Skipped
2026-03-25 16:00:14 [INFO]: ⏭️  [PB-S-12046-4] Skipped
2026-03-25 16:00:14 [INFO]: ✅ [PB-S-5139] Updated
2026-03-25 16:00:14 [INFO]: ⏭️  [PB-S-16055] Skipped
2026-03-25 16:00:14 [INFO]: ⏭️  [PB-S-35981] Skipped
2026-03-25 16:00:14 [INFO]: ⏭️  [PB-S-34645] Skipped
2026-03-25 16:00:14 [INFO]: ⏭️  [PB-S-35982] Skipped
2026-03-25 16:00:14 [INFO]: ⏭️  [PB-R-34633] Skipped
2026-03-25 16:00:14 [INFO]: ⏭️  [PB-S-34634] Skipped
2026-03-25 16:00:14 [INFO]: ✅ [PB-S-34630] Updated
2026-03-25 16:00:14 [INFO]: ⏭️  [PB-S-33916] Skipped
2026-03-25 16:00:14 [INFO]: ⏭️  [PB-S-33915] Skipped
2026-03-25 16:00:14 [INFO]: ⏭️  [PB-S-33914] Skipped
2026-03-25 16:00:14 [INFO]: ⏭️  [PB-S-33913] Skipped
2026-03-25 16:00:14 [INFO]: ⏭️  [PB-R-32360] Skipped
2026-03-25 16:00:14 [INFO]: ⏭️  [PB-S-30693] Skipped
2026-03-25 16:00:14 [INFO]: ⏭️  [PB-R-28641] Skipped
2026-03-25 16:00:14 [INFO]: ⏭️  [PB-S-28639] Skipped
2026-03-25 16:00:14 [INFO]: ⏭️  [PB-S-28631] Skipped
2026-03-25 16:00:14 [INFO]: ⏭️  [PB-R-28628] Skipped
2026-03-25 16:00:14 [INFO]: ⏭️  [PB-R-28627] Skipped
2026-03-25 16:00:14 [INFO]: ⏭️  [PB-R-28626] Skipped
2026-03-25 16:00:14 [INFO]: ⏭️  [PB-S-21992] Skipped
2026-03-25 16:00:14 [INFO]: ⏭️  [PB-S-18487] Skipped
2026-03-25 16:00:14 [INFO]: ⏭️  [PB-S-18546] Skipped
2026-03-25 16:00:14 [INFO]: ⏭️  [PB-S-18519] Skipped
2026-03-25 16:00:14 [INFO]: ⏭️  [PB-S-18486] Skipped
2026-03-25 16:00:14 [INFO]: ⏭️  [PB-S-18335] Skipped
2026-03-25 16:00:14 [INFO]: ⏭️  [PB-S-18474] Skipped
2026-03-25 16:00:14 [INFO]: ⏭️  [PB-S-18387] Skipped
2026-03-25 16:00:14 [INFO]: ⏭️  [PB-S-18386] Skipped
2026-03-25 16:00:14 [INFO]: ⏭️  [PB-S-15991] Skipped
2026-03-25 16:00:14 [INFO]: ⏭️  [PB-S-18481] Skipped
2026-03-25 16:00:14 [INFO]: ⏭️  [PB-S-16522] Skipped
2026-03-25 16:00:14 [INFO]: ⏭️  [PB-S-16042] Skipped
2026-03-25 16:00:14 [INFO]: ⏭️  [PB-S-18195-1] Skipped
2026-03-25 16:00:14 [INFO]: ⏭️  [PB-S-15990] Skipped
2026-03-25 16:00:14 [INFO]: ⏭️  [PB-S-15993] Skipped
2026-03-25 16:00:14 [INFO]: ⏭️  [PB-S-15995] Skipped
2026-03-25 16:00:14 [INFO]: ⏭️  [PB-S-15996] Skipped
2026-03-25 16:00:14 [INFO]: ⏭️  [PB-S-15997] Skipped
2026-03-25 16:00:14 [INFO]: ⏭️  [PB-S-18376] Skipped
2026-03-25 16:00:14 [INFO]: ⏭️  [PB-S-16010] Skipped
2026-03-25 16:00:14 [INFO]: ⏭️  [PB-S-18370] Skipped
2026-03-25 16:00:14 [INFO]: ⏭️  [PB-S-18332] Skipped
2026-03-25 16:00:14 [INFO]: ⏭️  [PB-S-18342] Skipped
2026-03-25 16:00:14 [INFO]: ⏭️  [PB-S-15989] Skipped
2026-03-25 16:00:14 [INFO]: ⏭️  [PB-R-16072] Skipped
2026-03-25 16:00:14 [INFO]: ⏭️  [PB-S-18334] Skipped
2026-03-25 16:00:14 [INFO]: ⏭️  [PB-S-16015] Skipped
2026-03-25 16:00:14 [INFO]: ⏭️  [PB-S-18336] Skipped
2026-03-25 16:00:14 [INFO]: ⏭️  [PB-S-16000] Skipped
2026-03-25 16:00:14 [INFO]: ⏭️  [PB-S-16001] Skipped
2026-03-25 16:00:14 [INFO]: ⏭️  [PB-S-16003] Skipped
2026-03-25 16:00:14 [INFO]: ⏭️  [PB-S-16006] Skipped
2026-03-25 16:00:14 [INFO]: ⏭️  [PB-S-16007] Skipped
2026-03-25 16:00:14 [INFO]: ⏭️  [PB-S-16014] Skipped
2026-03-25 16:00:14 [INFO]: ⏭️  [PB-S-16011] Skipped
2026-03-25 16:00:14 [INFO]: ⏭️  [PB-S-16008] Skipped
2026-03-25 16:00:14 [INFO]: ⏭️  [PB-S-15999] Skipped
2026-03-25 16:00:14 [INFO]: ⏭️  [PB-S-18425] Skipped
2026-03-25 16:00:14 [INFO]: ⏭️  [PB-S-15992] Skipped
2026-03-25 16:00:14 [INFO]: ⏭️  [PB-S-18424] Skipped
2026-03-25 16:00:14 [INFO]: ⏭️  [PB-S-18441] Skipped
2026-03-25 16:00:14 [INFO]: ⏭️  [PB-S-18442] Skipped
2026-03-25 16:00:14 [INFO]: ⏭️  [PB-S-15956] Skipped
2026-03-25 16:00:14 [INFO]: ⏭️  [PB-S-15988] Skipped
2026-03-25 16:00:14 [INFO]: ⏭️  [PB-S-15987] Skipped
2026-03-25 16:00:14 [INFO]: ⏭️  [PB-S-15986] Skipped
2026-03-25 16:00:14 [INFO]: ⏭️  [PB-S-15985] Skipped
2026-03-25 16:00:14 [INFO]: ⏭️  [PB-S-15984] Skipped
2026-03-25 16:00:14 [INFO]: ⏭️  [PB-S-15982] Skipped
2026-03-25 16:00:14 [INFO]: ⏭️  [PB-S-15980] Skipped
2026-03-25 16:00:14 [INFO]: ⏭️  [PB-S-15979] Skipped
2026-03-25 16:00:14 [INFO]: ⏭️  [PB-S-15978] Skipped
2026-03-25 16:00:14 [INFO]: ⏭️  [PB-S-16013] Skipped
2026-03-25 16:00:14 [INFO]: ⏭️  [PB-S-15977] Skipped
2026-03-25 16:00:14 [INFO]: ⏭️  [PB-S-15975] Skipped
2026-03-25 16:00:14 [INFO]: ⏭️  [PB-S-15974] Skipped
2026-03-25 16:00:14 [INFO]: ⏭️  [PB-S-15971] Skipped
2026-03-25 16:00:14 [INFO]: ⏭️  [PB-S-15970] Skipped
2026-03-25 16:00:14 [INFO]: ⏭️  [PB-S-15969] Skipped
2026-03-25 16:00:14 [INFO]: ⏭️  [PB-S-16004] Skipped
2026-03-25 16:00:14 [INFO]: ⏭️  [PB-S-15968] Skipped
2026-03-25 16:00:14 [INFO]: ⏭️  [PB-S-15967] Skipped
2026-03-25 16:00:14 [INFO]: ⏭️  [PB-S-15966] Skipped
2026-03-25 16:00:14 [INFO]: ⏭️  [PB-S-15965] Skipped
2026-03-25 16:00:14 [INFO]: ⏭️  [PB-S-15963] Skipped
2026-03-25 16:00:14 [INFO]: ⏭️  [PB-S-15962] Skipped
2026-03-25 16:00:14 [INFO]: ⏭️  [PB-S-15960] Skipped
2026-03-25 16:00:14 [INFO]: ⏭️  [PB-S-15959] Skipped
2026-03-25 16:00:14 [INFO]: ⏭️  [PB-S-15958] Skipped
2026-03-25 16:00:14 [INFO]: ⏭️  [PB-S-15994] Skipped
2026-03-25 16:00:14 [INFO]: ⏭️  [PB-S-15957] Skipped
2026-03-25 16:00:14 [INFO]: ⏭️  [PB-S-15954] Skipped
2026-03-25 16:00:14 [INFO]: ⏭️  [PB-S-15951] Skipped
2026-03-25 16:00:14 [INFO]: ⏭️  [PB-S-15981] Skipped
2026-03-25 16:00:14 [INFO]: ⏭️  [PB-S-15949] Skipped
2026-03-25 16:00:14 [INFO]: ⏭️  [PB-S-15948] Skipped
2026-03-25 16:00:14 [INFO]: ⏭️  [PB-S-15947] Skipped
2026-03-25 16:00:14 [INFO]: ⏭️  [PB-S-15946] Skipped
2026-03-25 16:00:14 [INFO]: ⏭️  [PB-S-15945] Skipped
2026-03-25 16:00:14 [INFO]: ⏭️  [PB-S-15944] Skipped
2026-03-25 16:00:14 [INFO]: ⏭️  [PB-S-15942] Skipped
2026-03-25 16:00:14 [INFO]: ⏭️  [PB-S-15976] Skipped
2026-03-25 16:00:14 [INFO]: ⏭️  [PB-S-15941] Skipped
2026-03-25 16:00:14 [INFO]: ⏭️  [PB-S-15940] Skipped
2026-03-25 16:00:14 [INFO]: ⏭️  [PB-S-15973] Skipped
2026-03-25 16:00:14 [INFO]: ⏭️  [PB-S-15939] Skipped
2026-03-25 16:00:14 [INFO]: ⏭️  [PB-S-15938] Skipped
2026-03-25 16:00:14 [INFO]: ⏭️  [PB-S-15936] Skipped
2026-03-25 16:00:14 [INFO]: ⏭️  [PB-S-15935] Skipped
2026-03-25 16:00:14 [INFO]: ⏭️  [PB-S-15934] Skipped
2026-03-25 16:00:14 [INFO]: ⏭️  [PB-S-15932] Skipped
2026-03-25 16:00:14 [INFO]: ⏭️  [PB-S-15931] Skipped
2026-03-25 16:00:14 [INFO]: ⏭️  [PB-S-15930] Skipped
2026-03-25 16:00:14 [INFO]: ⏭️  [PB-S-15929] Skipped
2026-03-25 16:00:14 [INFO]: ⏭️  [PB-S-15928] Skipped
2026-03-25 16:00:14 [INFO]: ⏭️  [PB-S-15927] Skipped
2026-03-25 16:00:14 [INFO]: ⏭️  [PB-S-15925] Skipped
2026-03-25 16:00:14 [INFO]: ⏭️  [PB-S-16002] Skipped
2026-03-25 16:00:14 [INFO]: ⏭️  [PB-S-15924] Skipped
2026-03-25 16:00:14 [INFO]: ⏭️  [PB-S-15923] Skipped
2026-03-25 16:00:14 [INFO]: ⏭️  [PB-S-15922] Skipped
2026-03-25 16:00:14 [INFO]: ⏭️  [PB-S-15921] Skipped
2026-03-25 16:00:14 [INFO]: ⏭️  [PB-S-15964] Skipped
2026-03-25 16:00:14 [INFO]: ⏭️  [PB-S-15920] Skipped
2026-03-25 16:00:14 [INFO]: ⏭️  [PB-S-15919] Skipped
2026-03-25 16:00:14 [INFO]: ⏭️  [PB-S-15961] Skipped
2026-03-25 16:00:14 [INFO]: ⏭️  [PB-S-15918] Skipped
2026-03-25 16:00:14 [INFO]: ⏭️  [PB-S-15916] Skipped
2026-03-25 16:00:14 [INFO]: ⏭️  [PB-S-15913] Skipped
2026-03-25 16:00:14 [INFO]: ⏭️  [PB-S-15912] Skipped
2026-03-25 16:00:14 [INFO]: ⏭️  [PB-S-15911] Skipped
2026-03-25 16:00:14 [INFO]: ⏭️  [PB-S-15910] Skipped
2026-03-25 16:00:14 [INFO]: ⏭️  [PB-S-15909] Skipped
2026-03-25 16:00:14 [INFO]: ⏭️  [PB-S-15908] Skipped
2026-03-25 16:00:14 [INFO]: ⏭️  [PB-S-15937] Skipped
2026-03-25 16:00:14 [INFO]: ⏭️  [PB-S-15933] Skipped
2026-03-25 16:00:14 [INFO]: ⏭️  [PB-S-15906] Skipped
2026-03-25 16:00:14 [INFO]: ⏭️  [PB-S-15953] Skipped
2026-03-25 16:00:14 [INFO]: ⏭️  [PB-S-16012] Skipped
2026-03-25 16:00:14 [INFO]: ⏭️  [PB-S-15943] Skipped
2026-03-25 16:00:14 [INFO]: ⏭️  [PB-S-15983] Skipped
2026-03-25 16:00:14 [INFO]: ⏭️  [PB-S-15917] Skipped
2026-03-25 16:00:14 [INFO]: ⏭️  [PB-S-16005] Skipped
2026-03-25 16:00:14 [INFO]: ⏭️  [PB-S-15926] Skipped
2026-03-25 16:00:14 [INFO]: ⏭️  [PB-S-15879] Skipped
2026-03-25 16:00:14 [INFO]: ⏭️  [PB-S-15878] Skipped
2026-03-25 16:00:14 [INFO]: ⏭️  [PB-S-15859] Skipped
2026-03-25 16:00:14 [INFO]: ⏭️  [PB-S-15767-1] Skipped
2026-03-25 16:00:14 [INFO]: ⏭️  [PB-S-14141] Skipped
2026-03-25 16:00:14 [INFO]: ⏭️  [PB-S-14389] Skipped
2026-03-25 16:00:14 [INFO]: ⏭️  [PB-S-14387-6] Skipped
2026-03-25 16:00:14 [INFO]: ⏭️  [PB-S-14035] Skipped
2026-03-25 16:00:14 [INFO]: ⏭️  [PB-S-15216] Skipped
2026-03-25 16:00:14 [INFO]: ⏭️  [PB-S-14393-3] Skipped
2026-03-25 16:00:14 [INFO]: ⏭️  [PB-S-15779-2] Skipped
2026-03-25 16:00:14 [INFO]: ⏭️  [PB-S-14036] Skipped
2026-03-25 16:00:14 [INFO]: ⏭️  [PB-S-15227] Skipped
2026-03-25 16:00:14 [INFO]: ⏭️  [PB-S-14077] Skipped
2026-03-25 16:00:14 [INFO]: ⏭️  [PB-S-13990] Skipped
2026-03-25 16:00:14 [INFO]: ⏭️  [PB-S-13156] Skipped
2026-03-25 16:00:14 [INFO]: ⏭️  [PB-S-13146] Skipped
2026-03-25 16:00:14 [INFO]: ⏭️  [PB-S-13883] Skipped
2026-03-25 16:00:14 [INFO]: ⏭️  [PB-S-13903] Skipped
2026-03-25 16:00:14 [INFO]: ⏭️  [PB-S-14031] Skipped
2026-03-25 16:00:14 [INFO]: ⏭️  [PB-S-13607] Skipped
2026-03-25 16:00:14 [INFO]: ⏭️  [PB-S-13937] Skipped
2026-03-25 16:00:14 [INFO]: ⏭️  [PB-S-13946] Skipped
2026-03-25 16:00:14 [INFO]: ⏭️  [PB-S-13948] Skipped
2026-03-25 16:00:14 [INFO]: ⏭️  [PB-S-13942] Skipped
2026-03-25 16:00:14 [INFO]: ⏭️  [PB-S-14000] Skipped
2026-03-25 16:00:14 [INFO]: ⏭️  [PB-S-13947] Skipped
2026-03-25 16:00:14 [INFO]: ⏭️  [PB-S-13949] Skipped
2026-03-25 16:00:14 [INFO]: ⏭️  [PB-S-13952-10] Skipped
2026-03-25 16:00:14 [INFO]: ⏭️  [PB-S-13953] Skipped
2026-03-25 16:00:14 [INFO]: ⏭️  [PB-S-13957] Skipped
2026-03-25 16:00:14 [INFO]: ⏭️  [PB-S-11279] Skipped
2026-03-25 16:00:14 [INFO]: ⏭️  [PB-S-12098-4] Skipped
2026-03-25 16:00:14 [INFO]: ⏭️  [PB-S-11559] Skipped
2026-03-25 16:00:14 [INFO]: ⏭️  [PB-S-11558] Skipped
2026-03-25 16:00:14 [INFO]: ⏭️  [PB-S-11489-2] Skipped
2026-03-25 16:00:14 [INFO]: ⏭️  [PB-S-11571] Skipped
2026-03-25 16:00:14 [INFO]: ⏭️  [PB-S-11580] Skipped
2026-03-25 16:00:14 [INFO]: ⏭️  [PB-S-11581] Skipped
2026-03-25 16:00:14 [INFO]: ⏭️  [PB-S-9886] Skipped
2026-03-25 16:00:14 [INFO]: ⏭️  [PB-S-12025-3] Skipped
2026-03-25 16:00:14 [INFO]: ⏭️  [PB-S-9466] Skipped
2026-03-25 16:00:14 [INFO]: ⏭️  [PB-S-8572] Skipped
2026-03-25 16:00:14 [INFO]: ⏭️  [PB-S-9338] Skipped
2026-03-25 16:00:14 [INFO]: ⏭️  [PB-S-5221] Skipped
2026-03-25 16:00:14 [INFO]: ✅ [PB-S-5184] Updated
2026-03-25 16:00:14 [INFO]: ⏭️  [PB-S-10153] Skipped
2026-03-25 16:00:14 [INFO]: ⏭️  [PB-S-9851] Skipped
2026-03-25 16:00:14 [INFO]: ⏭️  [PB-S-12734] Skipped
2026-03-25 16:00:14 [INFO]: ⏭️  [PB-S-14138] Skipped
2026-03-25 16:00:14 [INFO]: ⏭️  [PB-S-2382] Skipped
2026-03-25 16:00:14 [INFO]: ⏭️  [PB-S-14229] Skipped
2026-03-25 16:00:14 [INFO]: ⏭️  [PB-S-21883] Skipped
2026-03-25 16:00:14 [INFO]: ✅ [PB-S-1079] Updated
2026-03-25 16:00:14 [INFO]: ⏭️  [PB-S-15972] Skipped
2026-03-25 16:00:14 [INFO]: ⏭️  [PB-S-12685] Skipped
2026-03-25 16:00:14 [INFO]: ⏭️  [PB-S-21982] Skipped
2026-03-25 16:00:14 [INFO]: ⏭️  [PB-S-14304] Skipped
2026-03-25 16:00:14 [INFO]: ⏭️  [PB-S-12692] Skipped
2026-03-25 16:00:14 [INFO]: ⏭️  [PB-S-14377] Skipped
2026-03-25 16:00:14 [INFO]: ⏭️  [PB-S-14213] Skipped
2026-03-25 16:00:14 [INFO]: ⏭️  [PB-S-13976] Skipped
2026-03-25 16:00:14 [INFO]: ⏭️  [PB-R-16083-1] Skipped
2026-03-25 16:00:14 [INFO]: ⏭️  [PB-S-22118] Skipped
2026-03-25 16:00:14 [INFO]: ⏭️  [PB-S-22104] Skipped
2026-03-25 16:00:14 [INFO]: ⏭️  [PB-S-22045] Skipped
2026-03-25 16:00:14 [INFO]: ⏭️  [PB-S-18329] Skipped
2026-03-25 16:00:14 [INFO]: ⏭️  [PB-S-18338] Skipped
2026-03-25 16:00:14 [INFO]: ✅ [PB-S-13682-1] Updated
2026-03-25 16:00:14 [INFO]: ⏭️  [PB-S-18243] Skipped
2026-03-25 16:00:14 [INFO]: ⏭️  [PB-S-14271] Skipped
2026-03-25 16:00:14 [INFO]: ⏭️  [PB-S-18536] Skipped
2026-03-25 16:00:14 [INFO]: ⏭️  [PB-S-21911] Skipped
2026-03-25 16:00:14 [INFO]: ⏭️  [PB-S-13904] Skipped
2026-03-25 16:00:14 [INFO]: ⏭️  [PB-S-6045] Skipped
2026-03-25 16:00:14 [INFO]: ⏭️  [PB-S-16066] Skipped
2026-03-25 16:00:14 [INFO]: ⏭️  [PB-S-16041] Skipped
2026-03-25 16:00:14 [INFO]: ⏭️  [PB-S-16064] Skipped
2026-03-25 16:00:14 [INFO]: ⏭️  [PB-S-13626] Skipped
2026-03-25 16:00:14 [INFO]: ⏭️  [PB-S-14522] Skipped
2026-03-25 16:00:14 [INFO]: ⏭️  [PB-S-18422] Skipped
2026-03-25 16:00:14 [INFO]: ⏭️  [PB-S-3763] Skipped
2026-03-25 16:00:14 [INFO]: ⏭️  [PB-S-18240] Skipped
2026-03-25 16:00:14 [INFO]: ⏭️  [PB-R-13779] Skipped
2026-03-25 16:00:14 [INFO]: ⏭️  [PB-R-13651] Skipped
2026-03-25 16:00:14 [INFO]: ⏭️  [PB-R-7776] Skipped
2026-03-25 16:00:14 [INFO]: ⏭️  [PB-S-15412] Skipped
2026-03-25 16:00:14 [INFO]: ⏭️  [PB-S-14489] Skipped
2026-03-25 16:00:14 [INFO]: ⏭️  [PB-S-18393] Skipped
2026-03-25 16:00:14 [INFO]: ⏭️  [PB-S-15414] Skipped
2026-03-25 16:00:14 [INFO]: ⏭️  [PB-S-15134] Skipped
2026-03-25 16:00:14 [INFO]: ✅ [PB-S-3044] Updated
2026-03-25 16:00:14 [INFO]: ✅ [PB-S-5750-5] Updated
2026-03-25 16:00:14 [INFO]: ⏭️  [PB-S-18510] Skipped
2026-03-25 16:00:14 [INFO]: ⏭️  [PB-S-7381] Skipped
2026-03-25 16:00:14 [INFO]: ⏭️  [PB-S-16043] Skipped
2026-03-25 16:00:14 [INFO]: ⏭️  [PB-S-18472] Skipped
2026-03-25 16:00:14 [INFO]: ⏭️  [PB-S-18471] Skipped
2026-03-25 16:00:14 [INFO]: ⏭️  [PB-S-18258] Skipped
2026-03-25 16:00:14 [INFO]: ⏭️  [PB-S-14320] Skipped
2026-03-25 16:00:14 [INFO]: ⏭️  [PB-S-18394] Skipped
2026-03-25 16:00:14 [INFO]: ⏭️  [PB-R-15782] Skipped
2026-03-25 16:00:14 [INFO]: ⏭️  [PB-S-14321] Skipped
2026-03-25 16:00:14 [INFO]: ⏭️  [PB-S-13623] Skipped
2026-03-25 16:00:14 [INFO]: ⏭️  [PB-S-14137] Skipped
2026-03-25 16:00:14 [INFO]: ⏭️  [PB-S-14369] Skipped
2026-03-25 16:00:14 [INFO]: ⏭️  [PB-S-13817] Skipped
2026-03-25 16:00:14 [INFO]: ⏭️  [PB-S-13805] Skipped
2026-03-25 16:00:14 [INFO]: ⏭️  [PB-S-13637] Skipped
2026-03-25 16:00:14 [INFO]: ⏭️  [PB-S-13630] Skipped
2026-03-25 16:00:14 [INFO]: ⏭️  [PB-S-13484] Skipped
2026-03-25 16:00:14 [INFO]: ⏭️  [PB-S-14371] Skipped
2026-03-25 16:00:14 [INFO]: ⏭️  [PB-S-15133] Skipped
2026-03-25 16:00:14 [INFO]: ⏭️  [PB-S-15271] Skipped
2026-03-25 16:00:14 [INFO]: ⏭️  [PB-S-16039] Skipped
2026-03-25 16:00:14 [INFO]: ⏭️  [PB-S-14349] Skipped
2026-03-25 16:00:14 [INFO]: ⏭️  [PB-S-14382] Skipped
2026-03-25 16:00:14 [INFO]: ⏭️  [PB-S-14385] Skipped
2026-03-25 16:00:14 [INFO]: ⏭️  [PB-S-14336] Skipped
2026-03-25 16:00:14 [INFO]: ⏭️  [PB-S-12898-1] Skipped
2026-03-25 16:00:14 [INFO]: ⏭️  [PB-S-11614] Skipped
2026-03-25 16:00:14 [INFO]: ⏭️  [PB-S-14100-9] Skipped
2026-03-25 16:00:14 [INFO]: ⏭️  [PB-S-14355] Skipped
2026-03-25 16:00:14 [INFO]: ⏭️  [PB-S-14337] Skipped
2026-03-25 16:00:14 [INFO]: ⏭️  [PB-S-14005] Skipped
2026-03-25 16:00:14 [INFO]: ⏭️  [PB-S-14338] Skipped
2026-03-25 16:00:14 [INFO]: ⏭️  [PB-S-14386] Skipped
2026-03-25 16:00:14 [INFO]: ⏭️  [PB-S-14428] Skipped
2026-03-25 16:00:14 [INFO]: ⏭️  [PB-S-12084-1] Skipped
2026-03-25 16:00:14 [INFO]: ⏭️  [PB-S-12205] Skipped
2026-03-25 16:00:14 [INFO]: ⏭️  [PB-S-1100] Skipped
2026-03-25 16:00:14 [INFO]: ⏭️  [PB-S-13655] Skipped
2026-03-25 16:00:14 [INFO]: ⏭️  [PB-S-11765] Skipped
2026-03-25 16:00:14 [INFO]: ✅ [PB-S-1438] Updated
2026-03-25 16:00:14 [INFO]: ⏭️  [PB-S-14220] Skipped
2026-03-25 16:00:14 [INFO]: ⏭️  [PB-S-13890] Skipped
2026-03-25 16:00:14 [INFO]: ⏭️  [PB-S-12641] Skipped
2026-03-25 16:00:14 [INFO]: ⏭️  [PB-S-13713] Skipped
2026-03-25 16:00:14 [INFO]: ⏭️  [PB-S-12969] Skipped
2026-03-25 16:00:14 [INFO]: ⏭️  [PB-S-14350] Skipped
2026-03-25 16:00:14 [INFO]: ⏭️  [PB-S-14238] Skipped
2026-03-25 16:00:14 [INFO]: ⏭️  [PB-S-10120] Skipped
2026-03-25 16:00:14 [INFO]: ⏭️  [PB-S-12846] Skipped
2026-03-25 16:00:14 [INFO]: ✅ [PB-S-3197] Updated
2026-03-25 16:00:14 [INFO]: ⏭️  [PB-R-10183] Skipped
2026-03-25 16:00:14 [INFO]: ⏭️  [PB-S-11499] Skipped
2026-03-25 16:00:14 [INFO]: ⏭️  [PB-S-18260] Skipped
2026-03-25 16:00:14 [INFO]: ⏭️  [PB-S-18287] Skipped
2026-03-25 16:00:14 [INFO]: ⏭️  [PB-S-11550] Skipped
2026-03-25 16:00:14 [INFO]: ✅ [PB-S-11992-1] Updated
2026-03-25 16:00:14 [INFO]: ⏭️  [PB-S-9958] Skipped
2026-03-25 16:00:14 [INFO]: ⏭️  [PB-S-14095-11] Skipped
2026-03-25 16:00:14 [INFO]: ⏭️  [PB-S-13724] Skipped
2026-03-25 16:00:14 [INFO]: ⏭️  [PB-S-14394] Skipped
2026-03-25 16:00:14 [INFO]: ⏭️  [PB-S-13132] Skipped
2026-03-25 16:00:14 [INFO]: ⏭️  [PB-S-10709] Skipped
2026-03-25 16:00:14 [INFO]: ⏭️  [PB-S-10710] Skipped
2026-03-25 16:00:14 [INFO]: ⏭️  [PB-S-8772] Skipped
2026-03-25 16:00:14 [INFO]: ⏭️  [PB-S-14373] Skipped
2026-03-25 16:00:14 [INFO]: ⏭️  [PB-S-13832] Skipped
2026-03-25 16:00:14 [INFO]: ⏭️  [PB-S-13834] Skipped
2026-03-25 16:00:14 [INFO]: ⏭️  [PB-S-12747] Skipped
2026-03-25 16:00:14 [INFO]: ⏭️  [PB-S-12788] Skipped
2026-03-25 16:00:14 [INFO]: ⏭️  [PB-S-15136] Skipped
2026-03-25 16:00:14 [INFO]: ⏭️  [PB-S-12834] Skipped
2026-03-25 16:00:14 [INFO]: ⏭️  [PB-S-12835] Skipped
2026-03-25 16:00:14 [INFO]: ⏭️  [PB-S-10997] Skipped
2026-03-25 16:00:14 [INFO]: ⏭️  [PB-S-14246] Skipped
2026-03-25 16:00:14 [INFO]: ⏭️  [PB-S-13090] Skipped
2026-03-25 16:00:14 [INFO]: ⏭️  [PB-S-15784] Skipped
2026-03-25 16:00:14 [INFO]: ⏭️  [PB-S-15163] Skipped
2026-03-25 16:00:14 [INFO]: ⏭️  [PB-S-13775] Skipped
2026-03-25 16:00:14 [INFO]: ⏭️  [PB-S-12762] Skipped
2026-03-25 16:00:14 [INFO]: ⏭️  [PB-S-13819] Skipped
2026-03-25 16:00:14 [INFO]: ⏭️  [PB-S-13931] Skipped
2026-03-25 16:00:14 [INFO]: ⏭️  [PB-S-13840] Skipped
2026-03-25 16:00:14 [INFO]: ⏭️  [PB-S-12640] Skipped
2026-03-25 16:00:14 [INFO]: ⏭️  [PB-S-14252] Skipped
2026-03-25 16:00:14 [INFO]: ⏭️  [PB-S-14209-5] Skipped
2026-03-25 16:00:14 [INFO]: ⏭️  [PB-S-14211] Skipped
2026-03-25 16:00:14 [INFO]: ⏭️  [PB-S-14295] Skipped
2026-03-25 16:00:14 [INFO]: ⏭️  [PB-S-12573-2] Skipped
2026-03-25 16:00:14 [INFO]: ⏭️  [PB-S-13018] Skipped
2026-03-25 16:00:14 [INFO]: ⏭️  [PB-S-12643] Skipped
2026-03-25 16:00:14 [INFO]: ⏭️  [PB-S-14251] Skipped
2026-03-25 16:00:14 [INFO]: ⏭️  [PB-S-13510] Skipped
2026-03-25 16:00:14 [INFO]: ⏭️  [PB-S-14147] Skipped
2026-03-25 16:00:14 [INFO]: ⏭️  [PB-S-12181] Skipped
2026-03-25 16:00:14 [INFO]: ⏭️  [PB-S-12763] Skipped
2026-03-25 16:00:14 [INFO]: ⏭️  [PB-S-12716] Skipped
2026-03-25 16:00:14 [INFO]: ⏭️  [PB-S-12704] Skipped
2026-03-25 16:00:14 [INFO]: ⏭️  [PB-S-12693] Skipped
2026-03-25 16:00:14 [INFO]: ⏭️  [PB-R-7780] Skipped
2026-03-25 16:00:14 [INFO]: ⏭️  [PB-S-12565] Skipped
2026-03-25 16:00:14 [INFO]: ⏭️  [PB-S-12632] Skipped
2026-03-25 16:00:14 [INFO]: ⏭️  [PB-S-7530] Skipped
2026-03-25 16:00:14 [INFO]: ⏭️  [PB-S-12631] Skipped
2026-03-25 16:00:14 [INFO]: ⏭️  [PB-S-13129] Skipped
2026-03-25 16:00:14 [INFO]: ⏭️  [PB-S-12264] Skipped
2026-03-25 16:00:14 [INFO]: ⏭️  [PB-S-13128] Skipped
2026-03-25 16:00:14 [INFO]: ⏭️  [PB-S-12261] Skipped
2026-03-25 16:00:14 [INFO]: ⏭️  [PB-S-12260] Skipped
2026-03-25 16:00:14 [INFO]: ⏭️  [PB-S-12239-2] Skipped
2026-03-25 16:00:14 [INFO]: ⏭️  [PB-S-12227] Skipped
2026-03-25 16:00:14 [INFO]: ⏭️  [PB-S-12226] Skipped
2026-03-25 16:00:14 [INFO]: ⏭️  [PB-S-13130] Skipped
2026-03-25 16:00:14 [INFO]: ⏭️  [PB-S-12544-1] Skipped
2026-03-25 16:00:14 [INFO]: ⏭️  [PB-S-12543] Skipped
2026-03-25 16:00:14 [INFO]: ⏭️  [PB-S-12161-2] Skipped
2026-03-25 16:00:14 [INFO]: ⏭️  [PB-S-12160-2] Skipped
2026-03-25 16:00:14 [INFO]: ⏭️  [PB-S-13133] Skipped
2026-03-25 16:00:14 [INFO]: ⏭️  [PB-S-12547] Skipped
2026-03-25 16:00:14 [INFO]: ⏭️  [PB-S-13138] Skipped
2026-03-25 16:00:14 [INFO]: ⏭️  [PB-S-13120] Skipped
2026-03-25 16:00:14 [INFO]: ⏭️  [PB-S-13137] Skipped
2026-03-25 16:00:14 [INFO]: ⏭️  [PB-S-13139] Skipped
2026-03-25 16:00:14 [INFO]: ⏭️  [PB-S-12034-2] Skipped
2026-03-25 16:00:14 [INFO]: ⏭️  [PB-S-12525-1] Skipped
2026-03-25 16:00:14 [INFO]: ⏭️  [PB-S-13119] Skipped
2026-03-25 16:00:14 [INFO]: ⏭️  [PB-S-11990] Skipped
2026-03-25 16:00:14 [INFO]: ⏭️  [PB-S-13118] Skipped
2026-03-25 16:00:14 [INFO]: ⏭️  [PB-S-11890-1] Skipped
2026-03-25 16:00:14 [INFO]: ⏭️  [PB-S-11870] Skipped
2026-03-25 16:00:14 [INFO]: ⏭️  [PB-S-12550] Skipped
2026-03-25 16:00:14 [INFO]: ⏭️  [PB-S-12531-1] Skipped
2026-03-25 16:00:14 [INFO]: ⏭️  [PB-S-12292] Skipped
2026-03-25 16:00:14 [INFO]: ⏭️  [PB-S-12290] Skipped
2026-03-25 16:00:14 [INFO]: ⏭️  [PB-S-11402-1] Skipped
2026-03-25 16:00:14 [INFO]: ⏭️  [PB-S-13117] Skipped
2026-03-25 16:00:14 [INFO]: ⏭️  [PB-S-11381-1] Skipped
2026-03-25 16:00:14 [INFO]: ⏭️  [PB-S-11382-1] Skipped
2026-03-25 16:00:14 [INFO]: ⏭️  [PB-S-12673] Skipped
2026-03-25 16:00:14 [INFO]: ⏭️  [PB-S-11082] Skipped
2026-03-25 16:00:14 [INFO]: ⏭️  [PB-S-12688-1] Skipped
2026-03-25 16:00:14 [INFO]: ⏭️  [PB-S-12690] Skipped
2026-03-25 16:00:14 [INFO]: ⏭️  [PB-S-12691] Skipped
2026-03-25 16:00:14 [INFO]: ⏭️  [PB-S-13115] Skipped
2026-03-25 16:00:14 [INFO]: ⏭️  [PB-S-12700] Skipped
2026-03-25 16:00:14 [INFO]: ⏭️  [PB-S-12707] Skipped
2026-03-25 16:00:14 [INFO]: ⏭️  [PB-S-12708] Skipped
2026-03-25 16:00:14 [INFO]: ⏭️  [PB-S-10096] Skipped
2026-03-25 16:00:14 [INFO]: ⏭️  [PB-S-10094] Skipped
2026-03-25 16:00:14 [INFO]: ⏭️  [PB-S-12709] Skipped
2026-03-25 16:00:14 [INFO]: ⏭️  [PB-S-12719] Skipped
2026-03-25 16:00:14 [INFO]: ⏭️  [PB-S-12721-1] Skipped
2026-03-25 16:00:14 [INFO]: ⏭️  [PB-S-12745] Skipped
2026-03-25 16:00:14 [INFO]: ⏭️  [PB-S-12954] Skipped
2026-03-25 16:00:14 [INFO]: ✅ [PB-S-5799] Updated
2026-03-25 16:00:14 [INFO]: ⏭️  [PB-S-13112] Skipped
2026-03-25 16:00:14 [INFO]: ⏭️  [PB-S-12831] Skipped
2026-03-25 16:00:14 [INFO]: ⏭️  [PB-S-12838] Skipped
2026-03-25 16:00:14 [INFO]: ⏭️  [PB-S-12839] Skipped
2026-03-25 16:00:14 [INFO]: ⏭️  [PB-S-12840] Skipped
2026-03-25 16:00:14 [INFO]: ⏭️  [PB-S-12841] Skipped
2026-03-25 16:00:14 [INFO]: ⏭️  [PB-S-12843] Skipped
2026-03-25 16:00:14 [INFO]: ⏭️  [PB-S-12877] Skipped
2026-03-25 16:00:14 [INFO]: ⏭️  [PB-S-12850] Skipped
2026-03-25 16:00:14 [INFO]: ⏭️  [PB-S-12529-1] Skipped
2026-03-25 16:00:14 [INFO]: ⏭️  [PB-S-11831-1] Skipped
2026-03-25 16:00:14 [INFO]: ⏭️  [PB-S-12567-2] Skipped
2026-03-25 16:00:14 [INFO]: ⏭️  [PB-S-0360] Skipped
2026-03-25 16:00:14 [INFO]: ⏭️  [PB-S-11716] Skipped
2026-03-25 16:00:14 [INFO]: ⏭️  [PB-S-12581-2] Skipped
2026-03-25 16:00:14 [INFO]: ⏭️  [PB-S-12593] Skipped
2026-03-25 16:00:14 [INFO]: ⏭️  [PB-S-12594] Skipped
2026-03-25 16:00:14 [INFO]: ⏭️  [PB-S-13116] Skipped
2026-03-25 16:00:14 [INFO]: ⏭️  [PB-S-12606-] Skipped
2026-03-25 16:00:14 [INFO]: ⏭️  [PB-S-12607-1] Skipped
2026-03-25 16:00:14 [INFO]: ⏭️  [PB-S-13135] Skipped
2026-03-25 16:00:14 [INFO]: ⏭️  [PB-S-13831] Skipped
2026-03-25 16:00:14 [INFO]: ⏭️  [PB-S-13402] Skipped
2026-03-25 16:00:14 [INFO]: ⏭️  [PB-S-13113] Skipped
2026-03-25 16:00:14 [INFO]: ⏭️  [PB-S-13381] Skipped
2026-03-25 16:00:14 [INFO]: ⏭️  [PB-S-13959] Skipped
2026-03-25 16:00:14 [INFO]: ⏭️  [PB-S-12748] Skipped
2026-03-25 16:00:14 [INFO]: ⏭️  [PB-S-13141] Skipped
2026-03-25 16:00:14 [INFO]: ⏭️  [PB-R-13459] Skipped
2026-03-25 16:00:14 [INFO]: ⏭️  [PB-S-12570-2] Skipped
2026-03-25 16:00:14 [INFO]: ⏭️  [PB-S-13722] Skipped
2026-03-25 16:00:14 [INFO]: ⏭️  [PB-S-13865] Skipped
2026-03-25 16:00:14 [INFO]: ⏭️  [PB-S-13825] Skipped
2026-03-25 16:00:14 [INFO]: ⏭️  [PB-S-13467] Skipped
2026-03-25 16:00:14 [INFO]: ⏭️  [PB-S-13846] Skipped
2026-03-25 16:00:14 [INFO]: ⏭️  [PB-S-9954] Skipped
2026-03-25 16:00:14 [INFO]: ⏭️  [PB-S-13587] Skipped
2026-03-25 16:00:14 [INFO]: ⏭️  [PB-S-13598] Skipped
2026-03-25 16:00:14 [INFO]: ✅ [PB-S-11494-1] Updated
2026-03-25 16:00:14 [INFO]: ⏭️  [PB-S-13710] Skipped
2026-03-25 16:00:14 [INFO]: ⏭️  [PB-S-11856] Skipped
2026-03-25 16:00:14 [INFO]: ⏭️  [PB-S-13302] Skipped
2026-03-25 16:00:14 [INFO]: ⏭️  [PB-S-13916] Skipped
2026-03-25 16:00:14 [INFO]: ⏭️  [PB-S-13610] Skipped
2026-03-25 16:00:14 [INFO]: ⏭️  [PB-S-13836] Skipped
2026-03-25 16:00:14 [INFO]: ⏭️  [PB-S-13760] Skipped
2026-03-25 16:00:14 [INFO]: ⏭️  [PB-S-13673] Skipped
2026-03-25 16:00:14 [INFO]: ⏭️  [PB-S-13529] Skipped
2026-03-25 16:00:14 [INFO]: ⏭️  [PB-S-13761] Skipped
2026-03-25 16:00:14 [INFO]: ⏭️  [PB-S-13687] Skipped
2026-03-25 16:00:14 [INFO]: ⏭️  [PB-S-11975-2] Skipped
2026-03-25 16:00:14 [INFO]: ⏭️  [PB-S-14020] Skipped
2026-03-25 16:03:01 [INFO]: Received Property IDs: [
  "PB-S-22040-3",
  "PB-S-21965-1",
  "PB-S-12520-5"
]
2026-03-25 16:03:01 [INFO]: Total IDs received: 3
2026-03-25 16:03:01 [INFO]: === DATABASE PROCESSING COMPLETED ===
2026-03-25 16:03:01 [INFO]: Successfully processed: 1582 properties
2026-03-25 16:03:01 [INFO]: Failed: 0 properties
2026-03-25 16:03:01 [INFO]: Skipped: 0 properties (invalid data)
2026-03-25 16:03:01 [INFO]: Live properties: 623
2026-03-25 16:03:01 [INFO]: Non-Live properties: 959
2026-03-25 16:03:01 [INFO]: Operations: Created 3, Updated 602
2026-03-25 16:03:01 [INFO]: Agent Operations: Added 0, Updated 591, Not Found 32, Skipped 0
2026-03-25 16:03:01 [INFO]: By Type: {
  "Sale": {
    "created": 0,
    "updated": 221
  },
  "Rent": {
    "created": 0,
    "updated": 156
  },
  "OffPlan": {
    "created": 3,
    "updated": 183
  },
  "Commercial": {
    "created": 0,
    "updated": 1
  },
  "NonActive": {
    "created": 0,
    "updated": 41
  }
}
2026-03-25 16:03:01 [INFO]: 
⚠️  Missing Agents: 2 unique agents not found
2026-03-25 16:03:01 [INFO]: 
🔍 Top Missing Agents:
2026-03-25 16:03:01 [INFO]:    1. faizal.m@arabianestates.ae
2026-03-25 16:03:01 [INFO]:       Name: Faizal Mulla
2026-03-25 16:03:01 [INFO]:       Phone: +971582513585
2026-03-25 16:03:01 [INFO]:       Properties: 14
2026-03-25 16:03:01 [INFO]:    2. caolan@arabianestates.ae
2026-03-25 16:03:01 [INFO]:       Name: Caolan McConnell
2026-03-25 16:03:01 [INFO]:       Phone: 0585587541
2026-03-25 16:03:01 [INFO]:       Properties: 18
2026-03-25 16:03:01 [INFO]: ✅ [2026-03-25T11:03:01.844Z] Property sync completed (parseXmlFromUrl): {
  "success": true,
  "totalPropertiesInXml": 1582,
  "processedProperties": 1582,
  "liveProperties": 623,
  "nonLiveProperties": 959,
  "skippedProperties": 0
}
2026-03-25 16:03:01 [INFO]: 🧹 [2026-03-25T11:03:01.844Z] Starting cleanupMissingProperties AFTER successful parse...
2026-03-25 16:03:01 [INFO]: 🧹 Deleter function running!
2026-03-25 16:03:01 [INFO]: 🔎 Searching ids in XML...
2026-03-25 16:03:02 [INFO]: Dubai Live properties found: 3
2026-03-25 16:03:06 [INFO]: 📦 XML has 1582 ids.
2026-03-25 16:03:07 [INFO]: %s: %s ⏱️ missing-diff 1.176s
2026-03-25 16:03:07 [INFO]: ✅ DB is in sync. Scanned 1582 docs, XML=1582
2026-03-25 16:03:07 [INFO]: ✅ [2026-03-25T11:03:07.464Z] cleanupMissingProperties completed: {
  "success": true,
  "message": "No missing properties. DB is in sync with XML.",
  "counts": {
    "xmlCount": 1582,
    "dbScanned": 1582,
    "toDelete": 0
  }
}
2026-03-25 16:03:07 [INFO]: ✅ [2026-03-25T11:03:07.465Z] cleanupMissingProperties completed.
2026-03-25 16:03:07 [INFO]: 🧭 [2026-03-25T11:03:07.465Z] Starting moveAgentPropertiesAccordingToXmlOwnership AFTER cleanup...
2026-03-25 16:03:07 [INFO]: 🧹🧭 Enforcing agent properties = LIVE XML only + correct ownership + DEDUPE...
2026-03-25 16:03:07 [INFO]: 🔎 Loading LIVE XML id -> agentEmail map...
2026-03-25 16:03:10 [INFO]: 📦 LIVE XML ownership map size: 623
2026-03-25 16:03:23 [INFO]: ✅ Matched in STEP 2 (first_region_match): PB-S-12520-5 -> The Chedi Private Residences
2026-03-25 16:03:23 [INFO]: ✅ Matched in STEP 2 (first_region_match): PB-S-21965-1 -> Jomana 4
2026-03-25 16:03:23 [INFO]: ✅ Matched in STEP 2 (first_region_match): PB-S-22040-3 -> Riwa
2026-03-25 16:04:21 [INFO]: ✅ [2026-03-25T11:04:21.213Z] moveAgentPropertiesAccordingToXmlOwnership completed: {
  "success": true,
  "message": "✅ Done: deduped agent properties, removed not-in-LIVE-XML, and moved wrong-owned LIVE properties.",
  "counts": {
    "agentsScanned": 86,
    "removedNotInXml": 0,
    "movedWrongOwner": 0,
    "removedDuplicates": 0,
    "movesQueued": 0
  }
}
2026-03-25 16:04:21 [INFO]: 
========== STARTING OPTIMIZED GEO POINT MATCHING ==========
2026-03-25 16:04:21 [INFO]: Fetching data in parallel...
2026-03-25 16:04:38 [INFO]: Building flattened Redin array...
2026-03-25 16:04:38 [INFO]: 
--- STEP 1: combined_region_match ---
2026-03-25 16:04:39 [INFO]: Step 1 Complete: 0 matched, 4 remaining
2026-03-25 16:04:39 [INFO]: 
--- STEP 2: first_region_match ---
2026-03-25 16:04:40 [INFO]: Step 2 Complete: 0 matched, 4 remaining
2026-03-25 16:04:40 [INFO]: 
--- STEP 3: region_1_or_2_match ---
2026-03-25 16:04:41 [INFO]: Step 3 Complete: 0 matched, 4 remaining
2026-03-25 16:04:41 [INFO]: 
--- STEP 4: second_region_match ---
2026-03-25 16:04:42 [INFO]: Step 4 Complete: 0 matched, 4 remaining
2026-03-25 16:04:42 [INFO]: 
--- STEP 5: partial_word_match ---
2026-03-25 16:04:43 [INFO]: Step 5 Complete: 0 matched, 4 remaining
2026-03-25 16:04:43 [INFO]: 
--- STEP 6: starting_2_words_match ---
2026-03-25 16:04:43 [INFO]: Step 6 Complete: 0 matched, 4 remaining
2026-03-25 16:04:43 [INFO]: 
--- STEP 7: coordinate_match ---
2026-03-25 16:04:43 [INFO]: Step 7 Complete: 0 matched, 4 remaining
2026-03-25 16:04:43 [INFO]: 
--- Performing Bulk Database Update ---
2026-03-25 16:04:43 [INFO]: 🗺️ [2026-03-25T11:04:43.468Z] MatchGeoPointOptimized completed:
2026-03-25 16:04:43 [INFO]: {
  "executionTime": "22.25 seconds",
  "totalMatched": 0,
  "totalUnmatched": 4,
  "stepMatchedCounts": {
    "step1": 0,
    "step2": 0,
    "step3": 0,
    "step4": 0,
    "step5": 0,
    "step6": 0,
    "step7": 0
  },
  "unmatchedCategories": {
    "nameMatchedButSubtypeNotMatch": 1,
    "nameNotMatchedAtAll": 3
  }
}
2026-03-25 16:16:26 [INFO]: Property sync scheduler initialized - Running daily at 00:00, 12:00, and 15:00 (Etc/UTC), with cleanup + ownership move AFTER each sync
2026-03-25 16:16:26 [ERROR]: (node:4856) [MONGOOSE] Warning: Duplicate schema index on {"agentId":1} found. This is often due to declaring an index using both "index: true" and "schema.index()". Please remove the duplicate index definition.
(Use `node --trace-warnings ...` to show where the warning was created)
2026-03-25 16:16:26 [ERROR]: (node:4856) [MONGOOSE] Warning: Duplicate schema index on {"id":1} found. This is often due to declaring an index using both "index: true" and "schema.index()". Please remove the duplicate index definition.
2026-03-25 16:16:26 [ERROR]: (node:4856) [MONGOOSE] Warning: Duplicate schema index on {"location_id":1} found. This is often due to declaring an index using both "index: true" and "schema.index()". Please remove the duplicate index definition.
2026-03-25 16:16:26 [ERROR]: (node:4856) [MONGOOSE] Warning: Duplicate schema index on {"slug":1} found. This is often due to declaring an index using both "index: true" and "schema.index()". Please remove the duplicate index definition.
2026-03-25 16:16:26 [ERROR]: (node:4856) [MONGOOSE] Warning: Duplicate schema index on {"location_id":1} found. This is often due to declaring an index using both "index: true" and "schema.index()". Please remove the duplicate index definition.
2026-03-25 16:16:26 [ERROR]: (node:4856) [MONGOOSE] Warning: Duplicate schema index on {"categoryName":1} found. This is often due to declaring an index using both "index: true" and "schema.index()". Please remove the duplicate index definition.
2026-03-25 16:16:28 [INFO]: Server is running on port 8000
2026-03-25 16:16:28 [INFO]: Testing Logsss  22
2026-03-25 16:16:44 [INFO]: Property sync scheduler initialized - Running daily at 00:00, 12:00, and 15:00 (Etc/UTC), with cleanup + ownership move AFTER each sync
2026-03-25 16:16:44 [ERROR]: (node:11976) [MONGOOSE] Warning: Duplicate schema index on {"agentId":1} found. This is often due to declaring an index using both "index: true" and "schema.index()". Please remove the duplicate index definition.
(Use `node --trace-warnings ...` to show where the warning was created)
2026-03-25 16:16:44 [ERROR]: (node:11976) [MONGOOSE] Warning: Duplicate schema index on {"id":1} found. This is often due to declaring an index using both "index: true" and "schema.index()". Please remove the duplicate index definition.
2026-03-25 16:16:44 [ERROR]: (node:11976) [MONGOOSE] Warning: Duplicate schema index on {"location_id":1} found. This is often due to declaring an index using both "index: true" and "schema.index()". Please remove the duplicate index definition.
2026-03-25 16:16:44 [ERROR]: (node:11976) [MONGOOSE] Warning: Duplicate schema index on {"slug":1} found. This is often due to declaring an index using both "index: true" and "schema.index()". Please remove the duplicate index definition.
2026-03-25 16:16:44 [ERROR]: (node:11976) [MONGOOSE] Warning: Duplicate schema index on {"location_id":1} found. This is often due to declaring an index using both "index: true" and "schema.index()". Please remove the duplicate index definition.
2026-03-25 16:16:44 [ERROR]: (node:11976) [MONGOOSE] Warning: Duplicate schema index on {"categoryName":1} found. This is often due to declaring an index using both "index: true" and "schema.index()". Please remove the duplicate index definition.
2026-03-25 16:16:46 [INFO]: Server is running on port 8000
2026-03-25 16:16:48 [INFO]: Testing Logsss  22
2026-03-25 16:17:01 [INFO]: Property sync scheduler initialized - Running daily at 00:00, 12:00, and 15:00 (Etc/UTC), with cleanup + ownership move AFTER each sync
2026-03-25 16:17:01 [ERROR]: (node:3936) [MONGOOSE] Warning: Duplicate schema index on {"agentId":1} found. This is often due to declaring an index using both "index: true" and "schema.index()". Please remove the duplicate index definition.
(Use `node --trace-warnings ...` to show where the warning was created)
2026-03-25 16:17:01 [ERROR]: (node:3936) [MONGOOSE] Warning: Duplicate schema index on {"id":1} found. This is often due to declaring an index using both "index: true" and "schema.index()". Please remove the duplicate index definition.
2026-03-25 16:17:01 [ERROR]: (node:3936) [MONGOOSE] Warning: Duplicate schema index on {"location_id":1} found. This is often due to declaring an index using both "index: true" and "schema.index()". Please remove the duplicate index definition.
2026-03-25 16:17:01 [ERROR]: (node:3936) [MONGOOSE] Warning: Duplicate schema index on {"slug":1} found. This is often due to declaring an index using both "index: true" and "schema.index()". Please remove the duplicate index definition.
2026-03-25 16:17:01 [ERROR]: (node:3936) [MONGOOSE] Warning: Duplicate schema index on {"location_id":1} found. This is often due to declaring an index using both "index: true" and "schema.index()". Please remove the duplicate index definition.
2026-03-25 16:17:01 [ERROR]: (node:3936) [MONGOOSE] Warning: Duplicate schema index on {"categoryName":1} found. This is often due to declaring an index using both "index: true" and "schema.index()". Please remove the duplicate index definition.
2026-03-25 16:17:03 [INFO]: Server is running on port 8000
2026-03-25 16:59:43 [INFO]: ✅ Cron job scheduled: Salesforce sync will run every 12 minutes (UTC)
2026-03-25 16:59:43 [INFO]: 🚀 Running initial sync on startup...
2026-03-25 16:59:43 [INFO]: ⏰ [CRON] Starting scheduled Salesforce sync job...
2026-03-25 16:59:43 [INFO]: 🔄 [LEADERBOARD SNAPSHOT] Building for UTC 2026-03
2026-03-25 16:59:43 [INFO]: Property sync scheduler initialized - Running daily at 00:00, 12:00, and 15:00 (Etc/UTC), with cleanup + ownership move AFTER each sync
2026-03-25 16:59:43 [ERROR]: (node:12220) [MONGOOSE] Warning: Duplicate schema index on {"agentId":1} found. This is often due to declaring an index using both "index: true" and "schema.index()". Please remove the duplicate index definition.
(Use `node --trace-warnings ...` to show where the warning was created)
2026-03-25 16:59:43 [ERROR]: (node:12220) [MONGOOSE] Warning: Duplicate schema index on {"id":1} found. This is often due to declaring an index using both "index: true" and "schema.index()". Please remove the duplicate index definition.
2026-03-25 16:59:43 [ERROR]: (node:12220) [MONGOOSE] Warning: Duplicate schema index on {"location_id":1} found. This is often due to declaring an index using both "index: true" and "schema.index()". Please remove the duplicate index definition.
2026-03-25 16:59:43 [ERROR]: (node:12220) [MONGOOSE] Warning: Duplicate schema index on {"slug":1} found. This is often due to declaring an index using both "index: true" and "schema.index()". Please remove the duplicate index definition.
2026-03-25 16:59:43 [ERROR]: (node:12220) [MONGOOSE] Warning: Duplicate schema index on {"location_id":1} found. This is often due to declaring an index using both "index: true" and "schema.index()". Please remove the duplicate index definition.
2026-03-25 16:59:43 [ERROR]: (node:12220) [MONGOOSE] Warning: Duplicate schema index on {"categoryName":1} found. This is often due to declaring an index using both "index: true" and "schema.index()". Please remove the duplicate index definition.
2026-03-25 16:59:45 [INFO]: Server is running on port 8000
2026-03-25 17:00:00 [INFO]: 🔔 [CRON TICK] Triggered at 2026-03-25T12:00:00.046Z (UTC)
2026-03-25 17:00:00 [INFO]: ⏳ [SYNC LOCK] master-sync skipped; another sync is running.
2026-03-25 17:00:00 [INFO]: 🔄 [2026-03-25T12:00:00.051Z] Starting scheduled property sync...
2026-03-25 17:00:00 [INFO]: Fetching XML from: https://arabianestates.my.salesforce-sites.com/ListingsXML/services/apexrest/ListingsForPortal?PortalName=Website
2026-03-25 17:00:04 [INFO]: Parsing XML data...
2026-03-25 17:00:05 [INFO]: Found 1585 properties in XML
2026-03-25 17:00:05 [INFO]: Processing 1585 properties
2026-03-25 17:00:05 [INFO]: Live properties: 625
2026-03-25 17:00:05 [INFO]: Non-Live properties: 960
2026-03-25 17:00:08 [INFO]: [PB-R-37455] ✨ Queueing full created
2026-03-25 17:00:08 [INFO]: [PB-R-36780-2] 🔄 Queueing full updated
2026-03-25 17:00:08 [INFO]: [PB-S-36732-1] 🔄 Queueing full updated
2026-03-25 17:00:08 [INFO]: [PB-S-37258] ✨ Queueing full created
2026-03-25 17:00:08 [INFO]: [PB-R-37295] 📍 Adding/Updating address_information: {
  "Longitude_Latitude": "25.03926, 55.23286"
}
2026-03-25 17:00:08 [INFO]: [PB-R-37295] ✏️  Queueing partial update
2026-03-25 17:00:08 [INFO]: [PB-S-22040-3] 📍 Adding/Updating address_information: {
  "Longitude_Latitude": "25.13043, 55.19465"
}
2026-03-25 17:00:08 [INFO]: [PB-S-22040-3] ✏️  Queueing partial update
2026-03-25 17:00:08 [INFO]: [PB-S-21965-1] 📍 Adding/Updating address_information: {
  "Longitude_Latitude": "25.13292,55.19018"
}
2026-03-25 17:00:08 [INFO]: [PB-S-21965-1] ✏️  Queueing partial update
2026-03-25 17:00:08 [INFO]: [PB-S-12520-5] 📍 Adding/Updating address_information: {
  "Longitude_Latitude": "25.09958, 55.17133"
}
2026-03-25 17:00:08 [INFO]: [PB-S-12520-5] ✏️  Queueing partial update
2026-03-25 17:00:08 [INFO]: [PB-R-37451] ⏭️  Skipped - no changes needed
2026-03-25 17:00:08 [INFO]: [PB-R-37414] 📍 Adding/Updating address_information: {
  "Longitude_Latitude": "25.18020, 55.26594"
}
2026-03-25 17:00:08 [INFO]: [PB-R-37414] ✏️  Queueing partial update
2026-03-25 17:00:08 [INFO]: [PB-S-12702-6] 📍 Adding/Updating address_information: {
  "Longitude_Latitude": "25.17875,55.27041"
}
2026-03-25 17:00:08 [INFO]: [PB-S-12702-6] ✏️  Queueing partial update
2026-03-25 17:00:08 [INFO]: [PB-S-16095-2] 📍 Adding/Updating address_information: {
  "Longitude_Latitude": "25.00194,55.44647"
}
2026-03-25 17:00:08 [INFO]: [PB-S-16095-2] ✏️  Queueing partial update
2026-03-25 17:00:08 [INFO]: [PB-S-14093-4] 📍 Adding/Updating address_information: {
  "Longitude_Latitude": "24.93058,55.22295"
}
2026-03-25 17:00:08 [INFO]: [PB-S-14093-4] ✏️  Queueing partial update
2026-03-25 17:00:08 [INFO]: [PB-R-33908-1] 📍 Adding/Updating address_information: {
  "Longitude_Latitude": "25.05577,55.17754"
}
2026-03-25 17:00:08 [INFO]: [PB-R-33908-1] ✏️  Queueing partial update
2026-03-25 17:00:08 [INFO]: [PB-R-36031] 📍 Adding/Updating address_information: {
  "Longitude_Latitude": "25.08773, 55.14751"
}
2026-03-25 17:00:08 [INFO]: [PB-R-36031] ✏️  Queueing partial update
2026-03-25 17:00:08 [INFO]: [PB-R-13933-4] 📍 Adding/Updating address_information: {
  "Longitude_Latitude": "25.02743,55.22999"
}
2026-03-25 17:00:08 [INFO]: [PB-R-13933-4] ✏️  Queueing partial update
2026-03-25 17:00:08 [INFO]: [PB-S-36053-1] 📍 Adding/Updating address_information: {
  "Longitude_Latitude": "25.02231,55.22454"
}
2026-03-25 17:00:08 [INFO]: [PB-S-36053-1] ✏️  Queueing partial update
2026-03-25 17:00:08 [INFO]: [PB-R-37248-1] 📍 Adding/Updating address_information: {
  "Longitude_Latitude": "25.024405, 55.246446"
}
2026-03-25 17:00:08 [INFO]: [PB-R-37248-1] ✏️  Queueing partial update
2026-03-25 17:00:08 [INFO]: [PB-S-36887-1] 📍 Adding/Updating address_information: {
  "Longitude_Latitude": "25.11362,55.13673"
}
2026-03-25 17:00:08 [INFO]: [PB-S-36887-1] ✏️  Queueing partial update
2026-03-25 17:00:08 [INFO]: [PB-R-36062-2] 📍 Adding/Updating address_information: {
  "Longitude_Latitude": "25.10653,55.24847"
}
2026-03-25 17:00:08 [INFO]: [PB-R-36062-2] ✏️  Queueing partial update
2026-03-25 17:00:08 [INFO]: [PB-S-13474-7] 📍 Adding/Updating address_information: {
  "Longitude_Latitude": "25.02477,55.22292"
}
2026-03-25 17:00:08 [INFO]: [PB-S-13474-7] ✏️  Queueing partial update
2026-03-25 17:00:08 [INFO]: [PB-S-36063-1] 📍 Adding/Updating address_information: {
  "Longitude_Latitude": "25.12551,55.15342"
}
2026-03-25 17:00:08 [INFO]: [PB-S-36063-1] ✏️  Queueing partial update
2026-03-25 17:00:08 [INFO]: [PB-R-36358-2] 📍 Adding/Updating address_information: {
  "Longitude_Latitude": "25.15530,55.28377"
}
2026-03-25 17:00:08 [INFO]: [PB-R-36358-2] ✏️  Queueing partial update
2026-03-25 17:00:08 [INFO]: [PB-R-36303-1] 📍 Adding/Updating address_information: {
  "Longitude_Latitude": "25.85993,55.13848"
}
2026-03-25 17:00:08 [INFO]: [PB-R-36303-1] ✏️  Queueing partial update
2026-03-25 17:00:08 [INFO]: [PB-R-36664-1] 📍 Adding/Updating address_information: {
  "Longitude_Latitude": "25.08216, 55.13918"
}
2026-03-25 17:00:08 [INFO]: [PB-R-36664-1] ✏️  Queueing partial update
2026-03-25 17:00:08 [INFO]: [PB-R-37075] 📍 Adding/Updating address_information: {
  "Longitude_Latitude": "25.12014, 55.26392"
}
2026-03-25 17:00:08 [INFO]: [PB-R-37075] ✏️  Queueing partial update
2026-03-25 17:00:08 [INFO]: [PB-S-37255] 📍 Adding/Updating address_information: {
  "Longitude_Latitude": "25.07221, 55.33412"
}
2026-03-25 17:00:08 [INFO]: [PB-S-37255] ✏️  Queueing partial update
2026-03-25 17:00:08 [INFO]: [PB-R-37436] 📍 Adding/Updating address_information: {
  "Longitude_Latitude": "25.18686, 55.28298"
}
2026-03-25 17:00:08 [INFO]: [PB-R-37436] ✏️  Queueing partial update
2026-03-25 17:00:08 [INFO]: [PB-R-37422] ⏭️  Skipped - no changes needed
2026-03-25 17:00:08 [INFO]: [PB-S-37382] 📍 Adding/Updating address_information: {
  "Longitude_Latitude": "25.04509, 55.24281"
}
2026-03-25 17:00:08 [INFO]: [PB-S-37382] ✏️  Queueing partial update
2026-03-25 17:00:08 [INFO]: [PB-S-34638-1] 📍 Adding/Updating address_information: {
  "Longitude_Latitude": "25.3342,55.26801"
}
2026-03-25 17:00:08 [INFO]: [PB-S-34638-1] ✏️  Queueing partial update
2026-03-25 17:00:08 [INFO]: [PB-S-21937-2] 📍 Adding/Updating address_information: {
  "Longitude_Latitude": "25.06550, 55.23734"
}
2026-03-25 17:00:08 [INFO]: [PB-S-21937-2] ✏️  Queueing partial update
2026-03-25 17:00:08 [INFO]: [PB-S-1613-3] 📍 Adding/Updating address_information: {
  "Longitude_Latitude": "25.01111,55.45328"
}
2026-03-25 17:00:08 [INFO]: [PB-S-1613-3] ✏️  Queueing partial update
2026-03-25 17:00:08 [INFO]: [PB-S-11194-7] 📍 Adding/Updating address_information: {
  "Longitude_Latitude": "25.02432,55.20364"
}
2026-03-25 17:00:08 [INFO]: [PB-S-11194-7] ✏️  Queueing partial update
2026-03-25 17:00:08 [INFO]: [PB-R-37247] 📍 Adding/Updating address_information: {
  "Longitude_Latitude": "25.03104,55.20553"
}
2026-03-25 17:00:08 [INFO]: [PB-R-37247] ✏️  Queueing partial update
2026-03-25 17:00:08 [INFO]: [PB-S-11422-4] 📍 Adding/Updating address_information: {
  "Longitude_Latitude": "25.53021,55.30942"
}
2026-03-25 17:00:08 [INFO]: [PB-S-11422-4] ✏️  Queueing partial update
2026-03-25 17:00:08 [INFO]: [PB-S-37417] ⏭️  Skipped - no changes needed
2026-03-25 17:00:08 [INFO]: [PB-S-37420] ⏭️  Skipped - no changes needed
2026-03-25 17:00:08 [INFO]: [PB-S-37429] ⏭️  Skipped - no changes needed
2026-03-25 17:00:08 [INFO]: [PB-S-37426] ⏭️  Skipped - no changes needed
2026-03-25 17:00:08 [INFO]: [PB-R-37127] ⏭️  Skipped - no changes needed
2026-03-25 17:00:08 [INFO]: [PB-R-37375] 📍 Adding/Updating address_information: {
  "Longitude_Latitude": "25.05959, 55.21702"
}
2026-03-25 17:00:08 [INFO]: [PB-R-37375] ✏️  Queueing partial update
2026-03-25 17:00:08 [INFO]: [PB-S-12861-1] ⏭️  Skipped - no changes needed
2026-03-25 17:00:08 [INFO]: [PB-S-37381] 📍 Adding/Updating address_information: {
  "Longitude_Latitude": "25.20722, 55.34391"
}
2026-03-25 17:00:08 [INFO]: [PB-S-37381] ✏️  Queueing partial update
2026-03-25 17:00:08 [INFO]: [PB-S-36873-2] 📍 Adding/Updating address_information: {
  "Longitude_Latitude": "25.02788,55.22906"
}
2026-03-25 17:00:08 [INFO]: [PB-S-36873-2] ✏️  Queueing partial update
2026-03-25 17:00:08 [INFO]: [PB-S-37425] ⏭️  Skipped - no changes needed
2026-03-25 17:00:08 [INFO]: [PB-S-37423] ⏭️  Skipped - no changes needed
2026-03-25 17:00:08 [INFO]: [PB-R-37434] 📍 Adding/Updating address_information: {
  "Longitude_Latitude": "25.09956, 55.24421"
}
2026-03-25 17:00:08 [INFO]: [PB-R-37434] ✏️  Queueing partial update
2026-03-25 17:00:08 [INFO]: [PB-R-37424] ⏭️  Skipped - no changes needed
2026-03-25 17:00:08 [INFO]: [PB-S-37432] ⏭️  Skipped - no changes needed
2026-03-25 17:00:08 [INFO]: [PB-S-12600-10] 📍 Adding/Updating address_information: {
  "Longitude_Latitude": "25.11064,55.13572"
}
2026-03-25 17:00:08 [INFO]: [PB-S-12600-10] ✏️  Queueing partial update
2026-03-25 17:00:08 [INFO]: [PB-S-37184] 📍 Adding/Updating address_information: {
  "Longitude_Latitude": "25.11117,55.13734"
}
2026-03-25 17:00:08 [INFO]: [PB-S-37184] ✏️  Queueing partial update
2026-03-25 17:00:08 [INFO]: [PB-R-36577-1] 📍 Adding/Updating address_information: {
  "Longitude_Latitude": "25.05577,55.17754"
}
2026-03-25 17:00:08 [INFO]: [PB-R-36577-1] ✏️  Queueing partial update
2026-03-25 17:00:08 [INFO]: [PB-S-9455-2] 📍 Adding/Updating address_information: {
  "Longitude_Latitude": "25.10651,55.14793"
}
2026-03-25 17:00:08 [INFO]: [PB-S-9455-2] ✏️  Queueing partial update
2026-03-25 17:00:08 [INFO]: [PB-S-33931-2] 📍 Adding/Updating address_information: {
  "Longitude_Latitude": "55.13466, 25.11724"
}
2026-03-25 17:00:08 [INFO]: [PB-S-33931-2] ✏️  Queueing partial update
2026-03-25 17:00:08 [INFO]: [PB-S-12601-9] 📍 Adding/Updating address_information: {
  "Longitude_Latitude": "25.11130,55.13659"
}
2026-03-25 17:00:08 [INFO]: [PB-S-12601-9] ✏️  Queueing partial update
2026-03-25 17:00:08 [INFO]: [PB-S-31077-2] 📍 Adding/Updating address_information: {
  "Longitude_Latitude": "25.11040,55.13745"
}
2026-03-25 17:00:08 [INFO]: [PB-S-31077-2] ✏️  Queueing partial update
2026-03-25 17:00:08 [INFO]: [PB-S-36587] 📍 Adding/Updating address_information: {
  "Longitude_Latitude": "25.08702, 55.14757"
}
2026-03-25 17:00:08 [INFO]: [PB-S-36587] ✏️  Queueing partial update
2026-03-25 17:00:08 [INFO]: [PB-S-28622-4] 📍 Adding/Updating address_information: {
  "Longitude_Latitude": "25.06167,55.18719"
}
2026-03-25 17:00:08 [INFO]: [PB-S-28622-4] ✏️  Queueing partial update
2026-03-25 17:00:08 [INFO]: [PB-S-36627-1] 📍 Adding/Updating address_information: {
  "Longitude_Latitude": "25.05733, 55.17529"
}
2026-03-25 17:00:08 [INFO]: [PB-S-36627-1] ✏️  Queueing partial update
2026-03-25 17:00:08 [INFO]: [PB-S-10042-1] 📍 Adding/Updating address_information: {
  "Longitude_Latitude": "25.05505,55.18244"
}
2026-03-25 17:00:08 [INFO]: [PB-S-10042-1] ✏️  Queueing partial update
2026-03-25 17:00:08 [INFO]: [PB-S-12104-10] 📍 Adding/Updating address_information: {
  "Longitude_Latitude": "55.17996, 25.05621"
}
2026-03-25 17:00:08 [INFO]: [PB-S-12104-10] ✏️  Queueing partial update
2026-03-25 17:00:08 [INFO]: [PB-S-14311] 📍 Adding/Updating address_information: {
  "Longitude_Latitude": "25.13383, 55.19175"
}
2026-03-25 17:00:08 [INFO]: [PB-S-14311] ✏️  Queueing partial update
2026-03-25 17:00:08 [INFO]: [PB-R-37363] ⏭️  Skipped - no changes needed
2026-03-25 17:00:08 [INFO]: [PB-S-11960-7] 📍 Adding/Updating address_information: {
  "Longitude_Latitude": "25.07032,55.14120"
}
2026-03-25 17:00:08 [INFO]: [PB-S-11960-7] ✏️  Queueing partial update
2026-03-25 17:00:08 [INFO]: [PB-R-37351] ⏭️  Skipped - no changes needed
2026-03-25 17:00:08 [INFO]: [PB-R-36004-1] 📍 Adding/Updating address_information: {
  "Longitude_Latitude": "25.04173,55.20599"
}
2026-03-25 17:00:08 [INFO]: [PB-R-36004-1] ✏️  Queueing partial update
2026-03-25 17:00:08 [INFO]: [PB-S-36817-1] 📍 Adding/Updating address_information: {
  "Longitude_Latitude": "25.11069,55.14673"
}
2026-03-25 17:00:08 [INFO]: [PB-S-36817-1] ✏️  Queueing partial update
2026-03-25 17:00:08 [INFO]: [PB-S-5717-4] 📍 Adding/Updating address_information: {
  "Longitude_Latitude": "25.06145,55.16136"
}
2026-03-25 17:00:08 [INFO]: [PB-S-5717-4] ✏️  Queueing partial update
2026-03-25 17:00:08 [INFO]: [PB-S-12137-4] 📍 Adding/Updating address_information: {
  "Longitude_Latitude": "25.13518, 55.18995"
}
2026-03-25 17:00:08 [INFO]: [PB-S-12137-4] ✏️  Queueing partial update
2026-03-25 17:00:08 [INFO]: [PB-R-37394] 📍 Adding/Updating address_information: {
  "Longitude_Latitude": "25.07688,55.13523"
}
2026-03-25 17:00:08 [INFO]: [PB-R-37394] ✏️  Queueing partial update
2026-03-25 17:00:08 [INFO]: [PB-S-37413] 📍 Adding/Updating address_information: {
  "Longitude_Latitude": "25.07392,55.13292"
}
2026-03-25 17:00:08 [INFO]: [PB-S-37413] ✏️  Queueing partial update
2026-03-25 17:00:08 [INFO]: [PB-R-36030-1] 📍 Adding/Updating address_information: {
  "Longitude_Latitude": "25.20971, 55.34635"
}
2026-03-25 17:00:08 [INFO]: [PB-R-36030-1] ✏️  Queueing partial update
2026-03-25 17:00:08 [INFO]: [PB-R-35979-1] 📍 Adding/Updating address_information: {
  "Longitude_Latitude": "25.03491, 55.20987"
}
2026-03-25 17:00:08 [INFO]: [PB-R-35979-1] ✏️  Queueing partial update
2026-03-25 17:00:08 [INFO]: [PB-S-12951-6] 📍 Adding/Updating address_information: {
  "Longitude_Latitude": "25.19090,55.28138"
}
2026-03-25 17:00:08 [INFO]: [PB-S-12951-6] ✏️  Queueing partial update
2026-03-25 17:00:08 [INFO]: [PB-S-12952-6] 📍 Adding/Updating address_information: {
  "Longitude_Latitude": "25.19696,55.26999"
}
2026-03-25 17:00:08 [INFO]: [PB-S-12952-6] ✏️  Queueing partial update
2026-03-25 17:00:08 [INFO]: [PB-S-37391] 📍 Adding/Updating address_information: {
  "Longitude_Latitude": "25.07844,55.15968"
}
2026-03-25 17:00:08 [INFO]: [PB-S-37391] ✏️  Queueing partial update
2026-03-25 17:00:08 [INFO]: [PB-S-34654-1] 📍 Adding/Updating address_information: {
  "Longitude_Latitude": "25.20413 55.25944"
}
2026-03-25 17:00:08 [INFO]: [PB-S-34654-1] ✏️  Queueing partial update
2026-03-25 17:00:08 [INFO]: [PB-S-37350] ⏭️  Skipped - no changes needed
2026-03-25 17:00:08 [INFO]: [PB-S-21885-3] 📍 Adding/Updating address_information: {
  "Longitude_Latitude": "25.07559,55.13377"
}
2026-03-25 17:00:08 [INFO]: [PB-S-21885-3] ✏️  Queueing partial update
2026-03-25 17:00:08 [INFO]: [PB-S-22125-2] 📍 Adding/Updating address_information: {
  "Longitude_Latitude": "25.08259,55.14214"
}
2026-03-25 17:00:08 [INFO]: [PB-S-22125-2] ✏️  Queueing partial update
2026-03-25 17:00:08 [INFO]: [PB-S-11925-7] 📍 Adding/Updating address_information: {
  "Longitude_Latitude": "55.14756, 25.09051"
}
2026-03-25 17:00:08 [INFO]: [PB-S-11925-7] ✏️  Queueing partial update
2026-03-25 17:00:08 [INFO]: [PB-S-28662-2] 📍 Adding/Updating address_information: {
  "Longitude_Latitude": "25.07619,55.13562"
}
2026-03-25 17:00:08 [INFO]: [PB-S-28662-2] ✏️  Queueing partial update
2026-03-25 17:00:08 [INFO]: [PB-S-36044] 📍 Adding/Updating address_information: {
  "Longitude_Latitude": "24.97695,55.21981"
}
2026-03-25 17:00:08 [INFO]: [PB-S-36044] ✏️  Queueing partial update
2026-03-25 17:00:08 [INFO]: [PB-S-36045] 📍 Adding/Updating address_information: {
  "Longitude_Latitude": "24.97695,55.21981"
}
2026-03-25 17:00:08 [INFO]: [PB-S-36045] ✏️  Queueing partial update
2026-03-25 17:00:08 [INFO]: [PB-R-36719-1] 📍 Adding/Updating address_information: {
  "Longitude_Latitude": "25.05527,55.17754"
}
2026-03-25 17:00:08 [INFO]: [PB-R-36719-1] ✏️  Queueing partial update
2026-03-25 17:00:08 [INFO]: [PB-S-36440-1] 📍 Adding/Updating address_information: {
  "Longitude_Latitude": "25.17676,55.31207"
}
2026-03-25 17:00:08 [INFO]: [PB-S-36440-1] ✏️  Queueing partial update
2026-03-25 17:00:08 [INFO]: [PB-S-36038-1] 📍 Adding/Updating address_information: {
  "Longitude_Latitude": "25.20336, 55.28098"
}
2026-03-25 17:00:08 [INFO]: [PB-S-36038-1] ✏️  Queueing partial update
2026-03-25 17:00:08 [INFO]: [PB-S-36492-2] 📍 Adding/Updating address_information: {
  "Longitude_Latitude": "25.19347,55.28089"
}
2026-03-25 17:00:08 [INFO]: [PB-S-36492-2] ✏️  Queueing partial update
2026-03-25 17:00:08 [INFO]: [PB-R-36754-1] 📍 Adding/Updating address_information: {
  "Longitude_Latitude": "24.11406,55.20558"
}
2026-03-25 17:00:08 [INFO]: [PB-R-36754-1] ✏️  Queueing partial update
2026-03-25 17:00:08 [INFO]: [PB-S-18554-3] 📍 Adding/Updating address_information: {
  "Longitude_Latitude": "25.13457, 55.19164"
}
2026-03-25 17:00:08 [INFO]: [PB-S-18554-3] ✏️  Queueing partial update
2026-03-25 17:00:08 [INFO]: [PB-S-14362-5] 📍 Adding/Updating address_information: {
  "Longitude_Latitude": "25.20518,55.25830"
}
2026-03-25 17:00:08 [INFO]: [PB-S-14362-5] ✏️  Queueing partial update
2026-03-25 17:00:08 [INFO]: [PB-S-36772-1] 📍 Adding/Updating address_information: {
  "Longitude_Latitude": "25.08845, 55.14928"
}
2026-03-25 17:00:08 [INFO]: [PB-S-36772-1] ✏️  Queueing partial update
2026-03-25 17:00:08 [INFO]: [PB-S-36806-1] 📍 Adding/Updating address_information: {
  "Longitude_Latitude": "25.10933,55.14585"
}
2026-03-25 17:00:08 [INFO]: [PB-S-36806-1] ✏️  Queueing partial update
2026-03-25 17:00:08 [INFO]: [PB-R-37399] ⏭️  Skipped - no changes needed
2026-03-25 17:00:08 [INFO]: [PB-R-37387] ⏭️  Skipped - no changes needed
2026-03-25 17:00:08 [INFO]: [PB-R-37412] 📍 Adding/Updating address_information: {
  "Longitude_Latitude": "25.20798, 55.34434"
}
2026-03-25 17:00:08 [INFO]: [PB-R-37412] ✏️  Queueing partial update
2026-03-25 17:00:08 [INFO]: [PB-R-37155] ⏭️  Skipped - no changes needed
2026-03-25 17:00:08 [INFO]: [PB-S-36776-1] 📍 Adding/Updating address_information: {
  "Longitude_Latitude": "25.19124,55.26992"
}
2026-03-25 17:00:08 [INFO]: [PB-S-36776-1] ✏️  Queueing partial update
2026-03-25 17:00:08 [INFO]: [PB-R-36650-2] 📍 Adding/Updating address_information: {
  "Longitude_Latitude": "25.06226, 55.17580"
}
2026-03-25 17:00:08 [INFO]: [PB-R-36650-2] ✏️  Queueing partial update
2026-03-25 17:00:08 [INFO]: [PB-R-37302] 📍 Adding/Updating address_information: {
  "Longitude_Latitude": "25.06588, 55.32145"
}
2026-03-25 17:00:08 [INFO]: [PB-R-37302] ✏️  Queueing partial update
2026-03-25 17:00:08 [INFO]: [PB-S-37406] 📍 Adding/Updating address_information: {
  "Longitude_Latitude": "25.04777, 55.21090"
}
2026-03-25 17:00:08 [INFO]: [PB-S-37406] ✏️  Queueing partial update
2026-03-25 17:00:08 [INFO]: [PB-R-36009-2] 📍 Adding/Updating address_information: {
  "Longitude_Latitude": "25.05147, 55.17409"
}
2026-03-25 17:00:08 [INFO]: [PB-R-36009-2] ✏️  Queueing partial update
2026-03-25 17:00:08 [INFO]: [PB-S-36811-1] 📍 Adding/Updating address_information: {
  "Longitude_Latitude": "25.05214,55.21744"
}
2026-03-25 17:00:08 [INFO]: [PB-S-36811-1] ✏️  Queueing partial update
2026-03-25 17:00:08 [INFO]: [PB-R-36302-2] 📍 Adding/Updating address_information: {
  "Longitude_Latitude": "25.06010,55.18525"
}
2026-03-25 17:00:08 [INFO]: [PB-R-36302-2] ✏️  Queueing partial update
2026-03-25 17:00:08 [INFO]: [PB-R-36568-1] 📍 Adding/Updating address_information: {
  "Longitude_Latitude": "25.07392,55.13292"
}
2026-03-25 17:00:08 [INFO]: [PB-R-36568-1] ✏️  Queueing partial update
2026-03-25 17:00:08 [INFO]: [PB-R-37390] ⏭️  Skipped - no changes needed
2026-03-25 17:00:08 [INFO]: [PB-S-22201-3] 📍 Adding/Updating address_information: {
  "Longitude_Latitude": "25.20424,55.25939"
}
2026-03-25 17:00:08 [INFO]: [PB-S-22201-3] ✏️  Queueing partial update
2026-03-25 17:00:08 [INFO]: [PB-S-36957-1] 📍 Adding/Updating address_information: {
  "Longitude_Latitude": "25.20402,55.25947"
}
2026-03-25 17:00:08 [INFO]: [PB-S-36957-1] ✏️  Queueing partial update
2026-03-25 17:00:08 [INFO]: [PB-R-37411] 📍 Adding/Updating address_information: {
  "Longitude_Latitude": "25.08789,55.17279"
}
2026-03-25 17:00:08 [INFO]: [PB-R-37411] ✏️  Queueing partial update
2026-03-25 17:00:08 [INFO]: [PB-S-36778] 📍 Adding/Updating address_information: {
  "Longitude_Latitude": "25.06103, 55.16023"
}
2026-03-25 17:00:08 [INFO]: [PB-S-36778] ✏️  Queueing partial update
2026-03-25 17:00:08 [INFO]: [PB-R-37194] ⏭️  Skipped - no changes needed
2026-03-25 17:00:08 [INFO]: [PB-R-37028] 📍 Adding/Updating address_information: {
  "Longitude_Latitude": "25.09851,55.25344"
}
2026-03-25 17:00:08 [INFO]: [PB-R-37028] ✏️  Queueing partial update
2026-03-25 17:00:08 [INFO]: [PB-R-37016] 📍 Adding/Updating address_information: {
  "Longitude_Latitude": "25.09852, 55.25171"
}
2026-03-25 17:00:08 [INFO]: [PB-R-37016] ✏️  Queueing partial update
2026-03-25 17:00:08 [INFO]: [PB-R-37010] 📍 Adding/Updating address_information: {
  "Longitude_Latitude": "25.09978,55.14100"
}
2026-03-25 17:00:08 [INFO]: [PB-R-37010] ✏️  Queueing partial update
2026-03-25 17:00:08 [INFO]: [PB-R-37007] 📍 Adding/Updating address_information: {
  "Longitude_Latitude": "25.09880,55.14017"
}
2026-03-25 17:00:08 [INFO]: [PB-R-37007] ✏️  Queueing partial update
2026-03-25 17:00:08 [INFO]: [PB-R-36994] 📍 Adding/Updating address_information: {
  "Longitude_Latitude": "25.05297,55.20155"
}
2026-03-25 17:00:08 [INFO]: [PB-R-36994] ✏️  Queueing partial update
2026-03-25 17:00:08 [INFO]: [PB-R-36580-1] 📍 Adding/Updating address_information: {
  "Longitude_Latitude": "25.10044,55.25066"
}
2026-03-25 17:00:08 [INFO]: [PB-R-36580-1] ✏️  Queueing partial update
2026-03-25 17:00:08 [INFO]: [PB-R-36562-1] 📍 Adding/Updating address_information: {
  "Longitude_Latitude": "25.12020,55.26395"
}
2026-03-25 17:00:08 [INFO]: [PB-R-36562-1] ✏️  Queueing partial update
2026-03-25 17:00:08 [INFO]: [PB-R-36441-1] 📍 Adding/Updating address_information: {
  "Longitude_Latitude": "25.12367,55.26044"
}
2026-03-25 17:00:08 [INFO]: [PB-R-36441-1] ✏️  Queueing partial update
2026-03-25 17:00:08 [INFO]: [PB-R-36435-1] 📍 Adding/Updating address_information: {
  "Longitude_Latitude": "25.12379, 55.26045"
}
2026-03-25 17:00:08 [INFO]: [PB-R-36435-1] ✏️  Queueing partial update
2026-03-25 17:00:08 [INFO]: [PB-R-36432-1] 📍 Adding/Updating address_information: {
  "Longitude_Latitude": "25.11135, 55.24564"
}
2026-03-25 17:00:08 [INFO]: [PB-R-36432-1] ✏️  Queueing partial update
2026-03-25 17:00:08 [INFO]: [PB-R-36431-1] 📍 Adding/Updating address_information: {
  "Longitude_Latitude": "25.10571, 55.24536"
}
2026-03-25 17:00:08 [INFO]: [PB-R-36431-1] ✏️  Queueing partial update
2026-03-25 17:00:08 [INFO]: [PB-S-12062-5] 📍 Adding/Updating address_information: {
  "Longitude_Latitude": "25.07958,55.11956"
}
2026-03-25 17:00:08 [INFO]: [PB-S-12062-5] ✏️  Queueing partial update
2026-03-25 17:00:08 [INFO]: [PB-S-18443-2] 📍 Adding/Updating address_information: {
  "Longitude_Latitude": "25.25777, 55.27737"
}
2026-03-25 17:00:08 [INFO]: [PB-S-18443-2] ✏️  Queueing partial update
2026-03-25 17:00:08 [INFO]: [PB-S-36814-1] 📍 Adding/Updating address_information: {
  "Longitude_Latitude": "25.19499, 55.26899"
}
2026-03-25 17:00:08 [INFO]: [PB-S-36814-1] ✏️  Queueing partial update
2026-03-25 17:00:08 [INFO]: [PB-S-36712-1] 📍 Adding/Updating address_information: {
  "Longitude_Latitude": "25.12375,55.26042"
}
2026-03-25 17:00:08 [INFO]: [PB-S-36712-1] ✏️  Queueing partial update
2026-03-25 17:00:08 [INFO]: [PB-S-36828-1] 📍 Adding/Updating address_information: {
  "Longitude_Latitude": "25.18495,55.28954"
}
2026-03-25 17:00:08 [INFO]: [PB-S-36828-1] ✏️  Queueing partial update
2026-03-25 17:00:08 [INFO]: [PB-S-36829-1] 📍 Adding/Updating address_information: {
  "Longitude_Latitude": "25.08876, 55.24995"
}
2026-03-25 17:00:08 [INFO]: [PB-S-36829-1] ✏️  Queueing partial update
2026-03-25 17:00:08 [INFO]: [PB-S-36834-1] 📍 Adding/Updating address_information: {
  "Longitude_Latitude": "25.19203,55.26330"
}
2026-03-25 17:00:08 [INFO]: [PB-S-36834-1] ✏️  Queueing partial update
2026-03-25 17:00:08 [INFO]: [PB-S-3534-2] 📍 Adding/Updating address_information: {
  "Longitude_Latitude": "55.14756, 25.09051"
}
2026-03-25 17:00:08 [INFO]: [PB-S-3534-2] ✏️  Queueing partial update
2026-03-25 17:00:08 [INFO]: [PB-S-21964-1] 📍 Adding/Updating address_information: {
  "Longitude_Latitude": "25.13292,55.19018"
}
2026-03-25 17:00:08 [INFO]: [PB-S-21964-1] ✏️  Queueing partial update
2026-03-25 17:00:08 [INFO]: [PB-R-37392] 📍 Adding/Updating address_information: {
  "Longitude_Latitude": "25.17958, 55.27280"
}
2026-03-25 17:00:08 [INFO]: [PB-R-37392] ✏️  Queueing partial update
2026-03-25 17:00:08 [INFO]: [PB-R-36781-1] 📍 Adding/Updating address_information: {
  "Longitude_Latitude": "25.05491,55.28922"
}
2026-03-25 17:00:08 [INFO]: [PB-R-36781-1] ✏️  Queueing partial update
2026-03-25 17:00:08 [INFO]: [PB-S-36841] 📍 Adding/Updating address_information: {
  "Longitude_Latitude": "25.193222,55.27156"
}
2026-03-25 17:00:08 [INFO]: [PB-S-36841] ✏️  Queueing partial update
2026-03-25 17:00:08 [INFO]: [PB-S-36840-1] 📍 Adding/Updating address_information: {
  "Longitude_Latitude": "25.20922,55.34753"
}
2026-03-25 17:00:08 [INFO]: [PB-S-36840-1] ✏️  Queueing partial update
2026-03-25 17:00:08 [INFO]: [PB-S-5868-2] 📍 Adding/Updating address_information: {
  "Longitude_Latitude": "25.05727,55.17533"
}
2026-03-25 17:00:08 [INFO]: [PB-S-5868-2] ✏️  Queueing partial update
2026-03-25 17:00:08 [INFO]: [PB-S-36643-2] 📍 Adding/Updating address_information: {
  "Longitude_Latitude": "25.20997,55.27883"
}
2026-03-25 17:00:08 [INFO]: [PB-S-36643-2] ✏️  Queueing partial update
2026-03-25 17:00:08 [INFO]: [PB-S-36093-3] 📍 Adding/Updating address_information: {
  "Longitude_Latitude": "25.08932, 55.17350"
}
2026-03-25 17:00:08 [INFO]: [PB-S-36093-3] ✏️  Queueing partial update
2026-03-25 17:00:08 [INFO]: [PB-S-36839-1] 📍 Adding/Updating address_information: {
  "Longitude_Latitude": "25.08879,55.24989"
}
2026-03-25 17:00:08 [INFO]: [PB-S-36839-1] ✏️  Queueing partial update
2026-03-25 17:00:08 [INFO]: [PB-R-36777] 📍 Adding/Updating address_information: {
  "Longitude_Latitude": "25.17682, 55.31196"
}
2026-03-25 17:00:08 [INFO]: [PB-R-36777] ✏️  Queueing partial update
2026-03-25 17:00:08 [INFO]: [PB-S-36775] 📍 Adding/Updating address_information: {
  "Longitude_Latitude": "25.17682, 55.31196"
}
2026-03-25 17:00:08 [INFO]: [PB-S-36775] ✏️  Queueing partial update
2026-03-25 17:00:08 [INFO]: [PB-S-36845-1] 📍 Adding/Updating address_information: {
  "Longitude_Latitude": "25.18050,55.25259"
}
2026-03-25 17:00:08 [INFO]: [PB-S-36845-1] ✏️  Queueing partial update
2026-03-25 17:00:08 [INFO]: [PB-S-9647-2] 📍 Adding/Updating address_information: {
  "Longitude_Latitude": "25.02304,55.21546"
}
2026-03-25 17:00:08 [INFO]: [PB-S-9647-2] ✏️  Queueing partial update
2026-03-25 17:00:08 [INFO]: [PB-S-12885-10] 📍 Adding/Updating address_information: {
  "Longitude_Latitude": "25.17660, 55.27272"
}
2026-03-25 17:00:08 [INFO]: [PB-S-12885-10] ✏️  Queueing partial update
2026-03-25 17:00:08 [INFO]: [PB-R-36715] 📍 Adding/Updating address_information: {
  "Longitude_Latitude": "25.09152, 55.17407"
}
2026-03-25 17:00:08 [INFO]: [PB-R-36715] ✏️  Queueing partial update
2026-03-25 17:00:08 [INFO]: [PB-S-12667-7] 📍 Adding/Updating address_information: {
  "Longitude_Latitude": "25.02304,55.21546"
}
2026-03-25 17:00:08 [INFO]: [PB-S-12667-7] ✏️  Queueing partial update
2026-03-25 17:00:08 [INFO]: [PB-S-22109-3] 📍 Adding/Updating address_information: {
  "Longitude_Latitude": "25.13152,55.19125"
}
2026-03-25 17:00:08 [INFO]: [PB-S-22109-3] ✏️  Queueing partial update
2026-03-25 17:00:08 [INFO]: [PB-S-36617-1] 📍 Adding/Updating address_information: {
  "Longitude_Latitude": "25.02304,55.21546"
}
2026-03-25 17:00:08 [INFO]: [PB-S-36617-1] ✏️  Queueing partial update
2026-03-25 17:00:08 [INFO]: [PB-R-37379] 📍 Adding/Updating address_information: {
  "Longitude_Latitude": "25.030573, 55.254911"
}
2026-03-25 17:00:08 [INFO]: [PB-R-37379] ✏️  Queueing partial update
2026-03-25 17:00:08 [INFO]: [PB-R-37396] ⏭️  Skipped - no changes needed
2026-03-25 17:00:08 [INFO]: [PB-S-12193-1] 📍 Adding/Updating address_information: {
  "Longitude_Latitude": "25.11075, 55.24511"
}
2026-03-25 17:00:08 [INFO]: [PB-S-12193-1] ✏️  Queueing partial update
2026-03-25 17:00:08 [INFO]: [PB-S-31775-2] 📍 Adding/Updating address_information: {
  "Longitude_Latitude": "25.10861, 55.14521"
}
2026-03-25 17:00:08 [INFO]: [PB-S-31775-2] ✏️  Queueing partial update
2026-03-25 17:00:08 [INFO]: [PB-S-16922] ⏭️  Skipped - no changes needed
2026-03-25 17:00:08 [INFO]: [PB-S-18396-4] 📍 Adding/Updating address_information: {
  "Longitude_Latitude": "25.05952,55.22141"
}
2026-03-25 17:00:08 [INFO]: [PB-S-18396-4] ✏️  Queueing partial update
2026-03-25 17:00:08 [INFO]: [PB-S-12771-7] 📍 Adding/Updating address_information: {
  "Longitude_Latitude": "25.02219,55.22454"
}
2026-03-25 17:00:08 [INFO]: [PB-S-12771-7] ✏️  Queueing partial update
2026-03-25 17:00:08 [INFO]: [PB-S-36820] 📍 Adding/Updating address_information: {
  "Longitude_Latitude": "25.13815, 55.18936"
}
2026-03-25 17:00:08 [INFO]: [PB-S-36820] ✏️  Queueing partial update
2026-03-25 17:00:08 [INFO]: [PB-S-17999] 📍 Adding/Updating address_information: {
  "Longitude_Latitude": "25.16217,55.29125"
}
2026-03-25 17:00:08 [INFO]: [PB-S-17999] ✏️  Queueing partial update
2026-03-25 17:00:08 [INFO]: [PB-S-37388] ⏭️  Skipped - no changes needed
2026-03-25 17:00:08 [INFO]: [PB-S-37366] ⏭️  Skipped - no changes needed
2026-03-25 17:00:08 [INFO]: [PB-R-37245] 📍 Adding/Updating address_information: {
  "Longitude_Latitude": "25.02534, 55.14432"
}
2026-03-25 17:00:08 [INFO]: [PB-R-37245] ✏️  Queueing partial update
2026-03-25 17:00:08 [INFO]: [PB-S-37386] ⏭️  Skipped - no changes needed
2026-03-25 17:00:08 [INFO]: [PB-R-37300] 📍 Adding/Updating address_information: {
  "Longitude_Latitude": "25.05193, 55.21889"
}
2026-03-25 17:00:08 [INFO]: [PB-R-37300] ✏️  Queueing partial update
2026-03-25 17:00:08 [INFO]: [PB-S-37377] 📍 Adding/Updating address_information: {
  "Longitude_Latitude": "25.10981,55.24924"
}
2026-03-25 17:00:08 [INFO]: [PB-S-37377] ✏️  Queueing partial update
2026-03-25 17:00:08 [INFO]: [PB-S-37129] ⏭️  Skipped - no changes needed
2026-03-25 17:00:08 [INFO]: [PB-R-37365] 📍 Adding/Updating address_information: {
  "Longitude_Latitude": "25.18064, 55.25296"
}
2026-03-25 17:00:08 [INFO]: [PB-R-37365] ✏️  Queueing partial update
2026-03-25 17:00:08 [INFO]: [PB-R-37367] 📍 Adding/Updating address_information: {
  "Longitude_Latitude": "25.18806,55.28331"
}
2026-03-25 17:00:08 [INFO]: [PB-R-37367] ✏️  Queueing partial update
2026-03-25 17:00:08 [INFO]: [PB-S-12714] ⏭️  Skipped - no changes needed
2026-03-25 17:00:08 [INFO]: [PB-R-37354] ⏭️  Skipped - no changes needed
2026-03-25 17:00:08 [INFO]: [PB-R-37348] ⏭️  Skipped - no changes needed
2026-03-25 17:00:08 [INFO]: [PB-S-24867] 📍 Adding/Updating address_information: {
  "Longitude_Latitude": "25.10755,55.14849"
}
2026-03-25 17:00:08 [INFO]: [PB-S-24867] ✏️  Queueing partial update
2026-03-25 17:00:08 [INFO]: [PB-R-37347] ⏭️  Skipped - no changes needed
2026-03-25 17:00:08 [INFO]: [PB-R-37343] 📍 Adding/Updating address_information: {
  "Longitude_Latitude": "25.08093,55.36868"
}
2026-03-25 17:00:08 [INFO]: [PB-R-37343] ✏️  Queueing partial update
2026-03-25 17:00:08 [INFO]: [PB-R-37310] 📍 Adding/Updating address_information: {
  "Longitude_Latitude": "25.07246,55.13617"
}
2026-03-25 17:00:08 [INFO]: [PB-R-37310] ✏️  Queueing partial update
2026-03-25 17:00:08 [INFO]: [PB-S-37290] 📍 Adding/Updating address_information: {
  "Longitude_Latitude": "25.12377,55.26042"
}
2026-03-25 17:00:08 [INFO]: [PB-S-37290] ✏️  Queueing partial update
2026-03-25 17:00:08 [INFO]: [PB-S-7934] ⏭️  Skipped - no changes needed
2026-03-25 17:00:08 [INFO]: [PB-R-37309] 📍 Adding/Updating address_information: {
  "Longitude_Latitude": "25.02646, 55.20824"
}
2026-03-25 17:00:08 [INFO]: [PB-R-37309] ✏️  Queueing partial update
2026-03-25 17:00:08 [INFO]: [PB-S-37201] ⏭️  Skipped - no changes needed
2026-03-25 17:00:08 [INFO]: [PB-R-37308] ⏭️  Skipped - no changes needed
2026-03-25 17:00:08 [INFO]: [PB-R-37200] 📍 Adding/Updating address_information: {
  "Longitude_Latitude": "25.02959,55.22626"
}
2026-03-25 17:00:08 [INFO]: [PB-R-37200] ✏️  Queueing partial update
2026-03-25 17:00:08 [INFO]: [PB-S-37307] 📍 Adding/Updating address_information: {
  "Longitude_Latitude": "25.06969,55.14690"
}
2026-03-25 17:00:08 [INFO]: [PB-S-37307] ✏️  Queueing partial update
2026-03-25 17:00:08 [INFO]: [PB-S-37312] ⏭️  Skipped - no changes needed
2026-03-25 17:00:08 [INFO]: [PB-S-37385] ⏭️  Skipped - no changes needed
2026-03-25 17:00:08 [INFO]: [PB-S-37306] 📍 Adding/Updating address_information: {
  "Longitude_Latitude": "25.07808, 55.24870"
}
2026-03-25 17:00:08 [INFO]: [PB-S-37306] ✏️  Queueing partial update
2026-03-25 17:00:08 [INFO]: [PB-S-36565] 📍 Adding/Updating address_information: {
  "Longitude_Latitude": "25.02745, 55.22991"
}
2026-03-25 17:00:08 [INFO]: [PB-S-36565] ✏️  Queueing partial update
2026-03-25 17:00:08 [INFO]: [PB-S-0240-1] 📍 Adding/Updating address_information: {
  "Longitude_Latitude": "25.10129,55.15536"
}
2026-03-25 17:00:08 [INFO]: [PB-S-0240-1] ✏️  Queueing partial update
2026-03-25 17:00:08 [INFO]: [PB-S-37242] ⏭️  Skipped - no changes needed
2026-03-25 17:00:08 [INFO]: [PB-S-37301] ⏭️  Skipped - no changes needed
2026-03-25 17:00:08 [INFO]: [PB-R-37299] 📍 Adding/Updating address_information: {
  "Longitude_Latitude": "25.09841, 55.25335"
}
2026-03-25 17:00:08 [INFO]: [PB-R-37299] ✏️  Queueing partial update
2026-03-25 17:00:08 [INFO]: [PB-S-37292] 📍 Adding/Updating address_information: {
  "Longitude_Latitude": "25.12244, 55.15436"
}
2026-03-25 17:00:08 [INFO]: [PB-S-37292] ✏️  Queueing partial update
2026-03-25 17:00:08 [INFO]: [PB-S-16019-3] 📍 Adding/Updating address_information: {
  "Longitude_Latitude": "25.13811,55.18906"
}
2026-03-25 17:00:08 [INFO]: [PB-S-16019-3] ✏️  Queueing partial update
2026-03-25 17:00:08 [INFO]: [PB-R-37262] 📍 Adding/Updating address_information: {
  "Longitude_Latitude": "25.13109, 55.19188"
}
2026-03-25 17:00:08 [INFO]: [PB-R-37262] ✏️  Queueing partial update
2026-03-25 17:00:08 [INFO]: [PB-S-37304] 📍 Adding/Updating address_information: {
  "Longitude_Latitude": "25.19385,55.27127"
}
2026-03-25 17:00:08 [INFO]: [PB-S-37304] ✏️  Queueing partial update
2026-03-25 17:00:08 [INFO]: [PB-R-37291] 📍 Adding/Updating address_information: {
  "Longitude_Latitude": "25.18486, 55.26662"
}
2026-03-25 17:00:08 [INFO]: [PB-R-37291] ✏️  Queueing partial update
2026-03-25 17:00:08 [INFO]: [PB-S-36506] 📍 Adding/Updating address_information: {
  "Longitude_Latitude": "25.10629, 55.24571"
}
2026-03-25 17:00:08 [INFO]: [PB-S-36506] ✏️  Queueing partial update
2026-03-25 17:00:08 [INFO]: [PB-R-37009] 📍 Adding/Updating address_information: {
  "Longitude_Latitude": "25.11024, 55.24898"
}
2026-03-25 17:00:08 [INFO]: [PB-R-37009] ✏️  Queueing partial update
2026-03-25 17:00:08 [INFO]: [PB-R-37293] 📍 Adding/Updating address_information: {
  "Longitude_Latitude": "25.07121,55.32752"
}
2026-03-25 17:00:08 [INFO]: [PB-R-37293] ✏️  Queueing partial update
2026-03-25 17:00:08 [INFO]: [PB-S-37374] 📍 Adding/Updating address_information: {
  "Longitude_Latitude": "25.20393, 55.34699"
}
2026-03-25 17:00:08 [INFO]: [PB-S-37374] ✏️  Queueing partial update
2026-03-25 17:00:08 [INFO]: [PB-R-11133] 📍 Adding/Updating address_information: {
  "Longitude_Latitude": "55.30885, 25.26952"
}
2026-03-25 17:00:08 [INFO]: [PB-R-11133] ✏️  Queueing partial update
2026-03-25 17:00:08 [INFO]: [PB-S-36921] 📍 Adding/Updating address_information: {
  "Longitude_Latitude": "25.19208,55.26332"
}
2026-03-25 17:00:08 [INFO]: [PB-S-36921] ✏️  Queueing partial update
2026-03-25 17:00:08 [INFO]: [PB-S-36853] 📍 Adding/Updating address_information: {
  "Longitude_Latitude": "25.17809,55.27377"
}
2026-03-25 17:00:08 [INFO]: [PB-S-36853] ✏️  Queueing partial update
2026-03-25 17:00:08 [INFO]: [PB-R-37047] 📍 Adding/Updating address_information: {
  "Longitude_Latitude": "25.13768, 55.31146"
}
2026-03-25 17:00:08 [INFO]: [PB-R-37047] ✏️  Queueing partial update
2026-03-25 17:00:08 [INFO]: [PB-R-37231] 📍 Adding/Updating address_information: {
  "Longitude_Latitude": "25.08546,55.14258"
}
2026-03-25 17:00:08 [INFO]: [PB-R-37231] ✏️  Queueing partial update
2026-03-25 17:00:08 [INFO]: [PB-R-36082-1] 📍 Adding/Updating address_information: {
  "Longitude_Latitude": "25.10984,55.224444"
}
2026-03-25 17:00:08 [INFO]: [PB-R-36082-1] ✏️  Queueing partial update
2026-03-25 17:00:08 [INFO]: [PB-R-36168-2] 📍 Adding/Updating address_information: {
  "Longitude_Latitude": "25.12102,555.26769"
}
2026-03-25 17:00:08 [INFO]: [PB-R-36168-2] ✏️  Queueing partial update
2026-03-25 17:00:08 [INFO]: [PB-S-36916] 📍 Adding/Updating address_information: {
  "Longitude_Latitude": "25.09315,55.17371"
}
2026-03-25 17:00:08 [INFO]: [PB-S-36916] ✏️  Queueing partial update
2026-03-25 17:00:08 [INFO]: [PB-R-36437] 📍 Adding/Updating address_information: {
  "Longitude_Latitude": "25.07871, 55.15815"
}
2026-03-25 17:00:08 [INFO]: [PB-R-36437] ✏️  Queueing partial update
2026-03-25 17:00:08 [INFO]: [PB-R-36174-1] 📍 Adding/Updating address_information: {
  "Longitude_Latitude": "25.09042, 55.16984"
}
2026-03-25 17:00:08 [INFO]: [PB-R-36174-1] ✏️  Queueing partial update
2026-03-25 17:00:08 [INFO]: [PB-S-37234] 📍 Adding/Updating address_information: {
  "Longitude_Latitude": "24.85652,55.14638"
}
2026-03-25 17:00:08 [INFO]: [PB-S-37234] ✏️  Queueing partial update
2026-03-25 17:00:08 [INFO]: [PB-S-37197] 📍 Adding/Updating address_information: {
  "Longitude_Latitude": "24.95226,55.21638"
}
2026-03-25 17:00:08 [INFO]: [PB-S-37197] ✏️  Queueing partial update
2026-03-25 17:00:08 [INFO]: [PB-S-37072] 📍 Adding/Updating address_information: {
  "Longitude_Latitude": "25.00350,55.29133"
}
2026-03-25 17:00:08 [INFO]: [PB-S-37072] ✏️  Queueing partial update
2026-03-25 17:00:08 [INFO]: [PB-S-37251] 📍 Adding/Updating address_information: {
  "Longitude_Latitude": "25.10073, 55.14290"
}
2026-03-25 17:00:08 [INFO]: [PB-S-37251] ✏️  Queueing partial update
2026-03-25 17:00:08 [INFO]: [PB-S-37046] 📍 Adding/Updating address_information: {
  "Longitude_Latitude": "25.03055,55.20462"
}
2026-03-25 17:00:08 [INFO]: [PB-S-37046] ✏️  Queueing partial update
2026-03-25 17:00:08 [INFO]: [PB-R-36911] 📍 Adding/Updating address_information: {
  "Longitude_Latitude": "25.04190, 55.21403"
}
2026-03-25 17:00:08 [INFO]: [PB-R-36911] ✏️  Queueing partial update
2026-03-25 17:00:08 [INFO]: [PB-S-36560] 📍 Adding/Updating address_information: {
  "Longitude_Latitude": "25.03004,55.20698"
}
2026-03-25 17:00:08 [INFO]: [PB-S-36560] ✏️  Queueing partial update
2026-03-25 17:00:08 [INFO]: [PB-S-36889] 📍 Adding/Updating address_information: {
  "Longitude_Latitude": "25.04343,55.18259"
}
2026-03-25 17:00:08 [INFO]: [PB-S-36889] ✏️  Queueing partial update
2026-03-25 17:00:08 [INFO]: [PB-R-37074] 📍 Adding/Updating address_information: {
  "Longitude_Latitude": "25.23891,55.25561"
}
2026-03-25 17:00:08 [INFO]: [PB-R-37074] ✏️  Queueing partial update
2026-03-25 17:00:08 [INFO]: [PB-S-37057] 📍 Adding/Updating address_information: {
  "Longitude_Latitude": "25.24017,55.25345"
}
2026-03-25 17:00:08 [INFO]: [PB-S-37057] ✏️  Queueing partial update
2026-03-25 17:00:08 [INFO]: [PB-R-37128] 📍 Adding/Updating address_information: {
  "Longitude_Latitude": "25.13777,55.31151"
}
2026-03-25 17:00:08 [INFO]: [PB-R-37128] ✏️  Queueing partial update
2026-03-25 17:00:08 [INFO]: [PB-S-37229] 📍 Adding/Updating address_information: {
  "Longitude_Latitude": "25.12268,55.25942"
}
2026-03-25 17:00:08 [INFO]: [PB-S-37229] ✏️  Queueing partial update
2026-03-25 17:00:08 [INFO]: [PB-S-36904] 📍 Adding/Updating address_information: {
  "Longitude_Latitude": "25.05672,55.22020"
}
2026-03-25 17:00:08 [INFO]: [PB-S-36904] ✏️  Queueing partial update
2026-03-25 17:00:08 [INFO]: [PB-R-36424] 📍 Adding/Updating address_information: {
  "Longitude_Latitude": "25.10798, 55.14618"
}
2026-03-25 17:00:08 [INFO]: [PB-R-36424] ✏️  Queueing partial update
2026-03-25 17:00:08 [INFO]: [PB-S-37021] 📍 Adding/Updating address_information: {
  "Longitude_Latitude": "25.10723,55.17252"
}
2026-03-25 17:00:08 [INFO]: [PB-S-37021] ✏️  Queueing partial update
2026-03-25 17:00:08 [INFO]: [PB-R-37241] 📍 Adding/Updating address_information: {
  "Longitude_Latitude": "25.06072,55.16018"
}
2026-03-25 17:00:08 [INFO]: [PB-R-37241] ✏️  Queueing partial update
2026-03-25 17:00:08 [INFO]: [PB-S-12904] 📍 Adding/Updating address_information: {
  "Longitude_Latitude": "25.05397,55.15928"
}
2026-03-25 17:00:08 [INFO]: [PB-S-12904] ✏️  Queueing partial update
2026-03-25 17:00:08 [INFO]: [PB-S-36181] 📍 Adding/Updating address_information: {
  "Longitude_Latitude": "25.17768,55.31461"
}
2026-03-25 17:00:08 [INFO]: [PB-S-36181] ✏️  Queueing partial update
2026-03-25 17:00:08 [INFO]: [PB-S-36471] 📍 Adding/Updating address_information: {
  "Longitude_Latitude": "25.10835, 55.14755"
}
2026-03-25 17:00:08 [INFO]: [PB-S-36471] ✏️  Queueing partial update
2026-03-25 17:00:08 [INFO]: [PB-S-21972-2] 📍 Adding/Updating address_information: {
  "Longitude_Latitude": "25.10662,55.14750"
}
2026-03-25 17:00:08 [INFO]: [PB-S-21972-2] ✏️  Queueing partial update
2026-03-25 17:00:08 [INFO]: [PB-S-22695] 📍 Adding/Updating address_information: {
  "Longitude_Latitude": "25.11485, 55.13632"
}
2026-03-25 17:00:08 [INFO]: [PB-S-22695] ✏️  Queueing partial update
2026-03-25 17:00:08 [INFO]: [PB-S-1342] ⏭️  Skipped - no changes needed
2026-03-25 17:00:08 [INFO]: [PB-S-36061-1] 📍 Adding/Updating address_information: {
  "Longitude_Latitude": "25.0894,55.13950"
}
2026-03-25 17:00:08 [INFO]: [PB-S-36061-1] ✏️  Queueing partial update
2026-03-25 17:00:08 [INFO]: [PB-S-37022] 📍 Adding/Updating address_information: {
  "Longitude_Latitude": "25.10073, 55.14290"
}
2026-03-25 17:00:08 [INFO]: [PB-S-37022] ✏️  Queueing partial update
2026-03-25 17:00:08 [INFO]: [PB-R-13906-4] 📍 Adding/Updating address_information: {
  "Longitude_Latitude": "25.09074,55.14868"
}
2026-03-25 17:00:08 [INFO]: [PB-R-13906-4] ✏️  Queueing partial update
2026-03-25 17:00:08 [INFO]: [PB-S-37084] 📍 Adding/Updating address_information: {
  "Longitude_Latitude": "25.20473,55.34707"
}
2026-03-25 17:00:08 [INFO]: [PB-S-37084] ✏️  Queueing partial update
2026-03-25 17:00:08 [INFO]: [PB-S-37209] 📍 Adding/Updating address_information: {
  "Longitude_Latitude": "25.05741,55.21942"
}
2026-03-25 17:00:08 [INFO]: [PB-S-37209] ✏️  Queueing partial update
2026-03-25 17:00:08 [INFO]: [PB-R-36170] 📍 Adding/Updating address_information: {
  "Longitude_Latitude": "25.17687,55.31373"
}
2026-03-25 17:00:08 [INFO]: [PB-R-36170] ✏️  Queueing partial update
2026-03-25 17:00:08 [INFO]: [PB-R-36169] 📍 Adding/Updating address_information: {
  "Longitude_Latitude": "25.17661, 55.31217"
}
2026-03-25 17:00:08 [INFO]: [PB-R-36169] ✏️  Queueing partial update
2026-03-25 17:00:08 [INFO]: [PB-R-36520-3] 📍 Adding/Updating address_information: {
  "Longitude_Latitude": "25.17677,55.31204"
}
2026-03-25 17:00:08 [INFO]: [PB-R-36520-3] ✏️  Queueing partial update
2026-03-25 17:00:08 [INFO]: [PB-R-36519-2] 📍 Adding/Updating address_information: {
  "Longitude_Latitude": "25.17660, 55.31206"
}
2026-03-25 17:00:08 [INFO]: [PB-R-36519-2] ✏️  Queueing partial update
2026-03-25 17:00:08 [INFO]: [PB-R-36744] 📍 Adding/Updating address_information: {
  "Longitude_Latitude": "25.09980, 55.31996"
}
2026-03-25 17:00:08 [INFO]: [PB-R-36744] ✏️  Queueing partial update
2026-03-25 17:00:08 [INFO]: [PB-R-37124] 📍 Adding/Updating address_information: {
  "Longitude_Latitude": "25.09980, 55.31996"
}
2026-03-25 17:00:08 [INFO]: [PB-R-37124] ✏️  Queueing partial update
2026-03-25 17:00:08 [INFO]: [PB-R-36740-1] 📍 Adding/Updating address_information: {
  "Longitude_Latitude": "25.09980, 55.31996"
}
2026-03-25 17:00:08 [INFO]: [PB-R-36740-1] ✏️  Queueing partial update
2026-03-25 17:00:08 [INFO]: [PB-S-12773-5] 📍 Adding/Updating address_information: {
  "Longitude_Latitude": "25.07808, 55.24870"
}
2026-03-25 17:00:08 [INFO]: [PB-S-12773-5] ✏️  Queueing partial update
2026-03-25 17:00:08 [INFO]: [PB-S-7425-2] 📍 Adding/Updating address_information: {
  "Longitude_Latitude": "25.10851,55.14521"
}
2026-03-25 17:00:08 [INFO]: [PB-S-7425-2] ✏️  Queueing partial update
2026-03-25 17:00:08 [INFO]: [PB-S-18626-3] 📍 Adding/Updating address_information: {
  "Longitude_Latitude": "25.08061, 55.15437"
}
2026-03-25 17:00:08 [INFO]: [PB-S-18626-3] ✏️  Queueing partial update
2026-03-25 17:00:08 [INFO]: [PB-R-36929] 📍 Adding/Updating address_information: {
  "Longitude_Latitude": "25.05188,55.17961"
}
2026-03-25 17:00:08 [INFO]: [PB-R-36929] ✏️  Queueing partial update
2026-03-25 17:00:08 [INFO]: [PB-S-37134] 📍 Adding/Updating address_information: {
  "Longitude_Latitude": "25.20470,55.34694"
}
2026-03-25 17:00:08 [INFO]: [PB-S-37134] ✏️  Queueing partial update
2026-03-25 17:00:08 [INFO]: [PB-S-37212] 📍 Adding/Updating address_information: {
  "Longitude_Latitude": "25.11691,55.25811"
}
2026-03-25 17:00:08 [INFO]: [PB-S-37212] ✏️  Queueing partial update
2026-03-25 17:00:08 [INFO]: [PB-S-37206] 📍 Adding/Updating address_information: {
  "Longitude_Latitude": "25.10846,55.24264"
}
2026-03-25 17:00:08 [INFO]: [PB-S-37206] ✏️  Queueing partial update
2026-03-25 17:00:08 [INFO]: [PB-R-37257] 📍 Adding/Updating address_information: {
  "Longitude_Latitude": "25.06283,55.20959"
}
2026-03-25 17:00:08 [INFO]: [PB-R-37257] ✏️  Queueing partial update
2026-03-25 17:00:08 [INFO]: [PB-S-37071] 📍 Adding/Updating address_information: {
  "Longitude_Latitude": "25.06180,55.20369"
}
2026-03-25 17:00:08 [INFO]: [PB-S-37071] ✏️  Queueing partial update
2026-03-25 17:00:08 [INFO]: [PB-S-37014] 📍 Adding/Updating address_information: {
  "Longitude_Latitude": "24.99028,55.38341"
}
2026-03-25 17:00:08 [INFO]: [PB-S-37014] ✏️  Queueing partial update
2026-03-25 17:00:08 [INFO]: [PB-R-37189] 📍 Adding/Updating address_information: {
  "Longitude_Latitude": "25.05736, 55.17522"
}
2026-03-25 17:00:08 [INFO]: [PB-R-37189] ✏️  Queueing partial update
2026-03-25 17:00:08 [INFO]: [PB-S-37003] 📍 Adding/Updating address_information: {
  "Longitude_Latitude": "25.06591,55.23436"
}
2026-03-25 17:00:08 [INFO]: [PB-S-37003] ✏️  Queueing partial update
2026-03-25 17:00:08 [INFO]: [PB-S-37004] 📍 Adding/Updating address_information: {
  "Longitude_Latitude": "25.06813,55.21500"
}
2026-03-25 17:00:08 [INFO]: [PB-S-37004] ✏️  Queueing partial update
2026-03-25 17:00:08 [INFO]: [PB-S-37185] 📍 Adding/Updating address_information: {
  "Longitude_Latitude": "25.20695, 55.35077"
}
2026-03-25 17:00:08 [INFO]: [PB-S-37185] ✏️  Queueing partial update
2026-03-25 17:00:08 [INFO]: [PB-S-37186] 📍 Adding/Updating address_information: {
  "Longitude_Latitude": "25.20695, 55.35077"
}
2026-03-25 17:00:08 [INFO]: [PB-S-37186] ✏️  Queueing partial update
2026-03-25 17:00:08 [INFO]: [PB-S-37187] 📍 Adding/Updating address_information: {
  "Longitude_Latitude": "25.20695, 55.35077"
}
2026-03-25 17:00:08 [INFO]: [PB-S-37187] ✏️  Queueing partial update
2026-03-25 17:00:08 [INFO]: [PB-R-16076-1] 📍 Adding/Updating address_information: {
  "Longitude_Latitude": "25.08480,55.14409"
}
2026-03-25 17:00:08 [INFO]: [PB-R-16076-1] ✏️  Queueing partial update
2026-03-25 17:00:08 [INFO]: [PB-R-37170] 📍 Adding/Updating address_information: {
  "Longitude_Latitude": "25.20628, 55.34730"
}
2026-03-25 17:00:08 [INFO]: [PB-R-37170] ✏️  Queueing partial update
2026-03-25 17:00:08 [INFO]: [PB-S-9768-9] 📍 Adding/Updating address_information: {
  "Longitude_Latitude": "25.19508, 55.27042"
}
2026-03-25 17:00:08 [INFO]: [PB-S-9768-9] ✏️  Queueing partial update
2026-03-25 17:00:08 [INFO]: [PB-S-36976] 📍 Adding/Updating address_information: {
  "Longitude_Latitude": "25.18501,55.29058"
}
2026-03-25 17:00:08 [INFO]: [PB-S-36976] ✏️  Queueing partial update
2026-03-25 17:00:08 [INFO]: [PB-S-36974] 📍 Adding/Updating address_information: {
  "Longitude_Latitude": "25.19688,55.28398"
}
2026-03-25 17:00:08 [INFO]: [PB-S-36974] ✏️  Queueing partial update
2026-03-25 17:00:08 [INFO]: [PB-R-37151] 📍 Adding/Updating address_information: {
  "Longitude_Latitude": "25.120775,55.126890"
}
2026-03-25 17:00:08 [INFO]: [PB-R-37151] ✏️  Queueing partial update
2026-03-25 17:00:08 [INFO]: [PB-S-36983] 📍 Adding/Updating address_information: {
  "Longitude_Latitude": "25.19214,55.27362"
}
2026-03-25 17:00:08 [INFO]: [PB-S-36983] ✏️  Queueing partial update
2026-03-25 17:00:08 [INFO]: [PB-S-37079] 📍 Adding/Updating address_information: {
  "Longitude_Latitude": "25.12945,55.26174"
}
2026-03-25 17:00:08 [INFO]: [PB-S-37079] ✏️  Queueing partial update
2026-03-25 17:00:08 [INFO]: [PB-S-36790] 📍 Adding/Updating address_information: {
  "Longitude_Latitude": "25.19173,55.28104"
}
2026-03-25 17:00:08 [INFO]: [PB-S-36790] ✏️  Queueing partial update
2026-03-25 17:00:08 [INFO]: [PB-S-37126] 📍 Adding/Updating address_information: {
  "Longitude_Latitude": "25.20485,55.34465"
}
2026-03-25 17:00:08 [INFO]: [PB-S-37126] ✏️  Queueing partial update
2026-03-25 17:00:08 [INFO]: [PB-S-37125] 📍 Adding/Updating address_information: {
  "Longitude_Latitude": "25.20885,55.34546"
}
2026-03-25 17:00:08 [INFO]: [PB-S-37125] ✏️  Queueing partial update
2026-03-25 17:00:08 [INFO]: [PB-S-37122] 📍 Adding/Updating address_information: {
  "Longitude_Latitude": "25.20387,55.34698"
}
2026-03-25 17:00:08 [INFO]: [PB-S-37122] ✏️  Queueing partial update
2026-03-25 17:00:08 [INFO]: [PB-S-37120] 📍 Adding/Updating address_information: {
  "Longitude_Latitude": "25.20698,55.34374"
}
2026-03-25 17:00:08 [INFO]: [PB-S-37120] ✏️  Queueing partial update
2026-03-25 17:00:08 [INFO]: [PB-S-37119] 📍 Adding/Updating address_information: {
  "Longitude_Latitude": "25.20446,55.34548"
}
2026-03-25 17:00:08 [INFO]: [PB-S-37119] ✏️  Queueing partial update
2026-03-25 17:00:08 [INFO]: [PB-S-37116] 📍 Adding/Updating address_information: {
  "Longitude_Latitude": "25.20425,55.34461"
}
2026-03-25 17:00:08 [INFO]: [PB-S-37116] ✏️  Queueing partial update
2026-03-25 17:00:08 [INFO]: [PB-S-37095] 📍 Adding/Updating address_information: {
  "Longitude_Latitude": "25.21055,55.34648"
}
2026-03-25 17:00:08 [INFO]: [PB-S-37095] ✏️  Queueing partial update
2026-03-25 17:00:08 [INFO]: [PB-S-37096] 📍 Adding/Updating address_information: {
  "Longitude_Latitude": "25.21067,55.34645"
}
2026-03-25 17:00:08 [INFO]: [PB-S-37096] ✏️  Queueing partial update
2026-03-25 17:00:08 [INFO]: [PB-R-37132] 📍 Adding/Updating address_information: {
  "Longitude_Latitude": "25.17664, 55.31206"
}
2026-03-25 17:00:08 [INFO]: [PB-R-37132] ✏️  Queueing partial update
2026-03-25 17:00:08 [INFO]: [PB-S-13776-5] 📍 Adding/Updating address_information: {
  "Longitude_Latitude": "25.08546,55.14258"
}
2026-03-25 17:00:08 [INFO]: [PB-S-13776-5] ✏️  Queueing partial update
2026-03-25 17:00:08 [INFO]: [PB-R-37213] 📍 Adding/Updating address_information: {
  "Longitude_Latitude": "25.02959,55.22626"
}
2026-03-25 17:00:08 [INFO]: [PB-R-37213] ✏️  Queueing partial update
2026-03-25 17:00:08 [INFO]: [PB-R-36387-1] 📍 Adding/Updating address_information: {
  "Longitude_Latitude": "55.14756, 25.09051"
}
2026-03-25 17:00:09 [INFO]: [PB-R-36387-1] ✏️  Queueing partial update
2026-03-25 17:00:09 [INFO]: [PB-R-10165-1] ⏭️  Skipped - no changes needed
2026-03-25 17:00:09 [INFO]: [PB-R-36923] 📍 Adding/Updating address_information: {
  "Longitude_Latitude": "25.20414, 55.34953"
}
2026-03-25 17:00:09 [INFO]: [PB-R-36923] ✏️  Queueing partial update
2026-03-25 17:00:09 [INFO]: [PB-S-36649-1] 📍 Adding/Updating address_information: {
  "Longitude_Latitude": "25.05308, 55.17294"
}
2026-03-25 17:00:09 [INFO]: [PB-S-36649-1] ✏️  Queueing partial update
2026-03-25 17:00:09 [INFO]: [PB-S-37043] 📍 Adding/Updating address_information: {
  "Longitude_Latitude": "25.07872,55.24827"
}
2026-03-25 17:00:09 [INFO]: [PB-S-37043] ✏️  Queueing partial update
2026-03-25 17:00:09 [INFO]: [PB-R-37205-1] 📍 Adding/Updating address_information: {
  "Longitude_Latitude": "55.14756, 25.09051"
}
2026-03-25 17:00:09 [INFO]: [PB-R-37205-1] ✏️  Queueing partial update
2026-03-25 17:00:09 [INFO]: [PB-S-37220] 📍 Adding/Updating address_information: {
  "Longitude_Latitude": "25.09351,55.25039"
}
2026-03-25 17:00:09 [INFO]: [PB-S-37220] ✏️  Queueing partial update
2026-03-25 17:00:09 [INFO]: [PB-R-37252] 📍 Adding/Updating address_information: {
  "Longitude_Latitude": "25.05146, 55.17447"
}
2026-03-25 17:00:09 [INFO]: [PB-R-37252] ✏️  Queueing partial update
2026-03-25 17:00:09 [INFO]: [PB-S-37058] 📍 Adding/Updating address_information: {
  "Longitude_Latitude": "25.04577, 55.24508"
}
2026-03-25 17:00:09 [INFO]: [PB-S-37058] ✏️  Queueing partial update
2026-03-25 17:00:09 [INFO]: [PB-S-37070] 📍 Adding/Updating address_information: {
  "Longitude_Latitude": "25.04683, 55.20457"
}
2026-03-25 17:00:09 [INFO]: [PB-S-37070] ✏️  Queueing partial update
2026-03-25 17:00:09 [INFO]: [PB-S-36867] 📍 Adding/Updating address_information: {
  "Longitude_Latitude": "25.05146, 55.17447"
}
2026-03-25 17:00:09 [INFO]: [PB-S-36867] ✏️  Queueing partial update
2026-03-25 17:00:09 [INFO]: [PB-S-37054] 📍 Adding/Updating address_information: {
  "Longitude_Latitude": "25.13695, 55.18855"
}
2026-03-25 17:00:09 [INFO]: [PB-S-37054] ✏️  Queueing partial update
2026-03-25 17:00:09 [INFO]: [PB-R-37131-1] 📍 Adding/Updating address_information: {
  "Longitude_Latitude": "25.00232,55.16508"
}
2026-03-25 17:00:09 [INFO]: [PB-R-37131-1] ✏️  Queueing partial update
2026-03-25 17:00:09 [INFO]: [PB-R-9692-3] 📍 Adding/Updating address_information: {
  "Longitude_Latitude": "25.04325, 55.17204"
}
2026-03-25 17:00:09 [INFO]: [PB-R-9692-3] ✏️  Queueing partial update
2026-03-25 17:00:09 [INFO]: [PB-S-21886-1] 📍 Adding/Updating address_information: {
  "Longitude_Latitude": "25.10989, 55.14339"
}
2026-03-25 17:00:09 [INFO]: [PB-S-21886-1] ✏️  Queueing partial update
2026-03-25 17:00:09 [INFO]: [PB-S-37145] 📍 Adding/Updating address_information: {
  "Longitude_Latitude": "25.20821,55.34277"
}
2026-03-25 17:00:09 [INFO]: [PB-S-37145] ✏️  Queueing partial update
2026-03-25 17:00:09 [INFO]: [PB-S-36928] 📍 Adding/Updating address_information: {
  "Longitude_Latitude": "25.21140, 55.27618"
}
2026-03-25 17:00:09 [INFO]: [PB-S-36928] ✏️  Queueing partial update
2026-03-25 17:00:09 [INFO]: [PB-S-37171] 📍 Adding/Updating address_information: {
  "Longitude_Latitude": "25.11689,55.25820"
}
2026-03-25 17:00:09 [INFO]: [PB-S-37171] ✏️  Queueing partial update
2026-03-25 17:00:09 [INFO]: [PB-S-36991] 📍 Adding/Updating address_information: {
  "Longitude_Latitude": "25.19520, 55.27045"
}
2026-03-25 17:00:09 [INFO]: [PB-S-36991] ✏️  Queueing partial update
2026-03-25 17:00:09 [INFO]: [PB-S-18542] 📍 Adding/Updating address_information: {
  "Longitude_Latitude": "25.20726,55.34727"
}
2026-03-25 17:00:09 [INFO]: [PB-S-18542] ✏️  Queueing partial update
2026-03-25 17:00:09 [INFO]: [PB-S-36982] 📍 Adding/Updating address_information: {
  "Longitude_Latitude": "25.19693, 55.26980"
}
2026-03-25 17:00:09 [INFO]: [PB-S-36982] ✏️  Queueing partial update
2026-03-25 17:00:09 [INFO]: [PB-S-36981] 📍 Adding/Updating address_information: {
  "Longitude_Latitude": "25.07493,55.13701"
}
2026-03-25 17:00:09 [INFO]: [PB-S-36981] ✏️  Queueing partial update
2026-03-25 17:00:09 [INFO]: [PB-S-37208] 📍 Adding/Updating address_information: {
  "Longitude_Latitude": "25.20731,55.34728"
}
2026-03-25 17:00:09 [INFO]: [PB-S-37208] ✏️  Queueing partial update
2026-03-25 17:00:09 [INFO]: [PB-R-37246] 📍 Adding/Updating address_information: {
  "Longitude_Latitude": "25.11083,55.14211"
}
2026-03-25 17:00:09 [INFO]: [PB-R-37246] ✏️  Queueing partial update
2026-03-25 17:00:09 [INFO]: [PB-S-36980] 📍 Adding/Updating address_information: {
  "Longitude_Latitude": "25.18046, 55.25286"
}
2026-03-25 17:00:09 [INFO]: [PB-S-36980] ✏️  Queueing partial update
2026-03-25 17:00:09 [INFO]: [PB-R-37042] 📍 Adding/Updating address_information: {
  "Longitude_Latitude": "25.06589, 55.23446"
}
2026-03-25 17:00:09 [INFO]: [PB-R-37042] ✏️  Queueing partial update
2026-03-25 17:00:09 [INFO]: [PB-S-36812] 📍 Adding/Updating address_information: {
  "Longitude_Latitude": "25.09973, 55.31990"
}
2026-03-25 17:00:09 [INFO]: [PB-S-36812] ✏️  Queueing partial update
2026-03-25 17:00:09 [INFO]: [PB-S-37029] 📍 Adding/Updating address_information: {
  "Longitude_Latitude": "25.19600, 55.26948"
}
2026-03-25 17:00:09 [INFO]: [PB-S-37029] ✏️  Queueing partial update
2026-03-25 17:00:09 [INFO]: [PB-S-36557] 📍 Adding/Updating address_information: {
  "Longitude_Latitude": "25.08690, 55.14754"
}
2026-03-25 17:00:09 [INFO]: [PB-S-36557] ✏️  Queueing partial update
2026-03-25 17:00:09 [INFO]: [PB-S-37109] 📍 Adding/Updating address_information: {
  "Longitude_Latitude": "25.05964,55.18516"
}
2026-03-25 17:00:09 [INFO]: [PB-S-37109] ✏️  Queueing partial update
2026-03-25 17:00:09 [INFO]: [PB-R-36964] 📍 Adding/Updating address_information: {
  "Longitude_Latitude": "25.02937,55.22631"
}
2026-03-25 17:00:09 [INFO]: [PB-R-36964] ✏️  Queueing partial update
2026-03-25 17:00:09 [INFO]: [PB-R-14248-4] 📍 Adding/Updating address_information: {
  "Longitude_Latitude": "25.02875,55.23252"
}
2026-03-25 17:00:09 [INFO]: [PB-R-14248-4] ✏️  Queueing partial update
2026-03-25 17:00:09 [INFO]: [PB-S-37239] ⏭️  Skipped - no changes needed
2026-03-25 17:00:09 [INFO]: [PB-S-37237] ⏭️  Skipped - no changes needed
2026-03-25 17:00:09 [INFO]: [PB-S-36315] 📍 Adding/Updating address_information: {
  "Longitude_Latitude": "25.07989, 55.31407"
}
2026-03-25 17:00:09 [INFO]: [PB-S-36315] ✏️  Queueing partial update
2026-03-25 17:00:09 [INFO]: [PB-S-17614-1] 📍 Adding/Updating address_information: {
  "Longitude_Latitude": "25.15728, 55.28565"
}
2026-03-25 17:00:09 [INFO]: [PB-S-17614-1] ✏️  Queueing partial update
2026-03-25 17:00:09 [INFO]: [PB-S-12805-1] 📍 Adding/Updating address_information: {
  "Longitude_Latitude": "25.20728,55.34729"
}
2026-03-25 17:00:09 [INFO]: [PB-S-12805-1] ✏️  Queueing partial update
2026-03-25 17:00:09 [INFO]: [PB-S-12802-1] 📍 Adding/Updating address_information: {
  "Longitude_Latitude": "25.20748, 55.34729"
}
2026-03-25 17:00:09 [INFO]: [PB-S-12802-1] ✏️  Queueing partial update
2026-03-25 17:00:09 [INFO]: [PB-S-9745-6] 📍 Adding/Updating address_information: {
  "Longitude_Latitude": "25.07943,55.13630"
}
2026-03-25 17:00:09 [INFO]: [PB-S-9745-6] ✏️  Queueing partial update
2026-03-25 17:00:09 [INFO]: [PB-R-37222] 📍 Adding/Updating address_information: {
  "Longitude_Latitude": "25.11107, 55.13692"
}
2026-03-25 17:00:09 [INFO]: [PB-R-37222] ✏️  Queueing partial update
2026-03-25 17:00:09 [INFO]: [PB-S-12073-7] 📍 Adding/Updating address_information: {
  "Longitude_Latitude": "25.0894,55.13950"
}
2026-03-25 17:00:09 [INFO]: [PB-S-12073-7] ✏️  Queueing partial update
2026-03-25 17:00:09 [INFO]: [PB-S-4804-4] 📍 Adding/Updating address_information: {
  "Longitude_Latitude": "55.06416,55.18831"
}
2026-03-25 17:00:09 [INFO]: [PB-S-4804-4] ✏️  Queueing partial update
2026-03-25 17:00:09 [INFO]: [PB-S-36959-1] ⏭️  Skipped - no changes needed
2026-03-25 17:00:09 [INFO]: [PB-S-11497-2] 📍 Adding/Updating address_information: {
  "Longitude_Latitude": "25.17886, 55.32503"
}
2026-03-25 17:00:09 [INFO]: [PB-S-11497-2] ✏️  Queueing partial update
2026-03-25 17:00:09 [INFO]: [PB-R-36507-1] 📍 Adding/Updating address_information: {
  "Longitude_Latitude": "225.02043,55.25465"
}
2026-03-25 17:00:09 [INFO]: [PB-R-36507-1] ✏️  Queueing partial update
2026-03-25 17:00:09 [INFO]: [PB-S-11772] 📍 Adding/Updating address_information: {
  "Longitude_Latitude": "25.12213, 55.27258"
}
2026-03-25 17:00:09 [INFO]: [PB-S-11772] ✏️  Queueing partial update
2026-03-25 17:00:09 [INFO]: [PB-S-11850-5] 📍 Adding/Updating address_information: {
  "Longitude_Latitude": "25.05974,55.18523"
}
2026-03-25 17:00:09 [INFO]: [PB-S-11850-5] ✏️  Queueing partial update
2026-03-25 17:00:09 [INFO]: [PB-S-15759-3] 📍 Adding/Updating address_information: {
  "Longitude_Latitude": "24.95395,55.21153"
}
2026-03-25 17:00:09 [INFO]: [PB-S-15759-3] ✏️  Queueing partial update
2026-03-25 17:00:09 [INFO]: [PB-S-18527-3] 📍 Adding/Updating address_information: {
  "Longitude_Latitude": "25.11107, 55.13692"
}
2026-03-25 17:00:09 [INFO]: [PB-S-18527-3] ✏️  Queueing partial update
2026-03-25 17:00:09 [INFO]: [PB-S-36384-1] 📍 Adding/Updating address_information: {
  "Longitude_Latitude": "25.08345.5514170"
}
2026-03-25 17:00:09 [INFO]: [PB-S-36384-1] ✏️  Queueing partial update
2026-03-25 17:00:09 [INFO]: [PB-R-9397-1] 📍 Adding/Updating address_information: {
  "Longitude_Latitude": "25.11194, 55.14074"
}
2026-03-25 17:00:09 [INFO]: [PB-R-9397-1] ✏️  Queueing partial update
2026-03-25 17:00:09 [INFO]: [PB-S-36913] 📍 Adding/Updating address_information: {
  "Longitude_Latitude": "25.07688,55.13523"
}
2026-03-25 17:00:09 [INFO]: [PB-S-36913] ✏️  Queueing partial update
2026-03-25 17:00:09 [INFO]: [PB-S-36634] 📍 Adding/Updating address_information: {
  "Longitude_Latitude": "25.07246,55.13617"
}
2026-03-25 17:00:09 [INFO]: [PB-S-36634] ✏️  Queueing partial update
2026-03-25 17:00:09 [INFO]: [PB-S-36438] 📍 Adding/Updating address_information: {
  "Longitude_Latitude": "25.07271,55.13638"
}
2026-03-25 17:00:09 [INFO]: [PB-S-36438] ✏️  Queueing partial update
2026-03-25 17:00:09 [INFO]: [PB-S-36059-2] 📍 Adding/Updating address_information: {
  "Longitude_Latitude": "25.06523,55.21754"
}
2026-03-25 17:00:09 [INFO]: [PB-S-36059-2] ✏️  Queueing partial update
2026-03-25 17:00:09 [INFO]: [PB-S-37202] 📍 Adding/Updating address_information: {
  "Longitude_Latitude": "25.08546,55.14258"
}
2026-03-25 17:00:09 [INFO]: [PB-S-37202] ✏️  Queueing partial update
2026-03-25 17:00:09 [INFO]: [PB-S-1441-4] 📍 Adding/Updating address_information: {
  "Longitude_Latitude": "24.95653,55.15377"
}
2026-03-25 17:00:09 [INFO]: [PB-S-1441-4] ✏️  Queueing partial update
2026-03-25 17:00:09 [INFO]: [PB-S-36620] 📍 Adding/Updating address_information: {
  "Longitude_Latitude": "25.19708, 55.27113"
}
2026-03-25 17:00:09 [INFO]: [PB-S-36620] ✏️  Queueing partial update
2026-03-25 17:00:09 [INFO]: [PB-S-36618] 📍 Adding/Updating address_information: {
  "Longitude_Latitude": "25.19039,55.27124"
}
2026-03-25 17:00:09 [INFO]: [PB-S-36618] ✏️  Queueing partial update
2026-03-25 17:00:09 [INFO]: [PB-S-9609-7] 📍 Adding/Updating address_information: {
  "Longitude_Latitude": "25.08225,55.14238"
}
2026-03-25 17:00:09 [INFO]: [PB-S-9609-7] ✏️  Queueing partial update
2026-03-25 17:00:09 [INFO]: [PB-S-3692-2] 📍 Adding/Updating address_information: {
  "Longitude_Latitude": "25.07245,55.13621"
}
2026-03-25 17:00:09 [INFO]: [PB-S-3692-2] ✏️  Queueing partial update
2026-03-25 17:00:09 [INFO]: [PB-R-37177] ⏭️  Skipped - no changes needed
2026-03-25 17:00:09 [INFO]: [PB-S-18559-1] 📍 Adding/Updating address_information: {
  "Longitude_Latitude": "25.18535, 55.26932"
}
2026-03-25 17:00:09 [INFO]: [PB-S-18559-1] ✏️  Queueing partial update
2026-03-25 17:00:09 [INFO]: [PB-R-36626-1] 📍 Adding/Updating address_information: {
  "Longitude_Latitude": "25.067133, 55.329401"
}
2026-03-25 17:00:09 [INFO]: [PB-R-36626-1] ✏️  Queueing partial update
2026-03-25 17:00:09 [INFO]: [PB-R-36407] 📍 Adding/Updating address_information: {
  "Longitude_Latitude": "25.17874, 55.30858"
}
2026-03-25 17:00:09 [INFO]: [PB-R-36407] ✏️  Queueing partial update
2026-03-25 17:00:09 [INFO]: [PB-R-37130] ⏭️  Skipped - no changes needed
2026-03-25 17:00:09 [INFO]: [PB-R-6544-4] 📍 Adding/Updating address_information: {
  "Longitude_Latitude": "25.10642,55.14786"
}
2026-03-25 17:00:09 [INFO]: [PB-R-6544-4] ✏️  Queueing partial update
2026-03-25 17:00:09 [INFO]: [PB-S-14423-6] 📍 Adding/Updating address_information: {
  "Longitude_Latitude": "25.11206,55.24636"
}
2026-03-25 17:00:09 [INFO]: [PB-S-14423-6] ✏️  Queueing partial update
2026-03-25 17:00:09 [INFO]: [PB-R-35951-1] 📍 Adding/Updating address_information: {
  "Longitude_Latitude": "25.03104,55.20553"
}
2026-03-25 17:00:09 [INFO]: [PB-R-35951-1] ✏️  Queueing partial update
2026-03-25 17:00:09 [INFO]: [PB-S-32169-2] 📍 Adding/Updating address_information: {
  "Longitude_Latitude": "25.057998, 55.1803823"
}
2026-03-25 17:00:09 [INFO]: [PB-S-32169-2] ✏️  Queueing partial update
2026-03-25 17:00:09 [INFO]: [PB-R-37172] 📍 Adding/Updating address_information: {
  "Longitude_Latitude": "25.0305968, 55.2541263"
}
2026-03-25 17:00:09 [INFO]: [PB-R-37172] ✏️  Queueing partial update
2026-03-25 17:00:09 [INFO]: [PB-R-37148] 📍 Adding/Updating address_information: {
  "Longitude_Latitude": "25.0227406, 55.2587387"
}
2026-03-25 17:00:09 [INFO]: [PB-R-37148] ✏️  Queueing partial update
2026-03-25 17:00:09 [INFO]: [PB-S-14310-6] 📍 Adding/Updating address_information: {
  "Longitude_Latitude": "25.13421, 55.19066"
}
2026-03-25 17:00:09 [INFO]: [PB-S-14310-6] ✏️  Queueing partial update
2026-03-25 17:00:09 [INFO]: [PB-S-36122-2] 📍 Adding/Updating address_information: {
  "Longitude_Latitude": "25.13680,55.18839"
}
2026-03-25 17:00:09 [INFO]: [PB-S-36122-2] ✏️  Queueing partial update
2026-03-25 17:00:09 [INFO]: [PB-S-14098-3] 📍 Adding/Updating address_information: {
  "Longitude_Latitude": "25.02875,55.23252"
}
2026-03-25 17:00:09 [INFO]: [PB-S-14098-3] ✏️  Queueing partial update
2026-03-25 17:00:09 [INFO]: [PB-S-12247-14] 📍 Adding/Updating address_information: {
  "Longitude_Latitude": "25,02438,55.20356"
}
2026-03-25 17:00:09 [INFO]: [PB-S-12247-14] ✏️  Queueing partial update
2026-03-25 17:00:09 [INFO]: [PB-S-3644-4] 📍 Adding/Updating address_information: {
  "Longitude_Latitude": "55.14756, 25.09051"
}
2026-03-25 17:00:09 [INFO]: [PB-S-3644-4] ✏️  Queueing partial update
2026-03-25 17:00:09 [INFO]: [PB-S-37142] ⏭️  Skipped - no changes needed
2026-03-25 17:00:09 [INFO]: [PB-S-15153-1] 📍 Adding/Updating address_information: {
  "Longitude_Latitude": "25.10736,55.24595"
}
2026-03-25 17:00:09 [INFO]: [PB-S-15153-1] ✏️  Queueing partial update
2026-03-25 17:00:09 [INFO]: [PB-S-12892-7] 📍 Adding/Updating address_information: {
  "Longitude_Latitude": "25.11163,55.24560"
}
2026-03-25 17:00:09 [INFO]: [PB-S-12892-7] ✏️  Queueing partial update
2026-03-25 17:00:09 [INFO]: [PB-S-12885-11] 📍 Adding/Updating address_information: {
  "Longitude_Latitude": "25.11037,55.24903"
}
2026-03-25 17:00:09 [INFO]: [PB-S-12885-11] ✏️  Queueing partial update
2026-03-25 17:00:09 [INFO]: [PB-R-37026] 📍 Adding/Updating address_information: {
  "Longitude_Latitude": "25.10036,55.25038"
}
2026-03-25 17:00:09 [INFO]: [PB-R-37026] ✏️  Queueing partial update
2026-03-25 17:00:09 [INFO]: [PB-R-37137] ⏭️  Skipped - no changes needed
2026-03-25 17:00:09 [INFO]: [PB-S-37141] 📍 Adding/Updating address_information: {
  "Longitude_Latitude": "25.04106,55.18400"
}
2026-03-25 17:00:09 [INFO]: [PB-S-37141] ✏️  Queueing partial update
2026-03-25 17:00:09 [INFO]: [PB-R-37140] ⏭️  Skipped - no changes needed
2026-03-25 17:00:09 [INFO]: [PB-R-37123] ⏭️  Skipped - no changes needed
2026-03-25 17:00:09 [INFO]: [PB-R-36970] 📍 Adding/Updating address_information: {
  "Longitude_Latitude": "25.18151,55.32378"
}
2026-03-25 17:00:09 [INFO]: [PB-R-36970] ✏️  Queueing partial update
2026-03-25 17:00:09 [INFO]: [PB-S-36399-1] 📍 Adding/Updating address_information: {
  "Longitude_Latitude": "25.0247,55.20369"
}
2026-03-25 17:00:09 [INFO]: [PB-S-36399-1] ✏️  Queueing partial update
2026-03-25 17:00:09 [INFO]: [PB-S-11892-3] 📍 Adding/Updating address_information: {
  "Longitude_Latitude": "25.13103,55.15339"
}
2026-03-25 17:00:09 [INFO]: [PB-S-11892-3] ✏️  Queueing partial update
2026-03-25 17:00:09 [INFO]: [PB-S-37136] 📍 Adding/Updating address_information: {
  "Longitude_Latitude": "25.11689,55.25820"
}
2026-03-25 17:00:09 [INFO]: [PB-S-37136] ✏️  Queueing partial update
2026-03-25 17:00:09 [INFO]: [PB-S-18038] 📍 Adding/Updating address_information: {
  "Longitude_Latitude": "25.15716,55.28263"
}
2026-03-25 17:00:09 [INFO]: [PB-S-18038] ✏️  Queueing partial update
2026-03-25 17:00:09 [INFO]: [PB-S-9003-5] 📍 Adding/Updating address_information: {
  "Longitude_Latitude": "55.30885, 25.26952"
}
2026-03-25 17:00:09 [INFO]: [PB-S-9003-5] ✏️  Queueing partial update
2026-03-25 17:00:09 [INFO]: [PB-R-35970-5] 📍 Adding/Updating address_information: {
  "Longitude_Latitude": "25.05718, 55.18104"
}
2026-03-25 17:00:09 [INFO]: [PB-R-35970-5] ✏️  Queueing partial update
2026-03-25 17:00:09 [INFO]: [PB-S-36434-1] 📍 Adding/Updating address_information: {
  "Longitude_Latitude": "25.18023,55.32623"
}
2026-03-25 17:00:09 [INFO]: [PB-S-36434-1] ✏️  Queueing partial update
2026-03-25 17:00:09 [INFO]: [PB-S-12572-11] 📍 Adding/Updating address_information: {
  "Longitude_Latitude": "25.11199,55.24636"
}
2026-03-25 17:00:09 [INFO]: [PB-S-12572-11] ✏️  Queueing partial update
2026-03-25 17:00:09 [INFO]: [PB-S-36138-2] 📍 Adding/Updating address_information: {
  "Longitude_Latitude": "25.02508, 55.20363"
}
2026-03-25 17:00:09 [INFO]: [PB-S-36138-2] ✏️  Queueing partial update
2026-03-25 17:00:09 [INFO]: [PB-S-36136-2] 📍 Adding/Updating address_information: {
  "Longitude_Latitude": "25.02508, 55.20363"
}
2026-03-25 17:00:09 [INFO]: [PB-S-36136-2] ✏️  Queueing partial update
2026-03-25 17:00:09 [INFO]: [PB-S-36165 - 2] 📍 Adding/Updating address_information: {
  "Longitude_Latitude": "25.02508, 55.20363"
}
2026-03-25 17:00:09 [INFO]: [PB-S-36165 - 2] ✏️  Queueing partial update
2026-03-25 17:00:09 [INFO]: [PB-S-12554-9] 📍 Adding/Updating address_information: {
  "Longitude_Latitude": "25.09946,55.17133"
}
2026-03-25 17:00:09 [INFO]: [PB-S-12554-9] ✏️  Queueing partial update
2026-03-25 17:00:09 [INFO]: [PB-S-12887-6] 📍 Adding/Updating address_information: {
  "Longitude_Latitude": "25.11163,55.24560"
}
2026-03-25 17:00:09 [INFO]: [PB-S-12887-6] ✏️  Queueing partial update
2026-03-25 17:00:09 [INFO]: [PB-S-36190-1] 📍 Adding/Updating address_information: {
  "Longitude_Latitude": "25.05812,55.18039"
}
2026-03-25 17:00:09 [INFO]: [PB-S-36190-1] ✏️  Queueing partial update
2026-03-25 17:00:09 [INFO]: [PB-S-9053-4] 📍 Adding/Updating address_information: {
  "Longitude_Latitude": "25.11119,55.24474"
}
2026-03-25 17:00:09 [INFO]: [PB-S-9053-4] ✏️  Queueing partial update
2026-03-25 17:00:09 [INFO]: [PB-S-36473-1] 📍 Adding/Updating address_information: {
  "Longitude_Latitude": "25.07893,55.15809"
}
2026-03-25 17:00:09 [INFO]: [PB-S-36473-1] ✏️  Queueing partial update
2026-03-25 17:00:09 [INFO]: [PB-S-22107-2] 📍 Adding/Updating address_information: {
  "Longitude_Latitude": "25.09043, 55.16991"
}
2026-03-25 17:00:09 [INFO]: [PB-S-22107-2] ✏️  Queueing partial update
2026-03-25 17:00:09 [INFO]: [PB-R-37049] 📍 Adding/Updating address_information: {
  "Longitude_Latitude": "25.11648,55.12268"
}
2026-03-25 17:00:09 [INFO]: [PB-R-37049] ✏️  Queueing partial update
2026-03-25 17:00:09 [INFO]: [PB-R-37082] 📍 Adding/Updating address_information: {
  "Longitude_Latitude": "25.12027,55.11046"
}
2026-03-25 17:00:09 [INFO]: [PB-R-37082] ✏️  Queueing partial update
2026-03-25 17:00:09 [INFO]: [PB-S-37078] ⏭️  Skipped - no changes needed
2026-03-25 17:00:09 [INFO]: [PB-R-37036] 📍 Adding/Updating address_information: {
  "Longitude_Latitude": "25.068449, 55.325383"
}
2026-03-25 17:00:09 [INFO]: [PB-R-37036] ✏️  Queueing partial update
2026-03-25 17:00:09 [INFO]: [PB-R-37033] 📍 Adding/Updating address_information: {
  "Longitude_Latitude": "25.068904, 55.321761"
}
2026-03-25 17:00:09 [INFO]: [PB-R-37033] ✏️  Queueing partial update
2026-03-25 17:00:09 [INFO]: [PB-R-37020] ⏭️  Skipped - no changes needed
2026-03-25 17:00:09 [INFO]: [PB-R-37027] 📍 Adding/Updating address_information: {
  "Longitude_Latitude": "25.028432, 55.257784"
}
2026-03-25 17:00:09 [INFO]: [PB-R-37027] ✏️  Queueing partial update
2026-03-25 17:00:09 [INFO]: [PB-R-36962] 📍 Adding/Updating address_information: {
  "Longitude_Latitude": "25.20420, 55.34456"
}
2026-03-25 17:00:09 [INFO]: [PB-R-36962] ✏️  Queueing partial update
2026-03-25 17:00:09 [INFO]: [PB-R-36910] 📍 Adding/Updating address_information: {
  "Longitude_Latitude": "25.03938, 55.25159"
}
2026-03-25 17:00:09 [INFO]: [PB-R-36910] ✏️  Queueing partial update
2026-03-25 17:00:09 [INFO]: [PB-R-36909] 📍 Adding/Updating address_information: {
  "Longitude_Latitude": "25.065619, 55.333619"
}
2026-03-25 17:00:09 [INFO]: [PB-R-36909] ✏️  Queueing partial update
2026-03-25 17:00:09 [INFO]: [PB-R-37038] 📍 Adding/Updating address_information: {
  "Longitude_Latitude": "25.066121, 55.331108"
}
2026-03-25 17:00:09 [INFO]: [PB-R-37038] ✏️  Queueing partial update
2026-03-25 17:00:09 [INFO]: [PB-R-36585] 📍 Adding/Updating address_information: {
  "Longitude_Latitude": "25.063952, 55.321554"
}
2026-03-25 17:00:09 [INFO]: [PB-R-36585] ✏️  Queueing partial update
2026-03-25 17:00:09 [INFO]: [PB-R-36368] 📍 Adding/Updating address_information: {
  "Longitude_Latitude": "25.02601,55.24577"
}
2026-03-25 17:00:09 [INFO]: [PB-R-36368] ✏️  Queueing partial update
2026-03-25 17:00:09 [INFO]: [PB-R-36367] 📍 Adding/Updating address_information: {
  "Longitude_Latitude": "5.01886,55.26096"
}
2026-03-25 17:00:09 [INFO]: [PB-R-36367] ✏️  Queueing partial update
2026-03-25 17:00:09 [INFO]: [PB-R-36328] 📍 Adding/Updating address_information: {
  "Longitude_Latitude": "25.25.01548,55.26065"
}
2026-03-25 17:00:09 [INFO]: [PB-R-36328] ✏️  Queueing partial update
2026-03-25 17:00:09 [INFO]: [PB-S-4856-3] 📍 Adding/Updating address_information: {
  "Longitude_Latitude": "25.01500,55.28473"
}
2026-03-25 17:00:09 [INFO]: [PB-S-4856-3] ✏️  Queueing partial update
2026-03-25 17:00:09 [INFO]: [PB-R-36253] 📍 Adding/Updating address_information: {
  "Longitude_Latitude": "25.06582,55.13754"
}
2026-03-25 17:00:09 [INFO]: [PB-R-36253] ✏️  Queueing partial update
2026-03-25 17:00:09 [INFO]: [PB-R-36327] 📍 Adding/Updating address_information: {
  "Longitude_Latitude": "25.02045,55.25472"
}
2026-03-25 17:00:09 [INFO]: [PB-R-36327] ✏️  Queueing partial update
2026-03-25 17:00:09 [INFO]: [PB-R-36321] 📍 Adding/Updating address_information: {
  "Longitude_Latitude": "25.017431,55.259997"
}
2026-03-25 17:00:09 [INFO]: [PB-R-36321] ✏️  Queueing partial update
2026-03-25 17:00:09 [INFO]: [PB-S-13525-5] 📍 Adding/Updating address_information: {
  "Longitude_Latitude": "25.13146, 55.19226"
}
2026-03-25 17:00:09 [INFO]: [PB-S-13525-5] ✏️  Queueing partial update
2026-03-25 17:00:09 [INFO]: [PB-R-37069] ⏭️  Skipped - no changes needed
2026-03-25 17:00:09 [INFO]: [PB-S-14406-4] 📍 Adding/Updating address_information: {
  "Longitude_Latitude": "25.05050,55.16285"
}
2026-03-25 17:00:09 [INFO]: [PB-S-14406-4] ✏️  Queueing partial update
2026-03-25 17:00:09 [INFO]: [PB-S-21979-2] 📍 Adding/Updating address_information: {
  "Longitude_Latitude": "25.05509,55.15639"
}
2026-03-25 17:00:09 [INFO]: [PB-S-21979-2] ✏️  Queueing partial update
2026-03-25 17:00:09 [INFO]: [PB-S-14148-2] 📍 Adding/Updating address_information: {
  "Longitude_Latitude": "25.06671, 55.19061"
}
2026-03-25 17:00:09 [INFO]: [PB-S-14148-2] ✏️  Queueing partial update
2026-03-25 17:00:09 [INFO]: [PB-S-37018] 📍 Adding/Updating address_information: {
  "Longitude_Latitude": "25.19689, 55.28402"
}
2026-03-25 17:00:09 [INFO]: [PB-S-37018] ✏️  Queueing partial update
2026-03-25 17:00:09 [INFO]: [PB-S-15195-2] 📍 Adding/Updating address_information: {
  "Longitude_Latitude": "25.20540, 55.25853"
}
2026-03-25 17:00:09 [INFO]: [PB-S-15195-2] ✏️  Queueing partial update
2026-03-25 17:00:09 [INFO]: [PB-S-36999] 📍 Adding/Updating address_information: {
  "Longitude_Latitude": "25.20367, 55.25875"
}
2026-03-25 17:00:09 [INFO]: [PB-S-36999] ✏️  Queueing partial update
2026-03-25 17:00:09 [INFO]: [PB-R-13852-7] 📍 Adding/Updating address_information: {
  "Longitude_Latitude": "25.11908,55.12170"
}
2026-03-25 17:00:09 [INFO]: [PB-R-13852-7] ✏️  Queueing partial update
2026-03-25 17:00:09 [INFO]: [PB-S-36575] 📍 Adding/Updating address_information: {
  "Longitude_Latitude": "25.17581, 55.30957"
}
2026-03-25 17:00:09 [INFO]: [PB-S-36575] ✏️  Queueing partial update
2026-03-25 17:00:09 [INFO]: [PB-S-36574] 📍 Adding/Updating address_information: {
  "Longitude_Latitude": "25.17581, 55.30957"
}
2026-03-25 17:00:09 [INFO]: [PB-S-36574] ✏️  Queueing partial update
2026-03-25 17:00:09 [INFO]: [PB-R-36542] 📍 Adding/Updating address_information: {
  "Longitude_Latitude": "25.17759, 55.31454"
}
2026-03-25 17:00:09 [INFO]: [PB-R-36542] ✏️  Queueing partial update
2026-03-25 17:00:09 [INFO]: [PB-R-36311] 📍 Adding/Updating address_information: {
  "Longitude_Latitude": "25.17792,55.31474"
}
2026-03-25 17:00:09 [INFO]: [PB-R-36311] ✏️  Queueing partial update
2026-03-25 17:00:09 [INFO]: [PB-R-36310] 📍 Adding/Updating address_information: {
  "Longitude_Latitude": "25.17579,55.30960"
}
2026-03-25 17:00:09 [INFO]: [PB-R-36310] ✏️  Queueing partial update
2026-03-25 17:00:09 [INFO]: [PB-R-36298] 📍 Adding/Updating address_information: {
  "Longitude_Latitude": "25.16246,55.28780"
}
2026-03-25 17:00:09 [INFO]: [PB-R-36298] ✏️  Queueing partial update
2026-03-25 17:00:09 [INFO]: [PB-R-36334] 📍 Adding/Updating address_information: {
  "Longitude_Latitude": "25.17754,55.31456"
}
2026-03-25 17:00:09 [INFO]: [PB-R-36334] ✏️  Queueing partial update
2026-03-25 17:00:09 [INFO]: [PB-S-36614] 📍 Adding/Updating address_information: {
  "Longitude_Latitude": "25.17679,55.31208"
}
2026-03-25 17:00:09 [INFO]: [PB-S-36614] ✏️  Queueing partial update
2026-03-25 17:00:09 [INFO]: [PB-S-36672] 📍 Adding/Updating address_information: {
  "Longitude_Latitude": "25.17674, 55.31208"
}
2026-03-25 17:00:09 [INFO]: [PB-S-36672] ✏️  Queueing partial update
2026-03-25 17:00:09 [INFO]: [PB-S-36705] 📍 Adding/Updating address_information: {
  "Longitude_Latitude": "25.17473.55.30990"
}
2026-03-25 17:00:09 [INFO]: [PB-S-36705] ✏️  Queueing partial update
2026-03-25 17:00:09 [INFO]: [PB-S-36002-2] 📍 Adding/Updating address_information: {
  "Longitude_Latitude": "25.09894,55.14107"
}
2026-03-25 17:00:09 [INFO]: [PB-S-36002-2] ✏️  Queueing partial update
2026-03-25 17:00:09 [INFO]: [PB-S-36447] 📍 Adding/Updating address_information: {
  "Longitude_Latitude": "25.17676,55.31207"
}
2026-03-25 17:00:09 [INFO]: [PB-S-36447] ✏️  Queueing partial update
2026-03-25 17:00:09 [INFO]: [PB-S-36445] 📍 Adding/Updating address_information: {
  "Longitude_Latitude": "25.17676,55.31207"
}
2026-03-25 17:00:09 [INFO]: [PB-S-36445] ✏️  Queueing partial update
2026-03-25 17:00:09 [INFO]: [PB-S-36442] 📍 Adding/Updating address_information: {
  "Longitude_Latitude": "25.17676,55.31207"
}
2026-03-25 17:00:09 [INFO]: [PB-S-36442] ✏️  Queueing partial update
2026-03-25 17:00:09 [INFO]: [PB-S-36612] 📍 Adding/Updating address_information: {
  "Longitude_Latitude": "25.17672.55,31204"
}
2026-03-25 17:00:09 [INFO]: [PB-S-36612] ✏️  Queueing partial update
2026-03-25 17:00:09 [INFO]: [PB-S-36572] 📍 Adding/Updating address_information: {
  "Longitude_Latitude": "25.17817,55.31471"
}
2026-03-25 17:00:09 [INFO]: [PB-S-36572] ✏️  Queueing partial update
2026-03-25 17:00:09 [INFO]: [PB-S-36573] 📍 Adding/Updating address_information: {
  "Longitude_Latitude": "25.17817,55.31471"
}
2026-03-25 17:00:09 [INFO]: [PB-S-36573] ✏️  Queueing partial update
2026-03-25 17:00:09 [INFO]: [PB-S-36671] 📍 Adding/Updating address_information: {
  "Longitude_Latitude": "25.17679,55.31208"
}
2026-03-25 17:00:09 [INFO]: [PB-S-36671] ✏️  Queueing partial update
2026-03-25 17:00:09 [INFO]: [PB-S-36860] 📍 Adding/Updating address_information: {
  "Longitude_Latitude": "25.17676,55.31207"
}
2026-03-25 17:00:09 [INFO]: [PB-S-36860] ✏️  Queueing partial update
2026-03-25 17:00:09 [INFO]: [PB-S-36571] 📍 Adding/Updating address_information: {
  "Longitude_Latitude": "25.17676,55.31207"
}
2026-03-25 17:00:09 [INFO]: [PB-S-36571] ✏️  Queueing partial update
2026-03-25 17:00:09 [INFO]: [PB-R-37035] ⏭️  Skipped - no changes needed
2026-03-25 17:00:09 [INFO]: [PB-R-37034] ⏭️  Skipped - no changes needed
2026-03-25 17:00:09 [INFO]: [PB-R-37002] 📍 Adding/Updating address_information: {
  "Longitude_Latitude": "25.06748,55.33199"
}
2026-03-25 17:00:09 [INFO]: [PB-R-37002] ✏️  Queueing partial update
2026-03-25 17:00:09 [INFO]: [PB-S-12057-2] 📍 Adding/Updating address_information: {
  "Longitude_Latitude": "25.20655,55.26673"
}
2026-03-25 17:00:09 [INFO]: [PB-S-12057-2] ✏️  Queueing partial update
2026-03-25 17:00:09 [INFO]: [PB-R-36919] 📍 Adding/Updating address_information: {
  "Longitude_Latitude": "25.09981,55.32042"
}
2026-03-25 17:00:09 [INFO]: [PB-R-36919] ✏️  Queueing partial update
2026-03-25 17:00:09 [INFO]: [PB-S-36985] 📍 Adding/Updating address_information: {
  "Longitude_Latitude": "25.20560,55.34341"
}
2026-03-25 17:00:09 [INFO]: [PB-S-36985] ✏️  Queueing partial update
2026-03-25 17:00:09 [INFO]: [PB-S-36822-1] 📍 Adding/Updating address_information: {
  "Longitude_Latitude": "25.20908, 55.34643"
}
2026-03-25 17:00:09 [INFO]: [PB-S-36822-1] ✏️  Queueing partial update
2026-03-25 17:00:09 [INFO]: [PB-S-37045] ⏭️  Skipped - no changes needed
2026-03-25 17:00:09 [INFO]: [PB-R-36903] 📍 Adding/Updating address_information: {
  "Longitude_Latitude": "25.10679, 55.14913"
}
2026-03-25 17:00:09 [INFO]: [PB-R-36903] ✏️  Queueing partial update
2026-03-25 17:00:09 [INFO]: [PB-S-28666-1] 📍 Adding/Updating address_information: {
  "Longitude_Latitude": "25.06880, 55.13810"
}
2026-03-25 17:00:09 [INFO]: [PB-S-28666-1] ✏️  Queueing partial update
2026-03-25 17:00:09 [INFO]: [PB-R-36183] 📍 Adding/Updating address_information: {
  "Longitude_Latitude": "25.01358, 55.21258"
}
2026-03-25 17:00:09 [INFO]: [PB-R-36183] ✏️  Queueing partial update
2026-03-25 17:00:09 [INFO]: [PB-R-35960] 📍 Adding/Updating address_information: {
  "Longitude_Latitude": "25.04490, 55.23357"
}
2026-03-25 17:00:09 [INFO]: [PB-R-35960] ✏️  Queueing partial update
2026-03-25 17:00:09 [INFO]: [PB-S-36935] 📍 Adding/Updating address_information: {
  "Longitude_Latitude": "25.05554,55.20156"
}
2026-03-25 17:00:09 [INFO]: [PB-S-36935] ✏️  Queueing partial update
2026-03-25 17:00:09 [INFO]: [PB-S-15914] 📍 Adding/Updating address_information: {
  "Longitude_Latitude": "25.13162,55.19177"
}
2026-03-25 17:00:09 [INFO]: [PB-S-15914] ✏️  Queueing partial update
2026-03-25 17:00:09 [INFO]: [PB-S-36410] 📍 Adding/Updating address_information: {
  "Longitude_Latitude": "25.06184, 55.18727"
}
2026-03-25 17:00:09 [INFO]: [PB-S-36410] ✏️  Queueing partial update
2026-03-25 17:00:09 [INFO]: [PB-S-36409] 📍 Adding/Updating address_information: {
  "Longitude_Latitude": "25.05915,55.20436"
}
2026-03-25 17:00:09 [INFO]: [PB-S-36409] ✏️  Queueing partial update
2026-03-25 17:00:09 [INFO]: [PB-S-36710] 📍 Adding/Updating address_information: {
  "Longitude_Latitude": "25.10011,55.31729"
}
2026-03-25 17:00:09 [INFO]: [PB-S-36710] ✏️  Queueing partial update
2026-03-25 17:00:09 [INFO]: [PB-S-9822-2] 📍 Adding/Updating address_information: {
  "Longitude_Latitude": "25.11626,55.13755"
}
2026-03-25 17:00:09 [INFO]: [PB-S-9822-2] ✏️  Queueing partial update
2026-03-25 17:00:09 [INFO]: [PB-S-28668-1] 📍 Adding/Updating address_information: {
  "Longitude_Latitude": "25.06880, 55.13810"
}
2026-03-25 17:00:09 [INFO]: [PB-S-28668-1] ✏️  Queueing partial update
2026-03-25 17:00:09 [INFO]: [PB-S-25733] 📍 Adding/Updating address_information: {
  "Longitude_Latitude": "25.11299,55.14322"
}
2026-03-25 17:00:09 [INFO]: [PB-S-25733] ✏️  Queueing partial update
2026-03-25 17:00:09 [INFO]: [PB-S-14101-5] 📍 Adding/Updating address_information: {
  "Longitude_Latitude": "25.11391,55.13663"
}
2026-03-25 17:00:09 [INFO]: [PB-S-14101-5] ✏️  Queueing partial update
2026-03-25 17:00:09 [INFO]: [PB-S-28663-1] 📍 Adding/Updating address_information: {
  "Longitude_Latitude": "25.18375,55.27850"
}
2026-03-25 17:00:09 [INFO]: [PB-S-28663-1] ✏️  Queueing partial update
2026-03-25 17:00:09 [INFO]: [PB-S-12604-4] 📍 Adding/Updating address_information: {
  "Longitude_Latitude": "25.05837, 55.22040"
}
2026-03-25 17:00:09 [INFO]: [PB-S-12604-4] ✏️  Queueing partial update
2026-03-25 17:00:09 [INFO]: [PB-S-12897-5] 📍 Adding/Updating address_information: {
  "Longitude_Latitude": "25.08783,55.14778"
}
2026-03-25 17:00:09 [INFO]: [PB-S-12897-5] ✏️  Queueing partial update
2026-03-25 17:00:09 [INFO]: [PB-S-12900-5] 📍 Adding/Updating address_information: {
  "Longitude_Latitude": "25.07478,55.13714"
}
2026-03-25 17:00:09 [INFO]: [PB-S-12900-5] ✏️  Queueing partial update
2026-03-25 17:00:09 [INFO]: [PB-S-11383-6] 📍 Adding/Updating address_information: {
  "Longitude_Latitude": "25.17664,55.27267"
}
2026-03-25 17:00:09 [INFO]: [PB-S-11383-6] ✏️  Queueing partial update
2026-03-25 17:00:09 [INFO]: [PB-S-14071-4] 📍 Adding/Updating address_information: {
  "Longitude_Latitude": "25,18192,55.27275"
}
2026-03-25 17:00:09 [INFO]: [PB-S-14071-4] ✏️  Queueing partial update
2026-03-25 17:00:09 [INFO]: [PB-S-14124-4] 📍 Adding/Updating address_information: {
  "Longitude_Latitude": "25.61005,55.63252"
}
2026-03-25 17:00:09 [INFO]: [PB-S-14124-4] ✏️  Queueing partial update
2026-03-25 17:00:09 [INFO]: [PB-S-14293-3] 📍 Adding/Updating address_information: {
  "Longitude_Latitude": "25.14028, 55.14186"
}
2026-03-25 17:00:09 [INFO]: [PB-S-14293-3] ✏️  Queueing partial update
2026-03-25 17:00:09 [INFO]: [PB-S-18618-2] 📍 Adding/Updating address_information: {
  "Longitude_Latitude": "25.05982, 55.31180"
}
2026-03-25 17:00:09 [INFO]: [PB-S-18618-2] ✏️  Queueing partial update
2026-03-25 17:00:09 [INFO]: [PB-S-13932-5] 📍 Adding/Updating address_information: {
  "Longitude_Latitude": "24.93058,55.22295"
}
2026-03-25 17:00:09 [INFO]: [PB-S-13932-5] ✏️  Queueing partial update
2026-03-25 17:00:09 [INFO]: [PB-S-11916-7] 📍 Adding/Updating address_information: {
  "Longitude_Latitude": "25.02875,55.23252"
}
2026-03-25 17:00:09 [INFO]: [PB-S-11916-7] ✏️  Queueing partial update
2026-03-25 17:00:09 [INFO]: [PB-S-12279-4] 📍 Adding/Updating address_information: {
  "Longitude_Latitude": "25.19234,55.27256"
}
2026-03-25 17:00:09 [INFO]: [PB-S-12279-4] ✏️  Queueing partial update
2026-03-25 17:00:09 [INFO]: [PB-S-13929-1] 📍 Adding/Updating address_information: {
  "Longitude_Latitude": "25.15894, 55.28291"
}
2026-03-25 17:00:09 [INFO]: [PB-S-13929-1] ✏️  Queueing partial update
2026-03-25 17:00:09 [INFO]: [PB-S-21954-1] 📍 Adding/Updating address_information: {
  "Longitude_Latitude": "25.02390,55.21737"
}
2026-03-25 17:00:09 [INFO]: [PB-S-21954-1] ✏️  Queueing partial update
2026-03-25 17:00:09 [INFO]: [PB-S-34618-2] 📍 Adding/Updating address_information: {
  "Longitude_Latitude": "25.03238,55.23349"
}
2026-03-25 17:00:09 [INFO]: [PB-S-34618-2] ✏️  Queueing partial update
2026-03-25 17:00:09 [INFO]: [PB-S-37006] ⏭️  Skipped - no changes needed
2026-03-25 17:00:09 [INFO]: [PB-S-36254-1] 📍 Adding/Updating address_information: {
  "Longitude_Latitude": "25.13112,55.19232"
}
2026-03-25 17:00:09 [INFO]: [PB-S-36254-1] ✏️  Queueing partial update
2026-03-25 17:00:09 [INFO]: [PB-S-37008] 📍 Adding/Updating address_information: {
  "Longitude_Latitude": "25.13226, 55.19165"
}
2026-03-25 17:00:09 [INFO]: [PB-S-37008] ✏️  Queueing partial update
2026-03-25 17:00:09 [INFO]: [PB-S-13648-7] 📍 Adding/Updating address_information: {
  "Longitude_Latitude": "25.11117, 55.24397"
}
2026-03-25 17:00:09 [INFO]: [PB-S-13648-7] ✏️  Queueing partial update
2026-03-25 17:00:09 [INFO]: [PB-S-36993] ⏭️  Skipped - no changes needed
2026-03-25 17:00:09 [INFO]: [PB-S-22200-2] 📍 Adding/Updating address_information: {
  "Longitude_Latitude": "25.20377,55.25871"
}
2026-03-25 17:00:09 [INFO]: [PB-S-22200-2] ✏️  Queueing partial update
2026-03-25 17:00:09 [INFO]: [PB-S-14314] ⏭️  Skipped - no changes needed
2026-03-25 17:00:09 [INFO]: [PB-S-18532-4] 📍 Adding/Updating address_information: {
  "Longitude_Latitude": "55.13469, 25.11722"
}
2026-03-25 17:00:09 [INFO]: [PB-S-18532-4] ✏️  Queueing partial update
2026-03-25 17:00:09 [INFO]: [PB-S-1517-5] 📍 Adding/Updating address_information: {
  "Longitude_Latitude": "25.08977, 55.14782"
}
2026-03-25 17:00:09 [INFO]: [PB-S-1517-5] ✏️  Queueing partial update
2026-03-25 17:00:09 [INFO]: [PB-R-36989] 📍 Adding/Updating address_information: {
  "Longitude_Latitude": "25.13166, 55.19117"
}
2026-03-25 17:00:09 [INFO]: [PB-R-36989] ✏️  Queueing partial update
2026-03-25 17:00:09 [INFO]: [PB-S-12886-5] 📍 Adding/Updating address_information: {
  "Longitude_Latitude": "25.11078,55.24503"
}
2026-03-25 17:00:09 [INFO]: [PB-S-12886-5] ✏️  Queueing partial update
2026-03-25 17:00:09 [INFO]: [PB-S-13519-5] 📍 Adding/Updating address_information: {
  "Longitude_Latitude": "25.17875,55.27412"
}
2026-03-25 17:00:09 [INFO]: [PB-S-13519-5] ✏️  Queueing partial update
2026-03-25 17:00:09 [INFO]: [PB-S-12560-6] 📍 Adding/Updating address_information: {
  "Longitude_Latitude": "25.09955,55.17141"
}
2026-03-25 17:00:09 [INFO]: [PB-S-12560-6] ✏️  Queueing partial update
2026-03-25 17:00:09 [INFO]: [PB-S-13401-5] 📍 Adding/Updating address_information: {
  "Longitude_Latitude": "25.08844, 55.14929"
}
2026-03-25 17:00:09 [INFO]: [PB-S-13401-5] ✏️  Queueing partial update
2026-03-25 17:00:09 [INFO]: [PB-S-12903-5] 📍 Adding/Updating address_information: {
  "Longitude_Latitude": "25.18178, 55.27281"
}
2026-03-25 17:00:09 [INFO]: [PB-S-12903-5] ✏️  Queueing partial update
2026-03-25 17:00:09 [INFO]: [PB-S-12558-7] 📍 Adding/Updating address_information: {
  "Longitude_Latitude": "25.09948,55.17137"
}
2026-03-25 17:00:09 [INFO]: [PB-S-12558-7] ✏️  Queueing partial update
2026-03-25 17:00:09 [INFO]: [PB-S-21916-4] 📍 Adding/Updating address_information: {
  "Longitude_Latitude": "25.10667,55.24606"
}
2026-03-25 17:00:09 [INFO]: [PB-S-21916-4] ✏️  Queueing partial update
2026-03-25 17:00:09 [INFO]: [PB-R-36555-1] 📍 Adding/Updating address_information: {
  "Longitude_Latitude": "25.06167,55.18714"
}
2026-03-25 17:00:09 [INFO]: [PB-R-36555-1] ✏️  Queueing partial update
2026-03-25 17:00:09 [INFO]: [PB-S-11996-9] 📍 Adding/Updating address_information: {
  "Longitude_Latitude": "25.20606,55.34481"
}
2026-03-25 17:00:09 [INFO]: [PB-S-11996-9] ✏️  Queueing partial update
2026-03-25 17:00:09 [INFO]: [PB-S-15131-3] 📍 Adding/Updating address_information: {
  "Longitude_Latitude": "25.13324,55.19122"
}
2026-03-25 17:00:09 [INFO]: [PB-S-15131-3] ✏️  Queueing partial update
2026-03-25 17:00:09 [INFO]: [PB-S-12876-5] 📍 Adding/Updating address_information: {
  "Longitude_Latitude": "25.09947,55.17141"
}
2026-03-25 17:00:09 [INFO]: [PB-S-12876-5] ✏️  Queueing partial update
2026-03-25 17:00:09 [INFO]: [PB-S-13460-5] 📍 Adding/Updating address_information: {
  "Longitude_Latitude": "25.05545,55.20153"
}
2026-03-25 17:00:09 [INFO]: [PB-S-13460-5] ✏️  Queueing partial update
2026-03-25 17:00:09 [INFO]: [PB-S-15781-2] 📍 Adding/Updating address_information: {
  "Longitude_Latitude": "25.07899,55.14117"
}
2026-03-25 17:00:09 [INFO]: [PB-S-15781-2] ✏️  Queueing partial update
2026-03-25 17:00:09 [INFO]: [PB-S-16045-3] 📍 Adding/Updating address_information: {
  "Longitude_Latitude": "25.08690,55.14758"
}
2026-03-25 17:00:09 [INFO]: [PB-S-16045-3] ✏️  Queueing partial update
2026-03-25 17:00:09 [INFO]: [PB-S-36269] 📍 Adding/Updating address_information: {
  "Longitude_Latitude": "25.05981, 55.31179"
}
2026-03-25 17:00:09 [INFO]: [PB-S-36269] ✏️  Queueing partial update
2026-03-25 17:00:09 [INFO]: [PB-S-36594] 📍 Adding/Updating address_information: {
  "Longitude_Latitude": "25.05956, 55.21690"
}
2026-03-25 17:00:09 [INFO]: [PB-S-36594] ✏️  Queueing partial update
2026-03-25 17:00:09 [INFO]: [PB-S-36984] ⏭️  Skipped - no changes needed
2026-03-25 17:00:09 [INFO]: [PB-S-12804-8] 📍 Adding/Updating address_information: {
  "Longitude_Latitude": "25.20733,55.34735"
}
2026-03-25 17:00:09 [INFO]: [PB-S-12804-8] ✏️  Queueing partial update
2026-03-25 17:00:09 [INFO]: [PB-S-22708] 📍 Adding/Updating address_information: {
  "Longitude_Latitude": "25.11485,55.13637"
}
2026-03-25 17:00:09 [INFO]: [PB-S-22708] ✏️  Queueing partial update
2026-03-25 17:00:09 [INFO]: [PB-S-36968] 📍 Adding/Updating address_information: {
  "Longitude_Latitude": "25.19502,55.27047"
}
2026-03-25 17:00:09 [INFO]: [PB-S-36968] ✏️  Queueing partial update
2026-03-25 17:00:09 [INFO]: [PB-R-13998-4] 📍 Adding/Updating address_information: {
  "Longitude_Latitude": "24.93058,55.22295"
}
2026-03-25 17:00:09 [INFO]: [PB-R-13998-4] ✏️  Queueing partial update
2026-03-25 17:00:09 [INFO]: [PB-S-13488-5] 📍 Adding/Updating address_information: {
  "Longitude_Latitude": "24.97376, 55.22097"
}
2026-03-25 17:00:09 [INFO]: [PB-S-13488-5] ✏️  Queueing partial update
2026-03-25 17:00:09 [INFO]: [PB-S-13509-5] 📍 Adding/Updating address_information: {
  "Longitude_Latitude": "24.97377,55.22081"
}
2026-03-25 17:00:09 [INFO]: [PB-S-13509-5] ✏️  Queueing partial update
2026-03-25 17:00:09 [INFO]: [PB-S-36905] 📍 Adding/Updating address_information: {
  "Longitude_Latitude": "25.01781, 55.24408"
}
2026-03-25 17:00:09 [INFO]: [PB-S-36905] ✏️  Queueing partial update
2026-03-25 17:00:09 [INFO]: [PB-S-36361] 📍 Adding/Updating address_information: {
  "Longitude_Latitude": "25.0898,55.24912"
}
2026-03-25 17:00:09 [INFO]: [PB-S-36361] ✏️  Queueing partial update
2026-03-25 17:00:09 [INFO]: [PB-S-36870] 📍 Adding/Updating address_information: {
  "Longitude_Latitude": "25.09027, 55.17343"
}
2026-03-25 17:00:09 [INFO]: [PB-S-36870] ✏️  Queueing partial update
2026-03-25 17:00:09 [INFO]: [PB-S-36683] 📍 Adding/Updating address_information: {
  "Longitude_Latitude": "25.11236,55.13856"
}
2026-03-25 17:00:09 [INFO]: [PB-S-36683] ✏️  Queueing partial update
2026-03-25 17:00:09 [INFO]: [PB-S-36080-1] 📍 Adding/Updating address_information: {
  "Longitude_Latitude": "25.13696,55.18838"
}
2026-03-25 17:00:09 [INFO]: [PB-S-36080-1] ✏️  Queueing partial update
2026-03-25 17:00:09 [INFO]: [PB-S-36958] ⏭️  Skipped - no changes needed
2026-03-25 17:00:09 [INFO]: [PB-S-13925-4] 📍 Adding/Updating address_information: {
  "Longitude_Latitude": "25.20424,55.25939"
}
2026-03-25 17:00:09 [INFO]: [PB-S-13925-4] ✏️  Queueing partial update
2026-03-25 17:00:09 [INFO]: [PB-S-36848] 📍 Adding/Updating address_information: {
  "Longitude_Latitude": "25.11395,55.13987"
}
2026-03-25 17:00:09 [INFO]: [PB-S-36848] ✏️  Queueing partial update
2026-03-25 17:00:09 [INFO]: [PB-S-36523] 📍 Adding/Updating address_information: {
  "Longitude_Latitude": "25.10680,55.14912"
}
2026-03-25 17:00:09 [INFO]: [PB-S-36523] ✏️  Queueing partial update
2026-03-25 17:00:09 [INFO]: [PB-S-36850] 📍 Adding/Updating address_information: {
  "Longitude_Latitude": "25.11395,55.13987"
}
2026-03-25 17:00:09 [INFO]: [PB-S-36850] ✏️  Queueing partial update
2026-03-25 17:00:09 [INFO]: [PB-S-36851] 📍 Adding/Updating address_information: {
  "Longitude_Latitude": "25.11395,55.13987"
}
2026-03-25 17:00:09 [INFO]: [PB-S-36851] ✏️  Queueing partial update
2026-03-25 17:00:09 [INFO]: [PB-S-10926] 📍 Adding/Updating address_information: {
  "Longitude_Latitude": "25.07431, 55.15718"
}
2026-03-25 17:00:09 [INFO]: [PB-S-10926] ✏️  Queueing partial update
2026-03-25 17:00:09 [INFO]: [PB-R-36907] 📍 Adding/Updating address_information: {
  "Longitude_Latitude": "25.05416, 55.17654"
}
2026-03-25 17:00:09 [INFO]: [PB-R-36907] ✏️  Queueing partial update
2026-03-25 17:00:09 [INFO]: [PB-S-16175] 📍 Adding/Updating address_information: {
  "Longitude_Latitude": "25.05954,55.18522"
}
2026-03-25 17:00:09 [INFO]: [PB-S-16175] ✏️  Queueing partial update
2026-03-25 17:00:09 [INFO]: [PB-S-15172] 📍 Adding/Updating address_information: {
  "Longitude_Latitude": "25.10136, 55.15553"
}
2026-03-25 17:00:09 [INFO]: [PB-S-15172] ✏️  Queueing partial update
2026-03-25 17:00:09 [INFO]: [PB-S-36874] 📍 Adding/Updating address_information: {
  "Longitude_Latitude": "25.02870, 55.22194"
}
2026-03-25 17:00:09 [INFO]: [PB-S-36874] ✏️  Queueing partial update
2026-03-25 17:00:09 [INFO]: [PB-S-36731] 📍 Adding/Updating address_information: {
  "Longitude_Latitude": "25.06138, 55.20266"
}
2026-03-25 17:00:09 [INFO]: [PB-S-36731] ✏️  Queueing partial update
2026-03-25 17:00:09 [INFO]: [PB-S-13530-3] 📍 Adding/Updating address_information: {
  "Longitude_Latitude": "25.08692,55.14378"
}
2026-03-25 17:00:09 [INFO]: [PB-S-13530-3] ✏️  Queueing partial update
2026-03-25 17:00:09 [INFO]: [PB-S-36899] 📍 Adding/Updating address_information: {
  "Longitude_Latitude": "25.10719,55.15262"
}
2026-03-25 17:00:09 [INFO]: [PB-S-36899] ✏️  Queueing partial update
2026-03-25 17:00:09 [INFO]: [PB-S-12891-4] 📍 Adding/Updating address_information: {
  "Longitude_Latitude": "25.08781,55.13959"
}
2026-03-25 17:00:09 [INFO]: [PB-S-12891-4] ✏️  Queueing partial update
2026-03-25 17:00:09 [INFO]: [PB-S-13502-5] 📍 Adding/Updating address_information: {
  "Longitude_Latitude": "25.27985,55.25997"
}
2026-03-25 17:00:09 [INFO]: [PB-S-13502-5] ✏️  Queueing partial update
2026-03-25 17:00:09 [INFO]: [PB-S-36329] 📍 Adding/Updating address_information: {
  "Longitude_Latitude": "25.11273,55.13796"
}
2026-03-25 17:00:09 [INFO]: [PB-S-36329] ✏️  Queueing partial update
2026-03-25 17:00:09 [INFO]: [PB-S-36496] 📍 Adding/Updating address_information: {
  "Longitude_Latitude": "25.20738,55.34371"
}
2026-03-25 17:00:09 [INFO]: [PB-S-36496] ✏️  Queueing partial update
2026-03-25 17:00:09 [INFO]: [PB-R-27885-2] 📍 Adding/Updating address_information: {
  "Longitude_Latitude": "25.09058,55.7553"
}
2026-03-25 17:00:09 [INFO]: [PB-R-27885-2] ✏️  Queueing partial update
2026-03-25 17:00:09 [INFO]: [PB-S-36894] 📍 Adding/Updating address_information: {
  "Longitude_Latitude": "25.08834,55.14934"
}
2026-03-25 17:00:09 [INFO]: [PB-S-36894] ✏️  Queueing partial update
2026-03-25 17:00:09 [INFO]: [PB-S-15222-3] 📍 Adding/Updating address_information: {
  "Longitude_Latitude": "25.13570, 55.27188"
}
2026-03-25 17:00:09 [INFO]: [PB-S-15222-3] ✏️  Queueing partial update
2026-03-25 17:00:09 [INFO]: [PB-S-36084] 📍 Adding/Updating address_information: {
  "Longitude_Latitude": "25.18481, 55.26664"
}
2026-03-25 17:00:09 [INFO]: [PB-S-36084] ✏️  Queueing partial update
2026-03-25 17:00:09 [INFO]: [PB-S-36128-1] 📍 Adding/Updating address_information: {
  "Longitude_Latitude": "25.13526, 55.24371"
}
2026-03-25 17:00:09 [INFO]: [PB-S-36128-1] ✏️  Queueing partial update
2026-03-25 17:00:09 [INFO]: [PB-S-21917-3] 📍 Adding/Updating address_information: {
  "Longitude_Latitude": "25.06142,55.20267"
}
2026-03-25 17:00:09 [INFO]: [PB-S-21917-3] ✏️  Queueing partial update
2026-03-25 17:00:09 [INFO]: [PB-S-12548-5] 📍 Adding/Updating address_information: {
  "Longitude_Latitude": "25.05708,55.20583"
}
2026-03-25 17:00:09 [INFO]: [PB-S-12548-5] ✏️  Queueing partial update
2026-03-25 17:00:09 [INFO]: [PB-S-21891-1] 📍 Adding/Updating address_information: {
  "Longitude_Latitude": "25.10989, 55.14340"
}
2026-03-25 17:00:09 [INFO]: [PB-S-21891-1] ✏️  Queueing partial update
2026-03-25 17:00:09 [INFO]: [PB-S-24880] 📍 Adding/Updating address_information: {
  "Longitude_Latitude": "25.10775,55.14839"
}
2026-03-25 17:00:09 [INFO]: [PB-S-24880] ✏️  Queueing partial update
2026-03-25 17:00:09 [INFO]: [PB-S-14290-4] 📍 Adding/Updating address_information: {
  "Longitude_Latitude": "25.13941, 55.27089"
}
2026-03-25 17:00:09 [INFO]: [PB-S-14290-4] ✏️  Queueing partial update
2026-03-25 17:00:09 [INFO]: [PB-S-26124] 📍 Adding/Updating address_information: {
  "Longitude_Latitude": "25.11128,55.14671"
}
2026-03-25 17:00:09 [INFO]: [PB-S-26124] ✏️  Queueing partial update
2026-03-25 17:00:09 [INFO]: [PB-S-36277] 📍 Adding/Updating address_information: {
  "Longitude_Latitude": "55.14716, 25.10663"
}
2026-03-25 17:00:09 [INFO]: [PB-S-36277] ✏️  Queueing partial update
2026-03-25 17:00:09 [INFO]: [PB-S-36857] 📍 Adding/Updating address_information: {
  "Longitude_Latitude": "25.08896,55.14690"
}
2026-03-25 17:00:09 [INFO]: [PB-S-36857] ✏️  Queueing partial update
2026-03-25 17:00:09 [INFO]: [PB-S-36692] 📍 Adding/Updating address_information: {
  "Longitude_Latitude": "25.17944,55.30542"
}
2026-03-25 17:00:09 [INFO]: [PB-S-36692] ✏️  Queueing partial update
2026-03-25 17:00:09 [INFO]: [PB-S-36694] 📍 Adding/Updating address_information: {
  "Longitude_Latitude": "25.01841,55.24100"
}
2026-03-25 17:00:09 [INFO]: [PB-S-36694] ✏️  Queueing partial update
2026-03-25 17:00:09 [INFO]: [PB-S-36693] 📍 Adding/Updating address_information: {
  "Longitude_Latitude": "25.07982,55.15424"
}
2026-03-25 17:00:09 [INFO]: [PB-S-36693] ✏️  Queueing partial update
2026-03-25 17:00:09 [INFO]: [PB-S-36690] 📍 Adding/Updating address_information: {
  "Longitude_Latitude": "25.17679,55.313.72"
}
2026-03-25 17:00:09 [INFO]: [PB-S-36690] ✏️  Queueing partial update
2026-03-25 17:00:09 [INFO]: [PB-S-36595] 📍 Adding/Updating address_information: {
  "Longitude_Latitude": "25.20410,55.25936"
}
2026-03-25 17:00:09 [INFO]: [PB-S-36595] ✏️  Queueing partial update
2026-03-25 17:00:09 [INFO]: [PB-S-36344] 📍 Adding/Updating address_information: {
  "Longitude_Latitude": "25.20360,55.25876"
}
2026-03-25 17:00:09 [INFO]: [PB-S-36344] ✏️  Queueing partial update
2026-03-25 17:00:09 [INFO]: [PB-S-12064-5] 📍 Adding/Updating address_information: {
  "Longitude_Latitude": "55.30885,25.26952"
}
2026-03-25 17:00:09 [INFO]: [PB-S-12064-5] ✏️  Queueing partial update
2026-03-25 17:00:09 [INFO]: [PB-S-18623-3] 📍 Adding/Updating address_information: {
  "Longitude_Latitude": "25.08381,55.13893"
}
2026-03-25 17:00:09 [INFO]: [PB-S-18623-3] ✏️  Queueing partial update
2026-03-25 17:00:09 [INFO]: [PB-S-15219-2] 📍 Adding/Updating address_information: {
  "Longitude_Latitude": "25.07214,55.12745"
}
2026-03-25 17:00:09 [INFO]: [PB-S-15219-2] ✏️  Queueing partial update
2026-03-25 17:00:09 [INFO]: [PB-S-12306-4] 📍 Adding/Updating address_information: {
  "Longitude_Latitude": "24.97377,55.22081"
}
2026-03-25 17:00:09 [INFO]: [PB-S-12306-4] ✏️  Queueing partial update
2026-03-25 17:00:09 [INFO]: [PB-S-36429] 📍 Adding/Updating address_information: {
  "Longitude_Latitude": "25.11334,55.14076"
}
2026-03-25 17:00:09 [INFO]: [PB-S-36429] ✏️  Queueing partial update
2026-03-25 17:00:09 [INFO]: [PB-S-1708] 📍 Adding/Updating address_information: {
  "Longitude_Latitude": "55.14093, 25.11339"
}
2026-03-25 17:00:09 [INFO]: [PB-S-1708] ✏️  Queueing partial update
2026-03-25 17:00:09 [INFO]: [PB-S-36294] 📍 Adding/Updating address_information: {
  "Longitude_Latitude": "25.05551,55.20164"
}
2026-03-25 17:00:09 [INFO]: [PB-S-36294] ✏️  Queueing partial update
2026-03-25 17:00:09 [INFO]: [PB-S-36531] 📍 Adding/Updating address_information: {
  "Longitude_Latitude": "25.13592,55.18841"
}
2026-03-25 17:00:09 [INFO]: [PB-S-36531] ✏️  Queueing partial update
2026-03-25 17:00:09 [INFO]: [PB-S-13409-5] 📍 Adding/Updating address_information: {
  "Longitude_Latitude": "25.13280,55.19267"
}
2026-03-25 17:00:09 [INFO]: [PB-S-13409-5] ✏️  Queueing partial update
2026-03-25 17:00:09 [INFO]: [PB-S-13498-4] 📍 Adding/Updating address_information: {
  "Longitude_Latitude": "24.96608,55.22799"
}
2026-03-25 17:00:09 [INFO]: [PB-S-13498-4] ✏️  Queueing partial update
2026-03-25 17:00:09 [INFO]: [PB-S-13496-4] 📍 Adding/Updating address_information: {
  "Longitude_Latitude": "24.96608,55.22799"
}
2026-03-25 17:00:09 [INFO]: [PB-S-13496-4] ✏️  Queueing partial update
2026-03-25 17:00:09 [INFO]: [PB-R-15883-3] 📍 Adding/Updating address_information: {
  "Longitude_Latitude": "25.02665,55.23431"
}
2026-03-25 17:00:09 [INFO]: [PB-R-15883-3] ✏️  Queueing partial update
2026-03-25 17:00:09 [INFO]: [PB-S-36270-1] 📍 Adding/Updating address_information: {
  "Longitude_Latitude": "25.02235,55.21870"
}
2026-03-25 17:00:09 [INFO]: [PB-S-36270-1] ✏️  Queueing partial update
2026-03-25 17:00:09 [INFO]: [PB-S-36658-1] 📍 Adding/Updating address_information: {
  "Longitude_Latitude": "25.02304,55.21546"
}
2026-03-25 17:00:09 [INFO]: [PB-S-36658-1] ✏️  Queueing partial update
2026-03-25 17:00:09 [INFO]: [PB-S-16178-3] 📍 Adding/Updating address_information: {
  "Longitude_Latitude": "25.11238,55.13866"
}
2026-03-25 17:00:09 [INFO]: [PB-S-16178-3] ✏️  Queueing partial update
2026-03-25 17:00:09 [INFO]: [PB-S-31084-1] 📍 Adding/Updating address_information: {
  "Longitude_Latitude": "25.11044,55.13739"
}
2026-03-25 17:00:09 [INFO]: [PB-S-31084-1] ✏️  Queueing partial update
2026-03-25 17:00:09 [INFO]: [PB-R-36427] 📍 Adding/Updating address_information: {
  "Longitude_Latitude": "25.05972,55.18521"
}
2026-03-25 17:00:09 [INFO]: [PB-R-36427] ✏️  Queueing partial update
2026-03-25 17:00:09 [INFO]: [PB-R-36331] 📍 Adding/Updating address_information: {
  "Longitude_Latitude": "25.06434,55.18583"
}
2026-03-25 17:00:09 [INFO]: [PB-R-36331] ✏️  Queueing partial update
2026-03-25 17:00:09 [INFO]: [PB-R-36721] 📍 Adding/Updating address_information: {
  "Longitude_Latitude": "25.05628,55.17907"
}
2026-03-25 17:00:09 [INFO]: [PB-R-36721] ✏️  Queueing partial update
2026-03-25 17:00:09 [INFO]: [PB-R-36559] 📍 Adding/Updating address_information: {
  "Longitude_Latitude": "25.04759,55.18892"
}
2026-03-25 17:00:09 [INFO]: [PB-R-36559] ✏️  Queueing partial update
2026-03-25 17:00:09 [INFO]: [PB-S-36696] 📍 Adding/Updating address_information: {
  "Longitude_Latitude": "25.02085,55.21303"
}
2026-03-25 17:00:09 [INFO]: [PB-S-36696] ✏️  Queueing partial update
2026-03-25 17:00:09 [INFO]: [PB-S-36864] 📍 Adding/Updating address_information: {
  "Longitude_Latitude": "25.18186,55.2769"
}
2026-03-25 17:00:09 [INFO]: [PB-S-36864] ✏️  Queueing partial update
2026-03-25 17:00:09 [INFO]: [PB-S-36708] 📍 Adding/Updating address_information: {
  "Longitude_Latitude": "25.07875,55.24887"
}
2026-03-25 17:00:09 [INFO]: [PB-S-36708] ✏️  Queueing partial update
2026-03-25 17:00:09 [INFO]: [PB-S-13581-5] 📍 Adding/Updating address_information: {
  "Longitude_Latitude": "25.02488, 55.22291"
}
2026-03-25 17:00:09 [INFO]: [PB-S-13581-5] ✏️  Queueing partial update
2026-03-25 17:00:09 [INFO]: [PB-S-13605-5] 📍 Adding/Updating address_information: {
  "Longitude_Latitude": "25.02318, 55.23059"
}
2026-03-25 17:00:09 [INFO]: [PB-S-13605-5] ✏️  Queueing partial update
2026-03-25 17:00:09 [INFO]: [PB-S-36556] 📍 Adding/Updating address_information: {
  "Longitude_Latitude": "25.02228, 55.22448"
}
2026-03-25 17:00:09 [INFO]: [PB-S-36556] ✏️  Queueing partial update
2026-03-25 17:00:09 [INFO]: [PB-S-11704-6] 📍 Adding/Updating address_information: {
  "Longitude_Latitude": "25.16840, 55.29027"
}
2026-03-25 17:00:09 [INFO]: [PB-S-11704-6] ✏️  Queueing partial update
2026-03-25 17:00:09 [INFO]: [PB-R-36306] 📍 Adding/Updating address_information: {
  "Longitude_Latitude": "25.05574,55.17751"
}
2026-03-25 17:00:09 [INFO]: [PB-R-36306] ✏️  Queueing partial update
2026-03-25 17:00:09 [INFO]: [PB-R-36538] 📍 Adding/Updating address_information: {
  "Longitude_Latitude": "25.05309, 55.17293"
}
2026-03-25 17:00:09 [INFO]: [PB-R-36538] ✏️  Queueing partial update
2026-03-25 17:00:09 [INFO]: [PB-R-36663] 📍 Adding/Updating address_information: {
  "Longitude_Latitude": "25.05732, 55.17535"
}
2026-03-25 17:00:09 [INFO]: [PB-R-36663] ✏️  Queueing partial update
2026-03-25 17:00:09 [INFO]: [PB-R-13859-3] 📍 Adding/Updating address_information: {
  "Longitude_Latitude": "25.057998, 55.1803823"
}
2026-03-25 17:00:09 [INFO]: [PB-R-13859-3] ✏️  Queueing partial update
2026-03-25 17:00:09 [INFO]: [PB-R-33928-1] 📍 Adding/Updating address_information: {
  "Longitude_Latitude": "25.09192,55.17472"
}
2026-03-25 17:00:09 [INFO]: [PB-R-33928-1] ✏️  Queueing partial update
2026-03-25 17:00:09 [INFO]: [PB-S-36114] 📍 Adding/Updating address_information: {
  "Longitude_Latitude": "25.08340, 55.14171"
}
2026-03-25 17:00:09 [INFO]: [PB-S-36114] ✏️  Queueing partial update
2026-03-25 17:00:09 [INFO]: [PB-S-36273] 📍 Adding/Updating address_information: {
  "Longitude_Latitude": "25.10596,55.25527"
}
2026-03-25 17:00:09 [INFO]: [PB-S-36273] ✏️  Queueing partial update
2026-03-25 17:00:09 [INFO]: [PB-S-10408-5] 📍 Adding/Updating address_information: {
  "Longitude_Latitude": "25.05958,55.22155"
}
2026-03-25 17:00:09 [INFO]: [PB-S-10408-5] ✏️  Queueing partial update
2026-03-25 17:00:09 [INFO]: [PB-R-36545] 📍 Adding/Updating address_information: {
  "Longitude_Latitude": "25.06648,55.18794"
}
2026-03-25 17:00:09 [INFO]: [PB-R-36545] ✏️  Queueing partial update
2026-03-25 17:00:09 [INFO]: [PB-R-36428] 📍 Adding/Updating address_information: {
  "Longitude_Latitude": "25.06143, 55.16135"
}
2026-03-25 17:00:09 [INFO]: [PB-R-36428] ✏️  Queueing partial update
2026-03-25 17:00:09 [INFO]: [PB-S-11651] 📍 Adding/Updating address_information: {
  "Longitude_Latitude": "25.16675,55.25811"
}
2026-03-25 17:00:09 [INFO]: [PB-S-11651] ✏️  Queueing partial update
2026-03-25 17:00:09 [INFO]: [PB-S-13559-5] 📍 Adding/Updating address_information: {
  "Longitude_Latitude": "25.06005,55.14659"
}
2026-03-25 17:00:09 [INFO]: [PB-S-13559-5] ✏️  Queueing partial update
2026-03-25 17:00:09 [INFO]: [PB-S-34620-1] 📍 Adding/Updating address_information: {
  "Longitude_Latitude": "25.30561,55.31969"
}
2026-03-25 17:00:09 [INFO]: [PB-S-34620-1] ✏️  Queueing partial update
2026-03-25 17:00:09 [INFO]: [PB-S-34646-1] 📍 Adding/Updating address_information: {
  "Longitude_Latitude": "25.18363,55.26647"
}
2026-03-25 17:00:09 [INFO]: [PB-S-34646-1] ✏️  Queueing partial update
2026-03-25 17:00:09 [INFO]: [PB-S-36633] 📍 Adding/Updating address_information: {
  "Longitude_Latitude": "25.18050,55.25276"
}
2026-03-25 17:00:09 [INFO]: [PB-S-36633] ✏️  Queueing partial update
2026-03-25 17:00:09 [INFO]: [PB-S-36630] 📍 Adding/Updating address_information: {
  "Longitude_Latitude": "25.20542,55.25855"
}
2026-03-25 17:00:09 [INFO]: [PB-S-36630] ✏️  Queueing partial update
2026-03-25 17:00:09 [INFO]: [PB-R-36341] 📍 Adding/Updating address_information: {
  "Longitude_Latitude": "25.08926, 55.17348"
}
2026-03-25 17:00:09 [INFO]: [PB-R-36341] ✏️  Queueing partial update
2026-03-25 17:00:09 [INFO]: [PB-S-11897-3] 📍 Adding/Updating address_information: {
  "Longitude_Latitude": "25.00610,55.22930"
}
2026-03-25 17:00:09 [INFO]: [PB-S-11897-3] ✏️  Queueing partial update
2026-03-25 17:00:09 [INFO]: [PB-S-36569] 📍 Adding/Updating address_information: {
  "Longitude_Latitude": "25.21741,55.27388"
}
2026-03-25 17:00:09 [INFO]: [PB-S-36569] ✏️  Queueing partial update
2026-03-25 17:00:09 [INFO]: [PB-S-33922] 📍 Adding/Updating address_information: {
  "Longitude_Latitude": "25.00194,55.44647"
}
2026-03-25 17:00:09 [INFO]: [PB-S-33922] ✏️  Queueing partial update
2026-03-25 17:00:09 [INFO]: [PB-S-36014] 📍 Adding/Updating address_information: {
  "Longitude_Latitude": "25.11176, 55.13989"
}
2026-03-25 17:00:09 [INFO]: [PB-S-36014] ✏️  Queueing partial update
2026-03-25 17:00:09 [INFO]: [PB-S-36316] 📍 Adding/Updating address_information: {
  "Longitude_Latitude": "25.01184, 55.22216"
}
2026-03-25 17:00:09 [INFO]: [PB-S-36316] ✏️  Queueing partial update
2026-03-25 17:00:09 [INFO]: [PB-S-36263] 📍 Adding/Updating address_information: {
  "Longitude_Latitude": "25.19041, 55.27125"
}
2026-03-25 17:00:09 [INFO]: [PB-S-36263] ✏️  Queueing partial update
2026-03-25 17:00:09 [INFO]: [PB-S-36317] 📍 Adding/Updating address_information: {
  "Longitude_Latitude": "24.98096, 55.38491"
}
2026-03-25 17:00:09 [INFO]: [PB-S-36317] ✏️  Queueing partial update
2026-03-25 17:00:09 [INFO]: [PB-S-36320] 📍 Adding/Updating address_information: {
  "Longitude_Latitude": "24.99260, 55.37236"
}
2026-03-25 17:00:09 [INFO]: [PB-S-36320] ✏️  Queueing partial update
2026-03-25 17:00:09 [INFO]: [PB-S-36258] 📍 Adding/Updating address_information: {
  "Longitude_Latitude": "24.98592, 55.39271"
}
2026-03-25 17:00:09 [INFO]: [PB-S-36258] ✏️  Queueing partial update
2026-03-25 17:00:09 [INFO]: [PB-S-36051] 📍 Adding/Updating address_information: {
  "Longitude_Latitude": "24.99533,55.42786"
}
2026-03-25 17:00:09 [INFO]: [PB-S-36051] ✏️  Queueing partial update
2026-03-25 17:00:09 [INFO]: [PB-R-16179-2] 📍 Adding/Updating address_information: {
  "Longitude_Latitude": "25.01109,55.44410"
}
2026-03-25 17:00:09 [INFO]: [PB-R-16179-2] ✏️  Queueing partial update
2026-03-25 17:00:09 [INFO]: [PB-S-36451] 📍 Adding/Updating address_information: {
  "Longitude_Latitude": "24.93662,55.22104"
}
2026-03-25 17:00:09 [INFO]: [PB-S-36451] ✏️  Queueing partial update
2026-03-25 17:00:09 [INFO]: [PB-S-36505] 📍 Adding/Updating address_information: {
  "Longitude_Latitude": "25.22022, 55.27157"
}
2026-03-25 17:00:09 [INFO]: [PB-S-36505] ✏️  Queueing partial update
2026-03-25 17:00:09 [INFO]: [PB-S-36411] 📍 Adding/Updating address_information: {
  "Longitude_Latitude": "25.21868, 55.28176"
}
2026-03-25 17:00:09 [INFO]: [PB-S-36411] ✏️  Queueing partial update
2026-03-25 17:00:09 [INFO]: [PB-S-36446] 📍 Adding/Updating address_information: {
  "Longitude_Latitude": "24.95221,55.21626"
}
2026-03-25 17:00:09 [INFO]: [PB-S-36446] ✏️  Queueing partial update
2026-03-25 17:00:09 [INFO]: [PB-S-11848-1] 📍 Adding/Updating address_information: {
  "Longitude_Latitude": "25.05411,55.15809"
}
2026-03-25 17:00:09 [INFO]: [PB-S-11848-1] ✏️  Queueing partial update
2026-03-25 17:00:09 [INFO]: [PB-S-36191] 📍 Adding/Updating address_information: {
  "Longitude_Latitude": "25.04336,55.17218"
}
2026-03-25 17:00:09 [INFO]: [PB-S-36191] ✏️  Queueing partial update
2026-03-25 17:00:09 [INFO]: [PB-S-36412] 📍 Adding/Updating address_information: {
  "Longitude_Latitude": "25.21868, 55.28176"
}
2026-03-25 17:00:09 [INFO]: [PB-S-36412] ✏️  Queueing partial update
2026-03-25 17:00:09 [INFO]: [PB-S-14348-5] 📍 Adding/Updating address_information: {
  "Longitude_Latitude": "25.12228,55.14020"
}
2026-03-25 17:00:09 [INFO]: [PB-S-14348-5] ✏️  Queueing partial update
2026-03-25 17:00:09 [INFO]: [PB-S-13889-3] 📍 Adding/Updating address_information: {
  "Longitude_Latitude": "25.08800,55.14752"
}
2026-03-25 17:00:09 [INFO]: [PB-S-13889-3] ✏️  Queueing partial update
2026-03-25 17:00:09 [INFO]: [PB-S-36282] 📍 Adding/Updating address_information: {
  "Longitude_Latitude": "25.07876, 55.24888"
}
2026-03-25 17:00:09 [INFO]: [PB-S-36282] ✏️  Queueing partial update
2026-03-25 17:00:09 [INFO]: [PB-S-36405] 📍 Adding/Updating address_information: {
  "Longitude_Latitude": "24.95211,55.216.25"
}
2026-03-25 17:00:09 [INFO]: [PB-S-36405] ✏️  Queueing partial update
2026-03-25 17:00:09 [INFO]: [PB-S-36350] 📍 Adding/Updating address_information: {
  "Longitude_Latitude": "25.06414, 55.2014272"
}
2026-03-25 17:00:09 [INFO]: [PB-S-36350] ✏️  Queueing partial update
2026-03-25 17:00:09 [INFO]: [PB-S-36360] 📍 Adding/Updating address_information: {
  "Longitude_Latitude": "25.19511,55.27036"
}
2026-03-25 17:00:09 [INFO]: [PB-S-36360] ✏️  Queueing partial update
2026-03-25 17:00:09 [INFO]: [PB-S-36363] 📍 Adding/Updating address_information: {
  "Longitude_Latitude": "25.03010,55.15318"
}
2026-03-25 17:00:09 [INFO]: [PB-S-36363] ✏️  Queueing partial update
2026-03-25 17:00:09 [INFO]: [PB-S-36137] 📍 Adding/Updating address_information: {
  "Longitude_Latitude": "25.18480,55.26667"
}
2026-03-25 17:00:09 [INFO]: [PB-S-36137] ✏️  Queueing partial update
2026-03-25 17:00:09 [INFO]: [PB-S-36101] 📍 Adding/Updating address_information: {
  "Longitude_Latitude": "25.18532,55.26932"
}
2026-03-25 17:00:09 [INFO]: [PB-S-36101] ✏️  Queueing partial update
2026-03-25 17:00:09 [INFO]: [PB-S-36167] 📍 Adding/Updating address_information: {
  "Longitude_Latitude": "25.18899,55.26708"
}
2026-03-25 17:00:09 [INFO]: [PB-S-36167] ✏️  Queueing partial update
2026-03-25 17:00:09 [INFO]: [PB-S-36115] 📍 Adding/Updating address_information: {
  "Longitude_Latitude": "25.07308,55.13810"
}
2026-03-25 17:00:09 [INFO]: [PB-S-36115] ✏️  Queueing partial update
2026-03-25 17:00:09 [INFO]: [PB-S-36113] 📍 Adding/Updating address_information: {
  "Longitude_Latitude": "25.11172,55.13688"
}
2026-03-25 17:00:09 [INFO]: [PB-S-36113] ✏️  Queueing partial update
2026-03-25 17:00:09 [INFO]: [PB-S-36070] 📍 Adding/Updating address_information: {
  "Longitude_Latitude": "25.02671, 55.30993"
}
2026-03-25 17:00:09 [INFO]: [PB-S-36070] ✏️  Queueing partial update
2026-03-25 17:00:09 [INFO]: [PB-R-36028] 📍 Adding/Updating address_information: {
  "Longitude_Latitude": "25.08773, 55.14755"
}
2026-03-25 17:00:09 [INFO]: [PB-R-36028] ✏️  Queueing partial update
2026-03-25 17:00:09 [INFO]: [PB-S-26590] 📍 Adding/Updating address_information: {
  "Longitude_Latitude": "25.11232,55.14402"
}
2026-03-25 17:00:09 [INFO]: [PB-S-26590] ✏️  Queueing partial update
2026-03-25 17:00:09 [INFO]: [PB-S-12262] 📍 Adding/Updating address_information: {
  "Longitude_Latitude": "25.26977, 55.26965"
}
2026-03-25 17:00:09 [INFO]: [PB-S-12262] ✏️  Queueing partial update
2026-03-25 17:00:09 [INFO]: [PB-S-11336-1] 📍 Adding/Updating address_information: {
  "Longitude_Latitude": "25.17653,55.27267"
}
2026-03-25 17:00:09 [INFO]: [PB-S-11336-1] ✏️  Queueing partial update
2026-03-25 17:00:09 [INFO]: [PB-S-15270] 📍 Adding/Updating address_information: {
  "Longitude_Latitude": "25.18004,55.26684"
}
2026-03-25 17:00:09 [INFO]: [PB-S-15270] ✏️  Queueing partial update
2026-03-25 17:00:09 [INFO]: [PB-S-13554-3] 📍 Adding/Updating address_information: {
  "Longitude_Latitude": "25.02210,55.19995"
}
2026-03-25 17:00:09 [INFO]: [PB-S-13554-3] ✏️  Queueing partial update
2026-03-25 17:00:09 [INFO]: [PB-S-12608] 📍 Adding/Updating address_information: {
  "Longitude_Latitude": "25.13350,55.15184"
}
2026-03-25 17:00:09 [INFO]: [PB-S-12608] ✏️  Queueing partial update
2026-03-25 17:00:09 [INFO]: [PB-R-21888-1] 📍 Adding/Updating address_information: {
  "Longitude_Latitude": "25.20509,55.25948"
}
2026-03-25 17:00:09 [INFO]: [PB-R-21888-1] ✏️  Queueing partial update
2026-03-25 17:00:09 [INFO]: [PB-S-12899-5] 📍 Adding/Updating address_information: {
  "Longitude_Latitude": "25.07478,55.13714"
}
2026-03-25 17:00:09 [INFO]: [PB-S-12899-5] ✏️  Queueing partial update
2026-03-25 17:00:09 [INFO]: [PB-S-37454] ✨ Queueing full created
2026-03-25 17:00:09 [INFO]: [PB-S-22034] ⏭️  Skipped - no changes needed
2026-03-25 17:00:09 [INFO]: [PB-S-37446] ⏭️  Skipped - no changes needed
2026-03-25 17:00:09 [INFO]: [PB-S-14375] ⏭️  Skipped - no changes needed
2026-03-25 17:00:09 [INFO]: [PB-S-14131] ⏭️  Skipped - no changes needed
2026-03-25 17:00:09 [INFO]: [PB-S-13602] ⏭️  Skipped - no changes needed
2026-03-25 17:00:09 [INFO]: [PB-S-13960] ⏭️  Skipped - no changes needed
2026-03-25 17:00:09 [INFO]: [PB-S-21968] ⏭️  Skipped - no changes needed
2026-03-25 17:00:09 [INFO]: [PB-S-9952] ⏭️  Skipped - no changes needed
2026-03-25 17:00:09 [INFO]: [PB-S-37322] ⏭️  Skipped - no changes needed
2026-03-25 17:00:09 [INFO]: [PB-S-37232] ⏭️  Skipped - no changes needed
2026-03-25 17:00:09 [INFO]: [PB-S-12820] ⏭️  Skipped - no changes needed
2026-03-25 17:00:09 [INFO]: [PB-S-37433] ⏭️  Skipped - no changes needed
2026-03-25 17:00:09 [INFO]: [PB-S-3896] ⏭️  Skipped - no changes needed
2026-03-25 17:00:09 [INFO]: [PB-S-37068] ⏭️  Skipped - no changes needed
2026-03-25 17:00:09 [INFO]: [PB-S-37067] ⏭️  Skipped - no changes needed
2026-03-25 17:00:09 [INFO]: [PB-S-37435] ⏭️  Skipped - no changes needed
2026-03-25 17:00:09 [INFO]: [PB-S-32342] ⏭️  Skipped - no changes needed
2026-03-25 17:00:09 [INFO]: [PB-S-35459] ⏭️  Skipped - no changes needed
2026-03-25 17:00:09 [INFO]: [PB-S-35269] ⏭️  Skipped - no changes needed
2026-03-25 17:00:09 [INFO]: [PB-S-35976] ⏭️  Skipped - no changes needed
2026-03-25 17:00:09 [INFO]: [PB-S-36906] ⏭️  Skipped - no changes needed
2026-03-25 17:00:09 [INFO]: [PB-S-37431] ⏭️  Skipped - no changes needed
2026-03-25 17:00:09 [INFO]: [PB-S-16600] ⏭️  Skipped - no changes needed
2026-03-25 17:00:09 [INFO]: [PB-S-36990] ⏭️  Skipped - no changes needed
2026-03-25 17:00:09 [INFO]: [PB-S-37044] ⏭️  Skipped - no changes needed
2026-03-25 17:00:09 [INFO]: [PB-S-13516] ⏭️  Skipped - no changes needed
2026-03-25 17:00:09 [INFO]: [PB-S-13606] ⏭️  Skipped - no changes needed
2026-03-25 17:00:09 [INFO]: [PB-S-14370] ⏭️  Skipped - no changes needed
2026-03-25 17:00:09 [INFO]: [PB-S-13712] ⏭️  Skipped - no changes needed
2026-03-25 17:00:09 [INFO]: [PB-S-34639] ⏭️  Skipped - no changes needed
2026-03-25 17:00:09 [INFO]: [PB-S-13864] ⏭️  Skipped - no changes needed
2026-03-25 17:00:09 [INFO]: [PB-S-36126] ⏭️  Skipped - no changes needed
2026-03-25 17:00:09 [INFO]: [PB-S-35991] ⏭️  Skipped - no changes needed
2026-03-25 17:00:09 [INFO]: [PB-S-36826] ⏭️  Skipped - no changes needed
2026-03-25 17:00:09 [INFO]: [PB-S-14012] ⏭️  Skipped - no changes needed
2026-03-25 17:00:09 [INFO]: [PB-S-13765] ⏭️  Skipped - no changes needed
2026-03-25 17:00:09 [INFO]: [PB-S-36135] ⏭️  Skipped - no changes needed
2026-03-25 17:00:09 [INFO]: [PB-S-32361] ⏭️  Skipped - no changes needed
2026-03-25 17:00:09 [INFO]: [PB-S-36333] ⏭️  Skipped - no changes needed
2026-03-25 17:00:09 [INFO]: [PB-S-36866] ⏭️  Skipped - no changes needed
2026-03-25 17:00:09 [INFO]: [PB-S-12221] ⏭️  Skipped - no changes needed
2026-03-25 17:00:09 [INFO]: [PB-S-36827] ⏭️  Skipped - no changes needed
2026-03-25 17:00:09 [INFO]: [PB-S-13866] ⏭️  Skipped - no changes needed
2026-03-25 17:00:09 [INFO]: [PB-S-37370] ⏭️  Skipped - no changes needed
2026-03-25 17:00:09 [INFO]: [PB-S-14187] ⏭️  Skipped - no changes needed
2026-03-25 17:00:09 [INFO]: [PB-S-18384] ⏭️  Skipped - no changes needed
2026-03-25 17:00:09 [INFO]: [PB-S-18353] ⏭️  Skipped - no changes needed
2026-03-25 17:00:09 [INFO]: [PB-S-16180] ⏭️  Skipped - no changes needed
2026-03-25 17:00:09 [INFO]: [PB-S-16174] ⏭️  Skipped - no changes needed
2026-03-25 17:00:09 [INFO]: [PB-S-16167] ⏭️  Skipped - no changes needed
2026-03-25 17:00:09 [INFO]: [PB-S-16168] ⏭️  Skipped - no changes needed
2026-03-25 17:00:09 [INFO]: [PB-S-16166] ⏭️  Skipped - no changes needed
2026-03-25 17:00:09 [INFO]: [PB-S-16165] ⏭️  Skipped - no changes needed
2026-03-25 17:00:09 [INFO]: [PB-S-16164] ⏭️  Skipped - no changes needed
2026-03-25 17:00:09 [INFO]: [PB-S-16173] ⏭️  Skipped - no changes needed
2026-03-25 17:00:09 [INFO]: [PB-S-35465] ⏭️  Skipped - no changes needed
2026-03-25 17:00:09 [INFO]: [PB-S-14339] ⏭️  Skipped - no changes needed
2026-03-25 17:00:09 [INFO]: [PB-S-14091] ⏭️  Skipped - no changes needed
2026-03-25 17:00:09 [INFO]: [PB-S-37225] ⏭️  Skipped - no changes needed
2026-03-25 17:00:09 [INFO]: [PB-S-37181] ⏭️  Skipped - no changes needed
2026-03-25 17:00:09 [INFO]: [PB-S-33921] ⏭️  Skipped - no changes needed
2026-03-25 17:00:09 [INFO]: [PB-S-37405] ⏭️  Skipped - no changes needed
2026-03-25 17:00:09 [INFO]: [PB-S-16777] ⏭️  Skipped - no changes needed
2026-03-25 17:00:09 [INFO]: [PB-S-16774] ⏭️  Skipped - no changes needed
2026-03-25 17:00:09 [INFO]: [PB-S-16820] ⏭️  Skipped - no changes needed
2026-03-25 17:00:09 [INFO]: [PB-S-16856] ⏭️  Skipped - no changes needed
2026-03-25 17:00:09 [INFO]: [PB-S-15583] ⏭️  Skipped - no changes needed
2026-03-25 17:00:09 [INFO]: [PB-S-15798] ⏭️  Skipped - no changes needed
2026-03-25 17:00:09 [INFO]: [PB-S-15803] ⏭️  Skipped - no changes needed
2026-03-25 17:00:09 [INFO]: [PB-S-15081] ⏭️  Skipped - no changes needed
2026-03-25 17:00:09 [INFO]: [PB-S-14977] ⏭️  Skipped - no changes needed
2026-03-25 17:00:09 [INFO]: [PB-S-22046] ⏭️  Skipped - no changes needed
2026-03-25 17:00:09 [INFO]: [PB-S-15085] ⏭️  Skipped - no changes needed
2026-03-25 17:00:09 [INFO]: [PB-S-14397] ⏭️  Skipped - no changes needed
2026-03-25 17:00:09 [INFO]: [PB-S-14396] ⏭️  Skipped - no changes needed
2026-03-25 17:00:09 [INFO]: [PB-S-14351] ⏭️  Skipped - no changes needed
2026-03-25 17:00:09 [INFO]: [PB-S-14347] ⏭️  Skipped - no changes needed
2026-03-25 17:00:09 [INFO]: [PB-S-21881] ⏭️  Skipped - no changes needed
2026-03-25 17:00:09 [INFO]: [PB-S-21275] ⏭️  Skipped - no changes needed
2026-03-25 17:00:09 [INFO]: [PB-S-18600] ⏭️  Skipped - no changes needed
2026-03-25 17:00:09 [INFO]: [PB-S-16153] ⏭️  Skipped - no changes needed
2026-03-25 17:00:09 [INFO]: [PB-S-18514] ⏭️  Skipped - no changes needed
2026-03-25 17:00:09 [INFO]: [PB-S-18377] ⏭️  Skipped - no changes needed
2026-03-25 17:00:09 [INFO]: [PB-S-16440] ⏭️  Skipped - no changes needed
2026-03-25 17:00:09 [INFO]: [PB-S-18345] 📍 Adding/Updating address_information: {
  "Longitude_Latitude": "25.02653,55.23438"
}
2026-03-25 17:00:09 [INFO]: [PB-S-18345] ✏️  Queueing partial update
2026-03-25 17:00:09 [INFO]: [PB-S-16490] ⏭️  Skipped - no changes needed
2026-03-25 17:00:09 [INFO]: [PB-S-16727] ⏭️  Skipped - no changes needed
2026-03-25 17:00:09 [INFO]: [PB-S-16737] ⏭️  Skipped - no changes needed
2026-03-25 17:00:09 [INFO]: [PB-S-17045] ⏭️  Skipped - no changes needed
2026-03-25 17:00:09 [INFO]: [PB-S-17027] ⏭️  Skipped - no changes needed
2026-03-25 17:00:09 [INFO]: [PB-S-37402] ⏭️  Skipped - no changes needed
2026-03-25 17:00:09 [INFO]: [PB-S-37401] ⏭️  Skipped - no changes needed
2026-03-25 17:00:09 [INFO]: [PB-S-12582] ⏭️  Skipped - no changes needed
2026-03-25 17:00:09 [INFO]: [PB-S-37015] ⏭️  Skipped - no changes needed
2026-03-25 17:00:09 [INFO]: [PB-S-37052] ⏭️  Skipped - no changes needed
2026-03-25 17:00:09 [INFO]: [PB-S-13882] ⏭️  Skipped - no changes needed
2026-03-25 17:00:09 [INFO]: [PB-S-36836] ⏭️  Skipped - no changes needed
2026-03-25 17:00:09 [INFO]: [PB-S-22112] ⏭️  Skipped - no changes needed
2026-03-25 17:00:09 [INFO]: [PB-S-36998] ⏭️  Skipped - no changes needed
2026-03-25 17:00:09 [INFO]: [PB-S-14055] ⏭️  Skipped - no changes needed
2026-03-25 17:00:09 [INFO]: [PB-S-36685] ⏭️  Skipped - no changes needed
2026-03-25 17:00:09 [INFO]: [PB-S-36973] ⏭️  Skipped - no changes needed
2026-03-25 17:00:09 [INFO]: [PB-S-36251] ⏭️  Skipped - no changes needed
2026-03-25 17:00:09 [INFO]: [PB-S-12807] ⏭️  Skipped - no changes needed
2026-03-25 17:00:09 [INFO]: [PB-S-12806] ⏭️  Skipped - no changes needed
2026-03-25 17:00:09 [INFO]: [PB-R-36720-1] 📍 Adding/Updating address_information: {
  "Longitude_Latitude": "25.05628,55.17907"
}
2026-03-25 17:00:09 [INFO]: [PB-R-36720-1] ✏️  Queueing partial update
2026-03-25 17:00:09 [INFO]: [PB-S-16163] ⏭️  Skipped - no changes needed
2026-03-25 17:00:09 [INFO]: [PB-S-16036] ⏭️  Skipped - no changes needed
2026-03-25 17:00:09 [INFO]: [PB-S-15955] ⏭️  Skipped - no changes needed
2026-03-25 17:00:09 [INFO]: [PB-S-15824] ⏭️  Skipped - no changes needed
2026-03-25 17:00:09 [INFO]: [PB-S-15822] ⏭️  Skipped - no changes needed
2026-03-25 17:00:09 [INFO]: [PB-S-15816] ⏭️  Skipped - no changes needed
2026-03-25 17:00:09 [INFO]: [PB-S-15810] ⏭️  Skipped - no changes needed
2026-03-25 17:00:09 [INFO]: [PB-S-15800] ⏭️  Skipped - no changes needed
2026-03-25 17:00:09 [INFO]: [PB-S-15801] ⏭️  Skipped - no changes needed
2026-03-25 17:00:09 [INFO]: [PB-S-15802] ⏭️  Skipped - no changes needed
2026-03-25 17:00:09 [INFO]: [PB-S-15795] ⏭️  Skipped - no changes needed
2026-03-25 17:00:09 [INFO]: [PB-S-15794] ⏭️  Skipped - no changes needed
2026-03-25 17:00:09 [INFO]: [PB-S-15793] ⏭️  Skipped - no changes needed
2026-03-25 17:00:09 [INFO]: [PB-S-15791] ⏭️  Skipped - no changes needed
2026-03-25 17:00:09 [INFO]: [PB-S-15768] ⏭️  Skipped - no changes needed
2026-03-25 17:00:09 [INFO]: [PB-S-15764] ⏭️  Skipped - no changes needed
2026-03-25 17:00:09 [INFO]: [PB-S-15762] ⏭️  Skipped - no changes needed
2026-03-25 17:00:09 [INFO]: [PB-S-15761] ⏭️  Skipped - no changes needed
2026-03-25 17:00:09 [INFO]: [PB-S-15756] ⏭️  Skipped - no changes needed
2026-03-25 17:00:09 [INFO]: [PB-S-15210] ⏭️  Skipped - no changes needed
2026-03-25 17:00:09 [INFO]: [PB-S-14130-1] ⏭️  Skipped - no changes needed
2026-03-25 17:00:09 [INFO]: [PB-S-14127] ⏭️  Skipped - no changes needed
2026-03-25 17:00:09 [INFO]: [PB-S-14079] ⏭️  Skipped - no changes needed
2026-03-25 17:00:09 [INFO]: [PB-S-14078] ⏭️  Skipped - no changes needed
2026-03-25 17:00:09 [INFO]: [PB-S-14076] ⏭️  Skipped - no changes needed
2026-03-25 17:00:09 [INFO]: [PB-S-14025] ⏭️  Skipped - no changes needed
2026-03-25 17:00:09 [INFO]: [PB-S-13992] ⏭️  Skipped - no changes needed
2026-03-25 17:00:09 [INFO]: [PB-S-12740] ⏭️  Skipped - no changes needed
2026-03-25 17:00:09 [INFO]: [PB-S-12603] ⏭️  Skipped - no changes needed
2026-03-25 17:00:09 [INFO]: [PB-S-12203-6] 📍 Adding/Updating address_information: {
  "Longitude_Latitude": "25.13368, 55.19010"
}
2026-03-25 17:00:09 [INFO]: [PB-S-12203-6] ✏️  Queueing partial update
2026-03-25 17:00:09 [INFO]: [PB-S-36171] 📍 Adding/Updating address_information: {
  "Longitude_Latitude": "25.03491, 55.20987"
}
2026-03-25 17:00:09 [INFO]: [PB-S-36171] ✏️  Queueing partial update
2026-03-25 17:00:09 [INFO]: [PB-S-37063] ⏭️  Skipped - no changes needed
2026-03-25 17:00:09 [INFO]: [PB-S-36003] ⏭️  Skipped - no changes needed
2026-03-25 17:00:09 [INFO]: [PB-S-36015] ⏭️  Skipped - no changes needed
2026-03-25 17:00:09 [INFO]: [PB-S-37017] ⏭️  Skipped - no changes needed
2026-03-25 17:00:09 [INFO]: [PB-S-36036] ⏭️  Skipped - no changes needed
2026-03-25 17:00:09 [INFO]: [PB-S-36956] ⏭️  Skipped - no changes needed
2026-03-25 17:00:09 [INFO]: [PB-S-36877] ⏭️  Skipped - no changes needed
2026-03-25 17:00:09 [INFO]: [PB-S-36105] ⏭️  Skipped - no changes needed
2026-03-25 17:00:09 [INFO]: [PB-S-36837] ⏭️  Skipped - no changes needed
2026-03-25 17:00:09 [INFO]: [PB-S-36339] ⏭️  Skipped - no changes needed
2026-03-25 17:00:09 [INFO]: [PB-S-36371] ⏭️  Skipped - no changes needed
2026-03-25 17:00:09 [INFO]: [PB-S-36378] ⏭️  Skipped - no changes needed
2026-03-25 17:00:09 [INFO]: [PB-S-36422] ⏭️  Skipped - no changes needed
2026-03-25 17:00:09 [INFO]: [PB-S-36436] ⏭️  Skipped - no changes needed
2026-03-25 17:00:09 [INFO]: [PB-S-36479] ⏭️  Skipped - no changes needed
2026-03-25 17:00:09 [INFO]: [PB-S-36498] ⏭️  Skipped - no changes needed
2026-03-25 17:00:09 [INFO]: [PB-S-36495] ⏭️  Skipped - no changes needed
2026-03-25 17:00:09 [INFO]: [PB-S-36502] ⏭️  Skipped - no changes needed
2026-03-25 17:00:09 [INFO]: [PB-S-36526] ⏭️  Skipped - no changes needed
2026-03-25 17:00:09 [INFO]: [PB-S-36703] ⏭️  Skipped - no changes needed
2026-03-25 17:00:09 [INFO]: [PB-S-36583] ⏭️  Skipped - no changes needed
2026-03-25 17:00:09 [INFO]: [PB-S-37195] ⏭️  Skipped - no changes needed
2026-03-25 17:00:09 [INFO]: [PB-S-14275] ⏭️  Skipped - no changes needed
2026-03-25 17:00:09 [INFO]: [PB-S-13597] ⏭️  Skipped - no changes needed
2026-03-25 17:00:09 [INFO]: [PB-S-13616] ⏭️  Skipped - no changes needed
2026-03-25 17:00:09 [INFO]: [PB-S-11744] ⏭️  Skipped - no changes needed
2026-03-25 17:00:09 [INFO]: [PB-S-36380] ⏭️  Skipped - no changes needed
2026-03-25 17:00:09 [INFO]: [PB-S-13878] ⏭️  Skipped - no changes needed
2026-03-25 17:00:09 [INFO]: [PB-S-36784] ⏭️  Skipped - no changes needed
2026-03-25 17:00:09 [INFO]: [PB-S-36969] ⏭️  Skipped - no changes needed
2026-03-25 17:00:09 [INFO]: [PB-S-22080] ⏭️  Skipped - no changes needed
2026-03-25 17:00:09 [INFO]: [PB-S-36966] ⏭️  Skipped - no changes needed
2026-03-25 17:00:09 [INFO]: [PB-S-16606] ⏭️  Skipped - no changes needed
2026-03-25 17:00:09 [INFO]: [PB-S-37199] ⏭️  Skipped - no changes needed
2026-03-25 17:00:09 [INFO]: [PB-S-22090] ⏭️  Skipped - no changes needed
2026-03-25 17:00:09 [INFO]: [PB-S-34032] ⏭️  Skipped - no changes needed
2026-03-25 17:00:09 [INFO]: [PB-S-14002] ⏭️  Skipped - no changes needed
2026-03-25 17:00:09 [INFO]: [PB-S-15896] ⏭️  Skipped - no changes needed
2026-03-25 17:00:09 [INFO]: [PB-R-32326] ⏭️  Skipped - no changes needed
2026-03-25 17:00:09 [INFO]: [PB-R-28651] ⏭️  Skipped - no changes needed
2026-03-25 17:00:09 [INFO]: [PB-R-13780] ⏭️  Skipped - no changes needed
2026-03-25 17:00:09 [INFO]: [PB-R-36055] ⏭️  Skipped - no changes needed
2026-03-25 17:00:09 [INFO]: [PB-S-25628] 📍 Adding/Updating address_information: {
  "Longitude_Latitude": "25.11281,55.14271"
}
2026-03-25 17:00:09 [INFO]: [PB-S-25628] ✏️  Queueing partial update
2026-03-25 17:00:09 [INFO]: [PB-R-36748] ⏭️  Skipped - no changes needed
2026-03-25 17:00:09 [INFO]: [PB-S-37040] ⏭️  Skipped - no changes needed
2026-03-25 17:00:09 [INFO]: [PB-R-37041] ⏭️  Skipped - no changes needed
2026-03-25 17:00:09 [INFO]: [PB-S-36880] ⏭️  Skipped - no changes needed
2026-03-25 17:00:09 [INFO]: [PB-S-36863] ⏭️  Skipped - no changes needed
2026-03-25 17:00:09 [INFO]: [PB-R-36846] ⏭️  Skipped - no changes needed
2026-03-25 17:00:09 [INFO]: [PB-S-36819] ⏭️  Skipped - no changes needed
2026-03-25 17:00:09 [INFO]: [PB-S-36809] ⏭️  Skipped - no changes needed
2026-03-25 17:00:09 [INFO]: [PB-R-36747] ⏭️  Skipped - no changes needed
2026-03-25 17:00:09 [INFO]: [PB-S-36810] ⏭️  Skipped - no changes needed
2026-03-25 17:00:09 [INFO]: [PB-R-36745] ⏭️  Skipped - no changes needed
2026-03-25 17:00:09 [INFO]: [PB-R-36746] ⏭️  Skipped - no changes needed
2026-03-25 17:00:09 [INFO]: [PB-S-36768] ⏭️  Skipped - no changes needed
2026-03-25 17:00:09 [INFO]: [PB-S-36765] ⏭️  Skipped - no changes needed
2026-03-25 17:00:09 [INFO]: [PB-S-36766] ⏭️  Skipped - no changes needed
2026-03-25 17:00:09 [INFO]: [PB-R-36750] ⏭️  Skipped - no changes needed
2026-03-25 17:00:09 [INFO]: [PB-R-36763] ⏭️  Skipped - no changes needed
2026-03-25 17:00:09 [INFO]: [PB-R-36762] ⏭️  Skipped - no changes needed
2026-03-25 17:00:09 [INFO]: [PB-R-36741] ⏭️  Skipped - no changes needed
2026-03-25 17:00:09 [INFO]: [PB-R-36761] ⏭️  Skipped - no changes needed
2026-03-25 17:00:09 [INFO]: [PB-R-36743] ⏭️  Skipped - no changes needed
2026-03-25 17:00:09 [INFO]: [PB-S-36767] ⏭️  Skipped - no changes needed
2026-03-25 17:00:09 [INFO]: [PB-S-36967] ⏭️  Skipped - no changes needed
2026-03-25 17:00:09 [INFO]: [PB-S-15841] ⏭️  Skipped - no changes needed
2026-03-25 17:00:09 [INFO]: [PB-S-37260] ⏭️  Skipped - no changes needed
2026-03-25 17:00:09 [INFO]: [PB-S-37019] ⏭️  Skipped - no changes needed
2026-03-25 17:00:09 [INFO]: [PB-R-37031] 📍 Adding/Updating address_information: {
  "Longitude_Latitude": "25.068394, 55.325289"
}
2026-03-25 17:00:09 [INFO]: [PB-R-37031] ✏️  Queueing partial update
2026-03-25 17:00:09 [INFO]: [PB-S-37001] ⏭️  Skipped - no changes needed
2026-03-25 17:00:09 [INFO]: [PB-S-36902] ⏭️  Skipped - no changes needed
2026-03-25 17:00:09 [INFO]: [PB-S-12758] ⏭️  Skipped - no changes needed
2026-03-25 17:00:09 [INFO]: [PB-S-36915] ⏭️  Skipped - no changes needed
2026-03-25 17:00:09 [INFO]: [PB-S-12847] ⏭️  Skipped - no changes needed
2026-03-25 17:00:09 [INFO]: [PB-S-14222] ⏭️  Skipped - no changes needed
2026-03-25 17:00:09 [INFO]: [PB-S-2911] ⏭️  Skipped - no changes needed
2026-03-25 17:00:09 [INFO]: [PB-S-27160] ⏭️  Skipped - no changes needed
2026-03-25 17:00:09 [INFO]: [PB-S-12844] ⏭️  Skipped - no changes needed
2026-03-25 17:00:09 [INFO]: [PB-S-35954] ⏭️  Skipped - no changes needed
2026-03-25 17:00:09 [INFO]: [PB-S-36852] ⏭️  Skipped - no changes needed
2026-03-25 17:00:09 [INFO]: [PB-S-36000] ⏭️  Skipped - no changes needed
2026-03-25 17:00:09 [INFO]: [PB-S-10511] ⏭️  Skipped - no changes needed
2026-03-25 17:00:09 [INFO]: [PB-S-25954] ⏭️  Skipped - no changes needed
2026-03-25 17:00:09 [INFO]: [PB-S-27631] ⏭️  Skipped - no changes needed
2026-03-25 17:00:09 [INFO]: [PB-S-3552] ⏭️  Skipped - no changes needed
2026-03-25 17:00:09 [INFO]: [PB-S-14329] ⏭️  Skipped - no changes needed
2026-03-25 17:00:09 [INFO]: [PB-S-12916] ⏭️  Skipped - no changes needed
2026-03-25 17:00:09 [INFO]: [PB-S-13926] ⏭️  Skipped - no changes needed
2026-03-25 17:00:09 [INFO]: [PB-S-13625] ⏭️  Skipped - no changes needed
2026-03-25 17:00:09 [INFO]: [PB-S-36707] ⏭️  Skipped - no changes needed
2026-03-25 17:00:09 [INFO]: [PB-S-13893] ⏭️  Skipped - no changes needed
2026-03-25 17:00:09 [INFO]: [PB-S-13965] ⏭️  Skipped - no changes needed
2026-03-25 17:00:09 [INFO]: [PB-S-35275] ⏭️  Skipped - no changes needed
2026-03-25 17:00:09 [INFO]: [PB-R-36802] 📍 Adding/Updating address_information: {
  "Longitude_Latitude": "25.03938, 55.23273"
}
2026-03-25 17:00:09 [INFO]: [PB-R-36802] ✏️  Queueing partial update
2026-03-25 17:00:09 [INFO]: [PB-S-36764] ⏭️  Skipped - no changes needed
2026-03-25 17:00:09 [INFO]: [PB-R-36604] 📍 Adding/Updating address_information: {
  "Longitude_Latitude": "25.11398, 55.20553"
}
2026-03-25 17:00:09 [INFO]: [PB-R-36604] ✏️  Queueing partial update
2026-03-25 17:00:09 [INFO]: [PB-S-36629] ⏭️  Skipped - no changes needed
2026-03-25 17:00:09 [INFO]: [PB-S-36644] ⏭️  Skipped - no changes needed
2026-03-25 17:00:09 [INFO]: [PB-S-36645] ⏭️  Skipped - no changes needed
2026-03-25 17:00:09 [INFO]: [PB-S-36674] ⏭️  Skipped - no changes needed
2026-03-25 17:00:09 [INFO]: [PB-R-36611] 📍 Adding/Updating address_information: {
  "Longitude_Latitude": "25.04110, 55.21052"
}
2026-03-25 17:00:09 [INFO]: [PB-R-36611] ✏️  Queueing partial update
2026-03-25 17:00:09 [INFO]: [PB-S-36677] ⏭️  Skipped - no changes needed
2026-03-25 17:00:09 [INFO]: [PB-S-36678] ⏭️  Skipped - no changes needed
2026-03-25 17:00:09 [INFO]: [PB-R-36804] ⏭️  Skipped - no changes needed
2026-03-25 17:00:09 [INFO]: [PB-S-36925] ⏭️  Skipped - no changes needed
2026-03-25 17:00:09 [INFO]: [PB-S-36924] ⏭️  Skipped - no changes needed
2026-03-25 17:00:09 [INFO]: [PB-S-36695] ⏭️  Skipped - no changes needed
2026-03-25 17:00:09 [INFO]: [PB-S-36886] ⏭️  Skipped - no changes needed
2026-03-25 17:00:09 [INFO]: [PB-S-36544] ⏭️  Skipped - no changes needed
2026-03-25 17:00:09 [INFO]: [PB-S-36885] ⏭️  Skipped - no changes needed
2026-03-25 17:00:09 [INFO]: [PB-S-36865] ⏭️  Skipped - no changes needed
2026-03-25 17:00:09 [INFO]: [PB-S-36729] ⏭️  Skipped - no changes needed
2026-03-25 17:00:09 [INFO]: [PB-S-36733] ⏭️  Skipped - no changes needed
2026-03-25 17:00:09 [INFO]: [PB-S-36736] ⏭️  Skipped - no changes needed
2026-03-25 17:00:09 [INFO]: [PB-R-36613] ⏭️  Skipped - no changes needed
2026-03-25 17:00:09 [INFO]: [PB-S-36751] ⏭️  Skipped - no changes needed
2026-03-25 17:00:09 [INFO]: [PB-R-36753-1] 📍 Adding/Updating address_information: {
  "Longitude_Latitude": "25.11404, 55.20558"
}
2026-03-25 17:00:09 [INFO]: [PB-R-36753-1] ✏️  Queueing partial update
2026-03-25 17:00:09 [INFO]: [PB-S-36631] ⏭️  Skipped - no changes needed
2026-03-25 17:00:09 [INFO]: [PB-S-36625] ⏭️  Skipped - no changes needed
2026-03-25 17:00:09 [INFO]: [PB-S-36511] ⏭️  Skipped - no changes needed
2026-03-25 17:00:09 [INFO]: [PB-S-36487] ⏭️  Skipped - no changes needed
2026-03-25 17:00:09 [INFO]: [PB-S-36491] ⏭️  Skipped - no changes needed
2026-03-25 17:00:09 [INFO]: [PB-S-36500] 📍 Adding/Updating address_information: {
  "Longitude_Latitude": "25.10633, 55.24575"
}
2026-03-25 17:00:09 [INFO]: [PB-S-36500] ✏️  Queueing partial update
2026-03-25 17:00:09 [INFO]: [PB-S-36485] ⏭️  Skipped - no changes needed
2026-03-25 17:00:09 [INFO]: [PB-S-36482] ⏭️  Skipped - no changes needed
2026-03-25 17:00:09 [INFO]: [PB-S-36480] ⏭️  Skipped - no changes needed
2026-03-25 17:00:09 [INFO]: [PB-S-36402] ⏭️  Skipped - no changes needed
2026-03-25 17:00:09 [INFO]: [PB-S-36525] ⏭️  Skipped - no changes needed
2026-03-25 17:00:09 [INFO]: [PB-S-36522] 📍 Adding/Updating address_information: {
  "Longitude_Latitude": "25.02234, 55.22458"
}
2026-03-25 17:00:09 [INFO]: [PB-S-36522] ✏️  Queueing partial update
2026-03-25 17:00:09 [INFO]: [PB-S-36510] ⏭️  Skipped - no changes needed
2026-03-25 17:00:09 [INFO]: [PB-S-36504] ⏭️  Skipped - no changes needed
2026-03-25 17:00:09 [INFO]: [PB-S-36401] ⏭️  Skipped - no changes needed
2026-03-25 17:00:09 [INFO]: [PB-S-36309] ⏭️  Skipped - no changes needed
2026-03-25 17:00:09 [INFO]: [PB-S-36257] ⏭️  Skipped - no changes needed
2026-03-25 17:00:09 [INFO]: [PB-S-36364] ⏭️  Skipped - no changes needed
2026-03-25 17:00:09 [INFO]: [PB-S-36246] ⏭️  Skipped - no changes needed
2026-03-25 17:00:09 [INFO]: [PB-R-36338] 📍 Adding/Updating address_information: {
  "Longitude_Latitude": "25.030360,55.262112"
}
2026-03-25 17:00:09 [INFO]: [PB-R-36338] ✏️  Queueing partial update
2026-03-25 17:00:09 [INFO]: [PB-S-36308] ⏭️  Skipped - no changes needed
2026-03-25 17:00:09 [INFO]: [PB-S-36406] 📍 Adding/Updating address_information: {
  "Longitude_Latitude": "25.05596, 55.28534"
}
2026-03-25 17:00:09 [INFO]: [PB-S-36406] ✏️  Queueing partial update
2026-03-25 17:00:09 [INFO]: [PB-S-36400] ⏭️  Skipped - no changes needed
2026-03-25 17:00:09 [INFO]: [PB-S-36370] ⏭️  Skipped - no changes needed
2026-03-25 17:00:09 [INFO]: [PB-S-36398] 📍 Adding/Updating address_information: {
  "Longitude_Latitude": "25.0247,55.20369"
}
2026-03-25 17:00:09 [INFO]: [PB-S-36398] ✏️  Queueing partial update
2026-03-25 17:00:09 [INFO]: [PB-S-36119] ⏭️  Skipped - no changes needed
2026-03-25 17:00:09 [INFO]: [PB-S-36088] ⏭️  Skipped - no changes needed
2026-03-25 17:00:09 [INFO]: [PB-S-36112] ⏭️  Skipped - no changes needed
2026-03-25 17:00:09 [INFO]: [PB-S-36111] ⏭️  Skipped - no changes needed
2026-03-25 17:00:09 [INFO]: [PB-S-36116] ⏭️  Skipped - no changes needed
2026-03-25 17:00:09 [INFO]: [PB-S-36120] ⏭️  Skipped - no changes needed
2026-03-25 17:00:09 [INFO]: [PB-S-36117] ⏭️  Skipped - no changes needed
2026-03-25 17:00:09 [INFO]: [PB-S-36121] ⏭️  Skipped - no changes needed
2026-03-25 17:00:09 [INFO]: [PB-S-36066] ⏭️  Skipped - no changes needed
2026-03-25 17:00:09 [INFO]: [PB-S-36034] ⏭️  Skipped - no changes needed
2026-03-25 17:00:09 [INFO]: [PB-S-36068] ⏭️  Skipped - no changes needed
2026-03-25 17:00:09 [INFO]: [PB-S-36046] 📍 Adding/Updating address_information: {
  "Longitude_Latitude": "25.25739, 55.28483"
}
2026-03-25 17:00:09 [INFO]: [PB-S-36046] ✏️  Queueing partial update
2026-03-25 17:00:09 [INFO]: [PB-R-35972-1] 📍 Adding/Updating address_information: {
  "Longitude_Latitude": "25.01355,55.44808"
}
2026-03-25 17:00:09 [INFO]: [PB-R-35972-1] ✏️  Queueing partial update
2026-03-25 17:00:09 [INFO]: [PB-S-35998] ⏭️  Skipped - no changes needed
2026-03-25 17:00:09 [INFO]: [PB-S-36083] ⏭️  Skipped - no changes needed
2026-03-25 17:00:09 [INFO]: [PB-S-36079] ⏭️  Skipped - no changes needed
2026-03-25 17:00:09 [INFO]: [PB-S-36081] ⏭️  Skipped - no changes needed
2026-03-25 17:00:09 [INFO]: [PB-S-36076] ⏭️  Skipped - no changes needed
2026-03-25 17:00:09 [INFO]: [PB-S-36078] ⏭️  Skipped - no changes needed
2026-03-25 17:00:09 [INFO]: [PB-S-36074] ⏭️  Skipped - no changes needed
2026-03-25 17:00:09 [INFO]: [PB-S-35279] ⏭️  Skipped - no changes needed
2026-03-25 17:00:09 [INFO]: [PB-S-34616] ⏭️  Skipped - no changes needed
2026-03-25 17:00:09 [INFO]: [PB-S-35162] ⏭️  Skipped - no changes needed
2026-03-25 17:00:09 [INFO]: [PB-S-34615] ⏭️  Skipped - no changes needed
2026-03-25 17:00:09 [INFO]: [PB-S-30934] ⏭️  Skipped - no changes needed
2026-03-25 17:00:09 [INFO]: [PB-S-31316] ⏭️  Skipped - no changes needed
2026-03-25 17:00:09 [INFO]: [PB-S-31107] ⏭️  Skipped - no changes needed
2026-03-25 17:00:09 [INFO]: [PB-S-31024] ⏭️  Skipped - no changes needed
2026-03-25 17:00:09 [INFO]: [PB-S-30969] ⏭️  Skipped - no changes needed
2026-03-25 17:00:09 [INFO]: [PB-S-28625] ⏭️  Skipped - no changes needed
2026-03-25 17:00:09 [INFO]: [PB-R-28630] ⏭️  Skipped - no changes needed
2026-03-25 17:00:09 [INFO]: [PB-S-23525] ⏭️  Skipped - no changes needed
2026-03-25 17:00:09 [INFO]: [PB-S-22622] ⏭️  Skipped - no changes needed
2026-03-25 17:00:09 [INFO]: [PB-S-22256] ⏭️  Skipped - no changes needed
2026-03-25 17:00:09 [INFO]: [PB-S-23664] ⏭️  Skipped - no changes needed
2026-03-25 17:00:09 [INFO]: [PB-S-22116] ⏭️  Skipped - no changes needed
2026-03-25 17:00:09 [INFO]: [PB-S-22152] ⏭️  Skipped - no changes needed
2026-03-25 17:00:09 [INFO]: [PB-S-21999] ⏭️  Skipped - no changes needed
2026-03-25 17:00:09 [INFO]: [PB-S-22002] ⏭️  Skipped - no changes needed
2026-03-25 17:00:09 [INFO]: [PB-S-21913] ⏭️  Skipped - no changes needed
2026-03-25 17:00:09 [INFO]: [PB-S-18617] ⏭️  Skipped - no changes needed
2026-03-25 17:00:09 [INFO]: [PB-S-18550] ⏭️  Skipped - no changes needed
2026-03-25 17:00:09 [INFO]: [PB-S-18537] ⏭️  Skipped - no changes needed
2026-03-25 17:00:09 [INFO]: [PB-S-18548] ⏭️  Skipped - no changes needed
2026-03-25 17:00:09 [INFO]: [PB-S-18545] ⏭️  Skipped - no changes needed
2026-03-25 17:00:09 [INFO]: [PB-S-18547] ⏭️  Skipped - no changes needed
2026-03-25 17:00:09 [INFO]: [PB-S-21912] ⏭️  Skipped - no changes needed
2026-03-25 17:00:09 [INFO]: [PB-S-21933] ⏭️  Skipped - no changes needed
2026-03-25 17:00:09 [INFO]: [PB-S-21904] ⏭️  Skipped - no changes needed
2026-03-25 17:00:09 [INFO]: [PB-S-21903-1] 📍 Adding/Updating address_information: {
  "Longitude_Latitude": "25.05804, 55.17530"
}
2026-03-25 17:00:09 [INFO]: [PB-S-21903-1] ✏️  Queueing partial update
2026-03-25 17:00:09 [INFO]: [PB-S-21901] ⏭️  Skipped - no changes needed
2026-03-25 17:00:09 [INFO]: [PB-S-18513] ⏭️  Skipped - no changes needed
2026-03-25 17:00:09 [INFO]: [PB-S-18505] ⏭️  Skipped - no changes needed
2026-03-25 17:00:09 [INFO]: [PB-S-18493] ⏭️  Skipped - no changes needed
2026-03-25 17:00:09 [INFO]: [PB-S-18482] ⏭️  Skipped - no changes needed
2026-03-25 17:00:09 [INFO]: [PB-S-18479] ⏭️  Skipped - no changes needed
2026-03-25 17:00:09 [INFO]: [PB-S-18437] ⏭️  Skipped - no changes needed
2026-03-25 17:00:09 [INFO]: [PB-S-18435] ⏭️  Skipped - no changes needed
2026-03-25 17:00:09 [INFO]: [PB-S-18429] ⏭️  Skipped - no changes needed
2026-03-25 17:00:09 [INFO]: [PB-S-18411] ⏭️  Skipped - no changes needed
2026-03-25 17:00:09 [INFO]: [PB-S-18390] ⏭️  Skipped - no changes needed
2026-03-25 17:00:09 [INFO]: [PB-S-18385] ⏭️  Skipped - no changes needed
2026-03-25 17:00:09 [INFO]: [PB-S-18382] ⏭️  Skipped - no changes needed
2026-03-25 17:00:09 [INFO]: [PB-S-18381] ⏭️  Skipped - no changes needed
2026-03-25 17:00:09 [INFO]: [PB-S-18380] ⏭️  Skipped - no changes needed
2026-03-25 17:00:09 [INFO]: [PB-S-18379] ⏭️  Skipped - no changes needed
2026-03-25 17:00:09 [INFO]: [PB-S-18378] ⏭️  Skipped - no changes needed
2026-03-25 17:00:09 [INFO]: [PB-S-18383] ⏭️  Skipped - no changes needed
2026-03-25 17:00:09 [INFO]: [PB-S-18374] ⏭️  Skipped - no changes needed
2026-03-25 17:00:09 [INFO]: [PB-S-18315] ⏭️  Skipped - no changes needed
2026-03-25 17:00:09 [INFO]: [PB-S-16151] ⏭️  Skipped - no changes needed
2026-03-25 17:00:09 [INFO]: [PB-S-16814] ⏭️  Skipped - no changes needed
2026-03-25 17:00:09 [INFO]: [PB-S-16812] ⏭️  Skipped - no changes needed
2026-03-25 17:00:09 [INFO]: [PB-S-16787] ⏭️  Skipped - no changes needed
2026-03-25 17:00:09 [INFO]: [PB-S-16048] ⏭️  Skipped - no changes needed
2026-03-25 17:00:09 [INFO]: [PB-S-16050] ⏭️  Skipped - no changes needed
2026-03-25 17:00:09 [INFO]: [PB-S-16259] ⏭️  Skipped - no changes needed
2026-03-25 17:00:09 [INFO]: [PB-S-16202] ⏭️  Skipped - no changes needed
2026-03-25 17:00:09 [INFO]: [PB-S-16888] ⏭️  Skipped - no changes needed
2026-03-25 17:00:09 [INFO]: [PB-S-16182] ⏭️  Skipped - no changes needed
2026-03-25 17:00:09 [INFO]: [PB-S-16862] ⏭️  Skipped - no changes needed
2026-03-25 17:00:09 [INFO]: [PB-S-17543] ⏭️  Skipped - no changes needed
2026-03-25 17:00:09 [INFO]: [PB-S-17284] ⏭️  Skipped - no changes needed
2026-03-25 17:00:09 [INFO]: [PB-S-16016] ⏭️  Skipped - no changes needed
2026-03-25 17:00:09 [INFO]: [PB-S-15231] ⏭️  Skipped - no changes needed
2026-03-25 17:00:09 [INFO]: [PB-S-14239] ⏭️  Skipped - no changes needed
2026-03-25 17:00:09 [INFO]: [PB-S-14253] ⏭️  Skipped - no changes needed
2026-03-25 17:00:09 [INFO]: [PB-S-14140] ⏭️  Skipped - no changes needed
2026-03-25 17:00:09 [INFO]: [PB-S-14142] ⏭️  Skipped - no changes needed
2026-03-25 17:00:09 [INFO]: [PB-S-14345] ⏭️  Skipped - no changes needed
2026-03-25 17:00:09 [INFO]: [PB-S-14328] ⏭️  Skipped - no changes needed
2026-03-25 17:00:09 [INFO]: [PB-S-15079] ⏭️  Skipped - no changes needed
2026-03-25 17:00:09 [INFO]: [PB-S-14284] ⏭️  Skipped - no changes needed
2026-03-25 17:00:09 [INFO]: [PB-S-14400-2] 📍 Adding/Updating address_information: {
  "Longitude_Latitude": "25.17989, 55.25239"
}
2026-03-25 17:00:09 [INFO]: [PB-S-14400-2] ✏️  Queueing partial update
2026-03-25 17:00:09 [INFO]: [PB-S-14410] ⏭️  Skipped - no changes needed
2026-03-25 17:00:09 [INFO]: [PB-S-14411] ⏭️  Skipped - no changes needed
2026-03-25 17:00:09 [INFO]: [PB-S-13888] ⏭️  Skipped - no changes needed
2026-03-25 17:00:09 [INFO]: [PB-S-13858] ⏭️  Skipped - no changes needed
2026-03-25 17:00:09 [INFO]: [PB-S-13808] ⏭️  Skipped - no changes needed
2026-03-25 17:00:09 [INFO]: [PB-S-13785] ⏭️  Skipped - no changes needed
2026-03-25 17:00:09 [INFO]: [PB-S-13784] ⏭️  Skipped - no changes needed
2026-03-25 17:00:09 [INFO]: [PB-S-13681] ⏭️  Skipped - no changes needed
2026-03-25 17:00:09 [INFO]: [PB-S-14107] ⏭️  Skipped - no changes needed
2026-03-25 17:00:09 [INFO]: [PB-S-13567] ⏭️  Skipped - no changes needed
2026-03-25 17:00:09 [INFO]: [PB-S-13645] ⏭️  Skipped - no changes needed
2026-03-25 17:00:09 [INFO]: [PB-S-13646-1] ⏭️  Skipped - no changes needed
2026-03-25 17:00:09 [INFO]: [PB-S-13582] ⏭️  Skipped - no changes needed
2026-03-25 17:00:09 [INFO]: [PB-S-13392] ⏭️  Skipped - no changes needed
2026-03-25 17:00:09 [INFO]: [PB-S-13572] ⏭️  Skipped - no changes needed
2026-03-25 17:00:09 [INFO]: [PB-S-13612] ⏭️  Skipped - no changes needed
2026-03-25 17:00:09 [INFO]: [PB-S-13585-6] ⏭️  Skipped - no changes needed
2026-03-25 17:00:09 [INFO]: [PB-S-13570] ⏭️  Skipped - no changes needed
2026-03-25 17:00:09 [INFO]: [PB-S-12821] ⏭️  Skipped - no changes needed
2026-03-25 17:00:09 [INFO]: [PB-S-12992] ⏭️  Skipped - no changes needed
2026-03-25 17:00:09 [INFO]: [PB-S-8665] ⏭️  Skipped - no changes needed
2026-03-25 17:00:09 [INFO]: [PB-S-12186] ⏭️  Skipped - no changes needed
2026-03-25 17:00:09 [INFO]: [PB-S-11654] ⏭️  Skipped - no changes needed
2026-03-25 17:00:09 [INFO]: [PB-S-11131] 📍 Adding/Updating address_information: {
  "Longitude_Latitude": "55.1557948, 25.0591293"
}
2026-03-25 17:00:09 [INFO]: [PB-S-11131] ✏️  Queueing partial update
2026-03-25 17:00:09 [INFO]: [PB-S-11701] ⏭️  Skipped - no changes needed
2026-03-25 17:00:09 [INFO]: [PB-S-10976] ⏭️  Skipped - no changes needed
2026-03-25 17:00:09 [INFO]: [PB-S-11209-1] ⏭️  Skipped - no changes needed
2026-03-25 17:00:09 [INFO]: [PB-S-10586] ⏭️  Skipped - no changes needed
2026-03-25 17:00:09 [INFO]: [PB-S-8126] ⏭️  Skipped - no changes needed
2026-03-25 17:00:09 [INFO]: [PB-S-7524] ⏭️  Skipped - no changes needed
2026-03-25 17:00:09 [INFO]: [PB-S-2923] ⏭️  Skipped - no changes needed
2026-03-25 17:00:09 [INFO]: [PB-S-2922] ⏭️  Skipped - no changes needed
2026-03-25 17:00:09 [INFO]: [PB-S-5008] 📍 Adding/Updating address_information: {
  "Longitude_Latitude": "55.17261, 25.05068"
}
2026-03-25 17:00:09 [INFO]: [PB-S-5008] ✏️  Queueing partial update
2026-03-25 17:00:09 [INFO]: [PB-S-1016-1] 📍 Adding/Updating address_information: {
  "Longitude_Latitude": "55.1484, 25.10872"
}
2026-03-25 17:00:09 [INFO]: [PB-S-1016-1] ✏️  Queueing partial update
2026-03-25 17:00:09 [INFO]: [PB-S-10646] ⏭️  Skipped - no changes needed
2026-03-25 17:00:09 [INFO]: [PB-S-13880] ⏭️  Skipped - no changes needed
2026-03-25 17:00:09 [INFO]: [PB-S-14146-5] 📍 Adding/Updating address_information: {
  "Longitude_Latitude": "25.08751,55.14480"
}
2026-03-25 17:00:09 [INFO]: [PB-S-14146-5] ✏️  Queueing partial update
2026-03-25 17:00:09 [INFO]: [PB-S-2692] 📍 Adding/Updating address_information: {
  "Longitude_Latitude": "55.13466, 25.11724"
}
2026-03-25 17:00:09 [INFO]: [PB-S-2692] ✏️  Queueing partial update
2026-03-25 17:00:09 [INFO]: [PB-S-36129] ⏭️  Skipped - no changes needed
2026-03-25 17:00:09 [INFO]: [PB-S-36008] ⏭️  Skipped - no changes needed
2026-03-25 17:00:09 [INFO]: [PB-S-28645] ⏭️  Skipped - no changes needed
2026-03-25 17:00:09 [INFO]: [PB-S-9945] ⏭️  Skipped - no changes needed
2026-03-25 17:00:09 [INFO]: [PB-S-12040-6] 📍 Adding/Updating address_information: {
  "Longitude_Latitude": "25.00225,55.16496"
}
2026-03-25 17:00:09 [INFO]: [PB-S-12040-6] ✏️  Queueing partial update
2026-03-25 17:00:09 [INFO]: [PB-S-8380] ⏭️  Skipped - no changes needed
2026-03-25 17:00:09 [INFO]: [PB-S-14182] ⏭️  Skipped - no changes needed
2026-03-25 17:00:09 [INFO]: [PB-S-14297] ⏭️  Skipped - no changes needed
2026-03-25 17:00:09 [INFO]: [PB-S-14296] ⏭️  Skipped - no changes needed
2026-03-25 17:00:09 [INFO]: [PB-S-14081-4] 📍 Adding/Updating address_information: {
  "Longitude_Latitude": "25.13457, 55.19164"
}
2026-03-25 17:00:09 [INFO]: [PB-S-14081-4] ✏️  Queueing partial update
2026-03-25 17:00:09 [INFO]: [PB-S-14075] ⏭️  Skipped - no changes needed
2026-03-25 17:00:09 [INFO]: [PB-S-14074] ⏭️  Skipped - no changes needed
2026-03-25 17:00:09 [INFO]: [PB-S-14072] ⏭️  Skipped - no changes needed
2026-03-25 17:00:09 [INFO]: [PB-S-14060] ⏭️  Skipped - no changes needed
2026-03-25 17:00:09 [INFO]: [PB-S-14047] ⏭️  Skipped - no changes needed
2026-03-25 17:00:09 [INFO]: [PB-S-14045] ⏭️  Skipped - no changes needed
2026-03-25 17:00:09 [INFO]: [PB-S-14043] ⏭️  Skipped - no changes needed
2026-03-25 17:00:09 [INFO]: [PB-S-14046] ⏭️  Skipped - no changes needed
2026-03-25 17:00:09 [INFO]: [PB-S-14044] ⏭️  Skipped - no changes needed
2026-03-25 17:00:09 [INFO]: [PB-S-14033] ⏭️  Skipped - no changes needed
2026-03-25 17:00:09 [INFO]: [PB-S-14027] ⏭️  Skipped - no changes needed
2026-03-25 17:00:09 [INFO]: [PB-S-14026] ⏭️  Skipped - no changes needed
2026-03-25 17:00:09 [INFO]: [PB-S-14023] ⏭️  Skipped - no changes needed
2026-03-25 17:00:09 [INFO]: [PB-S-14022] ⏭️  Skipped - no changes needed
2026-03-25 17:00:09 [INFO]: [PB-S-14021] ⏭️  Skipped - no changes needed
2026-03-25 17:00:09 [INFO]: [PB-S-13991] ⏭️  Skipped - no changes needed
2026-03-25 17:00:09 [INFO]: [PB-S-12276] ⏭️  Skipped - no changes needed
2026-03-25 17:00:09 [INFO]: [PB-S-11826] ⏭️  Skipped - no changes needed
2026-03-25 17:00:09 [INFO]: [PB-S-34644] ⏭️  Skipped - no changes needed
2026-03-25 17:00:09 [INFO]: [PB-S-12849] ⏭️  Skipped - no changes needed
2026-03-25 17:00:09 [INFO]: [PB-S-11750] ⏭️  Skipped - no changes needed
2026-03-25 17:00:09 [INFO]: [PB-S-13533] ⏭️  Skipped - no changes needed
2026-03-25 17:00:09 [INFO]: [PB-S-13544] ⏭️  Skipped - no changes needed
2026-03-25 17:00:09 [INFO]: [PB-S-13545] ⏭️  Skipped - no changes needed
2026-03-25 17:00:09 [INFO]: [PB-S-13546] ⏭️  Skipped - no changes needed
2026-03-25 17:00:09 [INFO]: [PB-S-13838] ⏭️  Skipped - no changes needed
2026-03-25 17:00:09 [INFO]: [PB-S-13897-2] ⏭️  Skipped - no changes needed
2026-03-25 17:00:09 [INFO]: [PB-S-2432] ⏭️  Skipped - no changes needed
2026-03-25 17:00:09 [INFO]: [PB-S-13584] ⏭️  Skipped - no changes needed
2026-03-25 17:00:09 [INFO]: [PB-S-13661] ⏭️  Skipped - no changes needed
2026-03-25 17:00:09 [INFO]: [PB-S-13918] ⏭️  Skipped - no changes needed
2026-03-25 17:00:09 [INFO]: [PB-S-15214] ⏭️  Skipped - no changes needed
2026-03-25 17:00:09 [INFO]: [PB-R-36029] 📍 Adding/Updating address_information: {
  "Longitude_Latitude": "25,06078,55.17854"
}
2026-03-25 17:00:09 [INFO]: [PB-R-36029] ✏️  Queueing partial update
2026-03-25 17:00:09 [INFO]: [PB-S-13571] ⏭️  Skipped - no changes needed
2026-03-25 17:00:09 [INFO]: [PB-S-13574] ⏭️  Skipped - no changes needed
2026-03-25 17:00:09 [INFO]: [PB-S-14204] ⏭️  Skipped - no changes needed
2026-03-25 17:00:09 [INFO]: [PB-S-12653] ⏭️  Skipped - no changes needed
2026-03-25 17:00:09 [INFO]: [PB-S-8566] ⏭️  Skipped - no changes needed
2026-03-25 17:00:09 [INFO]: [PB-R-36391] ⏭️  Skipped - no changes needed
2026-03-25 17:00:09 [INFO]: [PB-R-33910] ⏭️  Skipped - no changes needed
2026-03-25 17:00:09 [INFO]: [PB-S-36395] ⏭️  Skipped - no changes needed
2026-03-25 17:00:09 [INFO]: [PB-S-33920] ⏭️  Skipped - no changes needed
2026-03-25 17:00:09 [INFO]: [PB-S-15196] ⏭️  Skipped - no changes needed
2026-03-25 17:00:09 [INFO]: [PB-S-14401-11] ⏭️  Skipped - no changes needed
2026-03-25 17:00:09 [INFO]: [PB-S-30903] ⏭️  Skipped - no changes needed
2026-03-25 17:00:09 [INFO]: [PB-S-36342] ⏭️  Skipped - no changes needed
2026-03-25 17:00:09 [INFO]: [PB-S-36325] ⏭️  Skipped - no changes needed
2026-03-25 17:00:09 [INFO]: [PB-S-36351] ⏭️  Skipped - no changes needed
2026-03-25 17:00:09 [INFO]: [PB-S-36090] ⏭️  Skipped - no changes needed
2026-03-25 17:00:09 [INFO]: [PB-R-34648] ⏭️  Skipped - no changes needed
2026-03-25 17:00:09 [INFO]: [PB-S-16046] ⏭️  Skipped - no changes needed
2026-03-25 17:00:09 [INFO]: [PB-R-16080] ⏭️  Skipped - no changes needed
2026-03-25 17:00:09 [INFO]: [PB-S-16056] ⏭️  Skipped - no changes needed
2026-03-25 17:00:09 [INFO]: [PB-S-16044-1] 📍 Adding/Updating address_information: {
  "Longitude_Latitude": "25.10023,55.14116"
}
2026-03-25 17:00:09 [INFO]: [PB-S-16044-1] ✏️  Queueing partial update
2026-03-25 17:00:09 [INFO]: [PB-S-14223] ⏭️  Skipped - no changes needed
2026-03-25 17:00:09 [INFO]: [PB-S-14305] ⏭️  Skipped - no changes needed
2026-03-25 17:00:09 [INFO]: [PB-S-14219] ⏭️  Skipped - no changes needed
2026-03-25 17:00:09 [INFO]: [PB-S-14212] ⏭️  Skipped - no changes needed
2026-03-25 17:00:09 [INFO]: [PB-S-14132] ⏭️  Skipped - no changes needed
2026-03-25 17:00:09 [INFO]: [PB-S-13922] ⏭️  Skipped - no changes needed
2026-03-25 17:00:09 [INFO]: [PB-S-14991] ⏭️  Skipped - no changes needed
2026-03-25 17:00:09 [INFO]: [PB-S-15129] ⏭️  Skipped - no changes needed
2026-03-25 17:00:09 [INFO]: [PB-S-13744] ⏭️  Skipped - no changes needed
2026-03-25 17:00:09 [INFO]: [PB-S-13732] ⏭️  Skipped - no changes needed
2026-03-25 17:00:09 [INFO]: [PB-S-13691] ⏭️  Skipped - no changes needed
2026-03-25 17:00:09 [INFO]: [PB-S-15218] ⏭️  Skipped - no changes needed
2026-03-25 17:00:09 [INFO]: [PB-S-15413-1] ⏭️  Skipped - no changes needed
2026-03-25 17:00:09 [INFO]: [PB-S-15882] ⏭️  Skipped - no changes needed
2026-03-25 17:00:09 [INFO]: [PB-S-35958] ⏭️  Skipped - no changes needed
2026-03-25 17:00:09 [INFO]: [PB-S-36285] ⏭️  Skipped - no changes needed
2026-03-25 17:00:09 [INFO]: [PB-S-11345] ⏭️  Skipped - no changes needed
2026-03-25 17:00:09 [INFO]: [PB-S-36252] ⏭️  Skipped - no changes needed
2026-03-25 17:00:09 [INFO]: [PB-S-36266] ⏭️  Skipped - no changes needed
2026-03-25 17:00:09 [INFO]: [PB-S-13867] ⏭️  Skipped - no changes needed
2026-03-25 17:00:09 [INFO]: [PB-S-12814] ⏭️  Skipped - no changes needed
2026-03-25 17:00:09 [INFO]: [PB-S-36134] ⏭️  Skipped - no changes needed
2026-03-25 17:00:09 [INFO]: [PB-S-36037] ⏭️  Skipped - no changes needed
2026-03-25 17:00:09 [INFO]: [PB-S-36058] ⏭️  Skipped - no changes needed
2026-03-25 17:00:09 [INFO]: [PB-S-36099] 📍 Adding/Updating address_information: {
  "Longitude_Latitude": "25.08177, 55.14079"
}
2026-03-25 17:00:09 [INFO]: [PB-S-36099] ✏️  Queueing partial update
2026-03-25 17:00:09 [INFO]: [PB-S-36127] ⏭️  Skipped - no changes needed
2026-03-25 17:00:09 [INFO]: [PB-S-34575] ⏭️  Skipped - no changes needed
2026-03-25 17:00:09 [INFO]: [PB-S-34599] ⏭️  Skipped - no changes needed
2026-03-25 17:00:09 [INFO]: [PB-S-36006] ⏭️  Skipped - no changes needed
2026-03-25 17:00:09 [INFO]: [PB-S-14392] ⏭️  Skipped - no changes needed
2026-03-25 17:00:09 [INFO]: [PB-S-36087] ⏭️  Skipped - no changes needed
2026-03-25 17:00:09 [INFO]: [PB-S-21943] ⏭️  Skipped - no changes needed
2026-03-25 17:00:09 [INFO]: [PB-S-9684] ⏭️  Skipped - no changes needed
2026-03-25 17:00:09 [INFO]: [PB-S-11424] ⏭️  Skipped - no changes needed
2026-03-25 17:00:09 [INFO]: [PB-S-12772] ⏭️  Skipped - no changes needed
2026-03-25 17:00:09 [INFO]: [PB-S-12712] ⏭️  Skipped - no changes needed
2026-03-25 17:00:09 [INFO]: [PB-S-8808] ⏭️  Skipped - no changes needed
2026-03-25 17:00:09 [INFO]: [PB-S-12046-4] ⏭️  Skipped - no changes needed
2026-03-25 17:00:09 [INFO]: [PB-S-5139] 📍 Adding/Updating address_information: {
  "Longitude_Latitude": "55.17034, 25.05415"
}
2026-03-25 17:00:09 [INFO]: [PB-S-5139] ✏️  Queueing partial update
2026-03-25 17:00:09 [INFO]: [PB-S-16055] ⏭️  Skipped - no changes needed
2026-03-25 17:00:09 [INFO]: [PB-S-35982] ⏭️  Skipped - no changes needed
2026-03-25 17:00:09 [INFO]: [PB-S-34645] ⏭️  Skipped - no changes needed
2026-03-25 17:00:09 [INFO]: [PB-S-35981] ⏭️  Skipped - no changes needed
2026-03-25 17:00:09 [INFO]: [PB-R-28626] ⏭️  Skipped - no changes needed
2026-03-25 17:00:09 [INFO]: [PB-R-28627] ⏭️  Skipped - no changes needed
2026-03-25 17:00:09 [INFO]: [PB-R-28628] ⏭️  Skipped - no changes needed
2026-03-25 17:00:09 [INFO]: [PB-S-28631] ⏭️  Skipped - no changes needed
2026-03-25 17:00:09 [INFO]: [PB-S-33915] ⏭️  Skipped - no changes needed
2026-03-25 17:00:09 [INFO]: [PB-S-33916] ⏭️  Skipped - no changes needed
2026-03-25 17:00:09 [INFO]: [PB-S-28639] ⏭️  Skipped - no changes needed
2026-03-25 17:00:09 [INFO]: [PB-R-28641] ⏭️  Skipped - no changes needed
2026-03-25 17:00:09 [INFO]: [PB-S-34630] 📍 Adding/Updating address_information: {
  "Longitude_Latitude": "55.17034, 25.05415"
}
2026-03-25 17:00:09 [INFO]: [PB-S-34630] ✏️  Queueing partial update
2026-03-25 17:00:09 [INFO]: [PB-R-34633] ⏭️  Skipped - no changes needed
2026-03-25 17:00:09 [INFO]: [PB-S-34634] ⏭️  Skipped - no changes needed
2026-03-25 17:00:09 [INFO]: [PB-S-21992] ⏭️  Skipped - no changes needed
2026-03-25 17:00:09 [INFO]: [PB-S-30693] ⏭️  Skipped - no changes needed
2026-03-25 17:00:09 [INFO]: [PB-S-33913] ⏭️  Skipped - no changes needed
2026-03-25 17:00:09 [INFO]: [PB-R-32360] ⏭️  Skipped - no changes needed
2026-03-25 17:00:09 [INFO]: [PB-S-33914] ⏭️  Skipped - no changes needed
2026-03-25 17:00:09 [INFO]: [PB-S-18486] ⏭️  Skipped - no changes needed
2026-03-25 17:00:09 [INFO]: [PB-S-18519] ⏭️  Skipped - no changes needed
2026-03-25 17:00:09 [INFO]: [PB-S-18546] ⏭️  Skipped - no changes needed
2026-03-25 17:00:09 [INFO]: [PB-S-18487] ⏭️  Skipped - no changes needed
2026-03-25 17:00:09 [INFO]: [PB-S-16015] ⏭️  Skipped - no changes needed
2026-03-25 17:00:09 [INFO]: [PB-R-16072] ⏭️  Skipped - no changes needed
2026-03-25 17:00:09 [INFO]: [PB-S-16042] ⏭️  Skipped - no changes needed
2026-03-25 17:00:09 [INFO]: [PB-S-16000] ⏭️  Skipped - no changes needed
2026-03-25 17:00:09 [INFO]: [PB-S-15999] ⏭️  Skipped - no changes needed
2026-03-25 17:00:09 [INFO]: [PB-S-15997] ⏭️  Skipped - no changes needed
2026-03-25 17:00:09 [INFO]: [PB-S-15996] ⏭️  Skipped - no changes needed
2026-03-25 17:00:09 [INFO]: [PB-S-18481] ⏭️  Skipped - no changes needed
2026-03-25 17:00:09 [INFO]: [PB-S-18474] ⏭️  Skipped - no changes needed
2026-03-25 17:00:09 [INFO]: [PB-S-18376] ⏭️  Skipped - no changes needed
2026-03-25 17:00:09 [INFO]: [PB-S-18386] ⏭️  Skipped - no changes needed
2026-03-25 17:00:09 [INFO]: [PB-S-15995] ⏭️  Skipped - no changes needed
2026-03-25 17:00:09 [INFO]: [PB-S-15993] ⏭️  Skipped - no changes needed
2026-03-25 17:00:09 [INFO]: [PB-S-18442] ⏭️  Skipped - no changes needed
2026-03-25 17:00:09 [INFO]: [PB-S-18441] ⏭️  Skipped - no changes needed
2026-03-25 17:00:09 [INFO]: [PB-S-16522] ⏭️  Skipped - no changes needed
2026-03-25 17:00:09 [INFO]: [PB-S-18425] ⏭️  Skipped - no changes needed
2026-03-25 17:00:09 [INFO]: [PB-S-18424] ⏭️  Skipped - no changes needed
2026-03-25 17:00:09 [INFO]: [PB-S-18370] ⏭️  Skipped - no changes needed
2026-03-25 17:00:09 [INFO]: [PB-S-18195-1] ⏭️  Skipped - no changes needed
2026-03-25 17:00:09 [INFO]: [PB-S-15992] ⏭️  Skipped - no changes needed
2026-03-25 17:00:09 [INFO]: [PB-S-15991] ⏭️  Skipped - no changes needed
2026-03-25 17:00:09 [INFO]: [PB-S-18342] ⏭️  Skipped - no changes needed
2026-03-25 17:00:09 [INFO]: [PB-S-15990] ⏭️  Skipped - no changes needed
2026-03-25 17:00:09 [INFO]: [PB-S-15989] ⏭️  Skipped - no changes needed
2026-03-25 17:00:09 [INFO]: [PB-S-18332] ⏭️  Skipped - no changes needed
2026-03-25 17:00:09 [INFO]: [PB-S-18336] ⏭️  Skipped - no changes needed
2026-03-25 17:00:09 [INFO]: [PB-S-18387] ⏭️  Skipped - no changes needed
2026-03-25 17:00:09 [INFO]: [PB-S-18334] ⏭️  Skipped - no changes needed
2026-03-25 17:00:09 [INFO]: [PB-S-18335] ⏭️  Skipped - no changes needed
2026-03-25 17:00:09 [INFO]: [PB-S-16007] ⏭️  Skipped - no changes needed
2026-03-25 17:00:09 [INFO]: [PB-S-16006] ⏭️  Skipped - no changes needed
2026-03-25 17:00:09 [INFO]: [PB-S-16008] ⏭️  Skipped - no changes needed
2026-03-25 17:00:09 [INFO]: [PB-S-16010] ⏭️  Skipped - no changes needed
2026-03-25 17:00:09 [INFO]: [PB-S-16003] ⏭️  Skipped - no changes needed
2026-03-25 17:00:09 [INFO]: [PB-S-16001] ⏭️  Skipped - no changes needed
2026-03-25 17:00:09 [INFO]: [PB-S-16011] ⏭️  Skipped - no changes needed
2026-03-25 17:00:09 [INFO]: [PB-S-16014] ⏭️  Skipped - no changes needed
2026-03-25 17:00:09 [INFO]: [PB-S-15918] ⏭️  Skipped - no changes needed
2026-03-25 17:00:09 [INFO]: [PB-S-15988] ⏭️  Skipped - no changes needed
2026-03-25 17:00:09 [INFO]: [PB-S-15987] ⏭️  Skipped - no changes needed
2026-03-25 17:00:09 [INFO]: [PB-S-15986] ⏭️  Skipped - no changes needed
2026-03-25 17:00:09 [INFO]: [PB-S-15985] ⏭️  Skipped - no changes needed
2026-03-25 17:00:09 [INFO]: [PB-S-15984] ⏭️  Skipped - no changes needed
2026-03-25 17:00:09 [INFO]: [PB-S-15982] ⏭️  Skipped - no changes needed
2026-03-25 17:00:09 [INFO]: [PB-S-15980] ⏭️  Skipped - no changes needed
2026-03-25 17:00:09 [INFO]: [PB-S-15979] ⏭️  Skipped - no changes needed
2026-03-25 17:00:09 [INFO]: [PB-S-15978] ⏭️  Skipped - no changes needed
2026-03-25 17:00:09 [INFO]: [PB-S-16013] ⏭️  Skipped - no changes needed
2026-03-25 17:00:09 [INFO]: [PB-S-15977] ⏭️  Skipped - no changes needed
2026-03-25 17:00:09 [INFO]: [PB-S-15975] ⏭️  Skipped - no changes needed
2026-03-25 17:00:09 [INFO]: [PB-S-15974] ⏭️  Skipped - no changes needed
2026-03-25 17:00:09 [INFO]: [PB-S-15971] ⏭️  Skipped - no changes needed
2026-03-25 17:00:09 [INFO]: [PB-S-15970] ⏭️  Skipped - no changes needed
2026-03-25 17:00:09 [INFO]: [PB-S-15969] ⏭️  Skipped - no changes needed
2026-03-25 17:00:09 [INFO]: [PB-S-16004] ⏭️  Skipped - no changes needed
2026-03-25 17:00:09 [INFO]: [PB-S-15968] ⏭️  Skipped - no changes needed
2026-03-25 17:00:09 [INFO]: [PB-S-15967] ⏭️  Skipped - no changes needed
2026-03-25 17:00:09 [INFO]: [PB-S-15966] ⏭️  Skipped - no changes needed
2026-03-25 17:00:09 [INFO]: [PB-S-15965] ⏭️  Skipped - no changes needed
2026-03-25 17:00:09 [INFO]: [PB-S-15963] ⏭️  Skipped - no changes needed
2026-03-25 17:00:09 [INFO]: [PB-S-15962] ⏭️  Skipped - no changes needed
2026-03-25 17:00:09 [INFO]: [PB-S-15960] ⏭️  Skipped - no changes needed
2026-03-25 17:00:09 [INFO]: [PB-S-15959] ⏭️  Skipped - no changes needed
2026-03-25 17:00:09 [INFO]: [PB-S-15958] ⏭️  Skipped - no changes needed
2026-03-25 17:00:09 [INFO]: [PB-S-15994] ⏭️  Skipped - no changes needed
2026-03-25 17:00:09 [INFO]: [PB-S-15957] ⏭️  Skipped - no changes needed
2026-03-25 17:00:09 [INFO]: [PB-S-15954] ⏭️  Skipped - no changes needed
2026-03-25 17:00:09 [INFO]: [PB-S-15951] ⏭️  Skipped - no changes needed
2026-03-25 17:00:09 [INFO]: [PB-S-15981] ⏭️  Skipped - no changes needed
2026-03-25 17:00:09 [INFO]: [PB-S-15949] ⏭️  Skipped - no changes needed
2026-03-25 17:00:09 [INFO]: [PB-S-15948] ⏭️  Skipped - no changes needed
2026-03-25 17:00:09 [INFO]: [PB-S-15947] ⏭️  Skipped - no changes needed
2026-03-25 17:00:09 [INFO]: [PB-S-15946] ⏭️  Skipped - no changes needed
2026-03-25 17:00:09 [INFO]: [PB-S-15945] ⏭️  Skipped - no changes needed
2026-03-25 17:00:09 [INFO]: [PB-S-15944] ⏭️  Skipped - no changes needed
2026-03-25 17:00:09 [INFO]: [PB-S-15942] ⏭️  Skipped - no changes needed
2026-03-25 17:00:09 [INFO]: [PB-S-15976] ⏭️  Skipped - no changes needed
2026-03-25 17:00:09 [INFO]: [PB-S-15941] ⏭️  Skipped - no changes needed
2026-03-25 17:00:09 [INFO]: [PB-S-15940] ⏭️  Skipped - no changes needed
2026-03-25 17:00:09 [INFO]: [PB-S-15973] ⏭️  Skipped - no changes needed
2026-03-25 17:00:09 [INFO]: [PB-S-15939] ⏭️  Skipped - no changes needed
2026-03-25 17:00:09 [INFO]: [PB-S-15938] ⏭️  Skipped - no changes needed
2026-03-25 17:00:09 [INFO]: [PB-S-15936] ⏭️  Skipped - no changes needed
2026-03-25 17:00:09 [INFO]: [PB-S-15935] ⏭️  Skipped - no changes needed
2026-03-25 17:00:09 [INFO]: [PB-S-15934] ⏭️  Skipped - no changes needed
2026-03-25 17:00:09 [INFO]: [PB-S-15932] ⏭️  Skipped - no changes needed
2026-03-25 17:00:09 [INFO]: [PB-S-15931] ⏭️  Skipped - no changes needed
2026-03-25 17:00:09 [INFO]: [PB-S-15930] ⏭️  Skipped - no changes needed
2026-03-25 17:00:09 [INFO]: [PB-S-15929] ⏭️  Skipped - no changes needed
2026-03-25 17:00:09 [INFO]: [PB-S-15928] ⏭️  Skipped - no changes needed
2026-03-25 17:00:09 [INFO]: [PB-S-15927] ⏭️  Skipped - no changes needed
2026-03-25 17:00:09 [INFO]: [PB-S-15925] ⏭️  Skipped - no changes needed
2026-03-25 17:00:09 [INFO]: [PB-S-16002] ⏭️  Skipped - no changes needed
2026-03-25 17:00:09 [INFO]: [PB-S-15924] ⏭️  Skipped - no changes needed
2026-03-25 17:00:09 [INFO]: [PB-S-15923] ⏭️  Skipped - no changes needed
2026-03-25 17:00:09 [INFO]: [PB-S-15922] ⏭️  Skipped - no changes needed
2026-03-25 17:00:09 [INFO]: [PB-S-15921] ⏭️  Skipped - no changes needed
2026-03-25 17:00:09 [INFO]: [PB-S-15964] ⏭️  Skipped - no changes needed
2026-03-25 17:00:09 [INFO]: [PB-S-15920] ⏭️  Skipped - no changes needed
2026-03-25 17:00:09 [INFO]: [PB-S-15919] ⏭️  Skipped - no changes needed
2026-03-25 17:00:09 [INFO]: [PB-S-15961] ⏭️  Skipped - no changes needed
2026-03-25 17:00:09 [INFO]: [PB-S-15916] ⏭️  Skipped - no changes needed
2026-03-25 17:00:09 [INFO]: [PB-S-15956] ⏭️  Skipped - no changes needed
2026-03-25 17:00:09 [INFO]: [PB-S-15913] ⏭️  Skipped - no changes needed
2026-03-25 17:00:09 [INFO]: [PB-S-15912] ⏭️  Skipped - no changes needed
2026-03-25 17:00:09 [INFO]: [PB-S-15911] ⏭️  Skipped - no changes needed
2026-03-25 17:00:09 [INFO]: [PB-S-15910] ⏭️  Skipped - no changes needed
2026-03-25 17:00:09 [INFO]: [PB-S-15909] ⏭️  Skipped - no changes needed
2026-03-25 17:00:09 [INFO]: [PB-S-15908] ⏭️  Skipped - no changes needed
2026-03-25 17:00:09 [INFO]: [PB-S-15937] ⏭️  Skipped - no changes needed
2026-03-25 17:00:09 [INFO]: [PB-S-15933] ⏭️  Skipped - no changes needed
2026-03-25 17:00:09 [INFO]: [PB-S-15906] ⏭️  Skipped - no changes needed
2026-03-25 17:00:09 [INFO]: [PB-S-15953] ⏭️  Skipped - no changes needed
2026-03-25 17:00:09 [INFO]: [PB-S-16012] ⏭️  Skipped - no changes needed
2026-03-25 17:00:09 [INFO]: [PB-S-15943] ⏭️  Skipped - no changes needed
2026-03-25 17:00:09 [INFO]: [PB-S-15983] ⏭️  Skipped - no changes needed
2026-03-25 17:00:09 [INFO]: [PB-S-15917] ⏭️  Skipped - no changes needed
2026-03-25 17:00:09 [INFO]: [PB-S-16005] ⏭️  Skipped - no changes needed
2026-03-25 17:00:09 [INFO]: [PB-S-15926] ⏭️  Skipped - no changes needed
2026-03-25 17:00:09 [INFO]: [PB-S-15879] ⏭️  Skipped - no changes needed
2026-03-25 17:00:09 [INFO]: [PB-S-15878] ⏭️  Skipped - no changes needed
2026-03-25 17:00:09 [INFO]: [PB-S-15859] ⏭️  Skipped - no changes needed
2026-03-25 17:00:09 [INFO]: [PB-S-14387-6] ⏭️  Skipped - no changes needed
2026-03-25 17:00:09 [INFO]: [PB-S-14389] ⏭️  Skipped - no changes needed
2026-03-25 17:00:09 [INFO]: [PB-S-14393-3] ⏭️  Skipped - no changes needed
2026-03-25 17:00:09 [INFO]: [PB-S-14141] ⏭️  Skipped - no changes needed
2026-03-25 17:00:09 [INFO]: [PB-S-15767-1] ⏭️  Skipped - no changes needed
2026-03-25 17:00:09 [INFO]: [PB-S-15779-2] ⏭️  Skipped - no changes needed
2026-03-25 17:00:09 [INFO]: [PB-S-15227] ⏭️  Skipped - no changes needed
2026-03-25 17:00:09 [INFO]: [PB-S-15216] ⏭️  Skipped - no changes needed
2026-03-25 17:00:09 [INFO]: [PB-S-14035] ⏭️  Skipped - no changes needed
2026-03-25 17:00:09 [INFO]: [PB-S-14036] ⏭️  Skipped - no changes needed
2026-03-25 17:00:09 [INFO]: [PB-S-14077] ⏭️  Skipped - no changes needed
2026-03-25 17:00:09 [INFO]: [PB-S-13990] ⏭️  Skipped - no changes needed
2026-03-25 17:00:09 [INFO]: [PB-S-13937] ⏭️  Skipped - no changes needed
2026-03-25 17:00:09 [INFO]: [PB-S-13156] ⏭️  Skipped - no changes needed
2026-03-25 17:00:09 [INFO]: [PB-S-13607] ⏭️  Skipped - no changes needed
2026-03-25 17:00:09 [INFO]: [PB-S-13146] ⏭️  Skipped - no changes needed
2026-03-25 17:00:09 [INFO]: [PB-S-13883] ⏭️  Skipped - no changes needed
2026-03-25 17:00:09 [INFO]: [PB-S-14031] ⏭️  Skipped - no changes needed
2026-03-25 17:00:09 [INFO]: [PB-S-13903] ⏭️  Skipped - no changes needed
2026-03-25 17:00:09 [INFO]: [PB-S-14000] ⏭️  Skipped - no changes needed
2026-03-25 17:00:09 [INFO]: [PB-S-13946] ⏭️  Skipped - no changes needed
2026-03-25 17:00:09 [INFO]: [PB-S-13957] ⏭️  Skipped - no changes needed
2026-03-25 17:00:09 [INFO]: [PB-S-13953] ⏭️  Skipped - no changes needed
2026-03-25 17:00:09 [INFO]: [PB-S-13952-10] ⏭️  Skipped - no changes needed
2026-03-25 17:00:09 [INFO]: [PB-S-13949] ⏭️  Skipped - no changes needed
2026-03-25 17:00:09 [INFO]: [PB-S-13947] ⏭️  Skipped - no changes needed
2026-03-25 17:00:09 [INFO]: [PB-S-13942] ⏭️  Skipped - no changes needed
2026-03-25 17:00:09 [INFO]: [PB-S-13948] ⏭️  Skipped - no changes needed
2026-03-25 17:00:09 [INFO]: [PB-S-9886] ⏭️  Skipped - no changes needed
2026-03-25 17:00:09 [INFO]: [PB-S-11558] ⏭️  Skipped - no changes needed
2026-03-25 17:00:09 [INFO]: [PB-S-11489-2] ⏭️  Skipped - no changes needed
2026-03-25 17:00:09 [INFO]: [PB-S-11559] ⏭️  Skipped - no changes needed
2026-03-25 17:00:09 [INFO]: [PB-S-12025-3] ⏭️  Skipped - no changes needed
2026-03-25 17:00:09 [INFO]: [PB-S-12098-4] ⏭️  Skipped - no changes needed
2026-03-25 17:00:09 [INFO]: [PB-S-11279] ⏭️  Skipped - no changes needed
2026-03-25 17:00:09 [INFO]: [PB-S-11571] ⏭️  Skipped - no changes needed
2026-03-25 17:00:09 [INFO]: [PB-S-11580] ⏭️  Skipped - no changes needed
2026-03-25 17:00:09 [INFO]: [PB-S-11581] ⏭️  Skipped - no changes needed
2026-03-25 17:00:09 [INFO]: [PB-S-8572] ⏭️  Skipped - no changes needed
2026-03-25 17:00:09 [INFO]: [PB-S-9338] ⏭️  Skipped - no changes needed
2026-03-25 17:00:09 [INFO]: [PB-S-9466] ⏭️  Skipped - no changes needed
2026-03-25 17:00:09 [INFO]: [PB-S-5184] 📍 Adding/Updating address_information: {
  "Longitude_Latitude": "55.17034, 25.05415"
}
2026-03-25 17:00:09 [INFO]: [PB-S-5184] ✏️  Queueing partial update
2026-03-25 17:00:09 [INFO]: [PB-S-5221] ⏭️  Skipped - no changes needed
2026-03-25 17:00:09 [INFO]: [PB-S-10153] ⏭️  Skipped - no changes needed
2026-03-25 17:00:09 [INFO]: [PB-S-9851] ⏭️  Skipped - no changes needed
2026-03-25 17:00:09 [INFO]: [PB-S-12734] ⏭️  Skipped - no changes needed
2026-03-25 17:00:09 [INFO]: [PB-S-14138] ⏭️  Skipped - no changes needed
2026-03-25 17:00:09 [INFO]: [PB-S-2382] ⏭️  Skipped - no changes needed
2026-03-25 17:00:09 [INFO]: [PB-S-14229] ⏭️  Skipped - no changes needed
2026-03-25 17:00:09 [INFO]: [PB-S-21883] ⏭️  Skipped - no changes needed
2026-03-25 17:00:09 [INFO]: [PB-S-1079] 📍 Adding/Updating address_information: {
  "Longitude_Latitude": "55.13703, 25.11323"
}
2026-03-25 17:00:09 [INFO]: [PB-S-1079] ✏️  Queueing partial update
2026-03-25 17:00:09 [INFO]: [PB-S-15972] ⏭️  Skipped - no changes needed
2026-03-25 17:00:09 [INFO]: [PB-S-12685] ⏭️  Skipped - no changes needed
2026-03-25 17:00:09 [INFO]: [PB-S-21982] ⏭️  Skipped - no changes needed
2026-03-25 17:00:09 [INFO]: [PB-S-14304] ⏭️  Skipped - no changes needed
2026-03-25 17:00:09 [INFO]: [PB-S-12692] ⏭️  Skipped - no changes needed
2026-03-25 17:00:09 [INFO]: [PB-S-14377] ⏭️  Skipped - no changes needed
2026-03-25 17:00:09 [INFO]: [PB-S-14213] ⏭️  Skipped - no changes needed
2026-03-25 17:00:09 [INFO]: [PB-S-13976] ⏭️  Skipped - no changes needed
2026-03-25 17:00:09 [INFO]: [PB-R-16083-1] ⏭️  Skipped - no changes needed
2026-03-25 17:00:09 [INFO]: [PB-S-22118] ⏭️  Skipped - no changes needed
2026-03-25 17:00:09 [INFO]: [PB-S-18329] ⏭️  Skipped - no changes needed
2026-03-25 17:00:09 [INFO]: [PB-S-22045] ⏭️  Skipped - no changes needed
2026-03-25 17:00:09 [INFO]: [PB-S-22104] ⏭️  Skipped - no changes needed
2026-03-25 17:00:09 [INFO]: [PB-S-18338] ⏭️  Skipped - no changes needed
2026-03-25 17:00:09 [INFO]: [PB-S-13682-1] 📍 Adding/Updating address_information: {
  "Longitude_Latitude": "25.10801, 55.14608"
}
2026-03-25 17:00:09 [INFO]: [PB-S-13682-1] ✏️  Queueing partial update
2026-03-25 17:00:09 [INFO]: [PB-S-18243] ⏭️  Skipped - no changes needed
2026-03-25 17:00:09 [INFO]: [PB-S-14271] ⏭️  Skipped - no changes needed
2026-03-25 17:00:09 [INFO]: [PB-S-18536] ⏭️  Skipped - no changes needed
2026-03-25 17:00:09 [INFO]: [PB-S-21911] ⏭️  Skipped - no changes needed
2026-03-25 17:00:09 [INFO]: [PB-S-13904] ⏭️  Skipped - no changes needed
2026-03-25 17:00:09 [INFO]: [PB-S-6045] ⏭️  Skipped - no changes needed
2026-03-25 17:00:09 [INFO]: [PB-S-14522] ⏭️  Skipped - no changes needed
2026-03-25 17:00:09 [INFO]: [PB-S-13626] ⏭️  Skipped - no changes needed
2026-03-25 17:00:09 [INFO]: [PB-S-16066] ⏭️  Skipped - no changes needed
2026-03-25 17:00:09 [INFO]: [PB-S-16041] ⏭️  Skipped - no changes needed
2026-03-25 17:00:09 [INFO]: [PB-S-16064] ⏭️  Skipped - no changes needed
2026-03-25 17:00:09 [INFO]: [PB-S-18422] ⏭️  Skipped - no changes needed
2026-03-25 17:00:09 [INFO]: [PB-S-3763] ⏭️  Skipped - no changes needed
2026-03-25 17:00:09 [INFO]: [PB-S-18240] ⏭️  Skipped - no changes needed
2026-03-25 17:00:09 [INFO]: [PB-R-13779] ⏭️  Skipped - no changes needed
2026-03-25 17:00:09 [INFO]: [PB-R-13651] ⏭️  Skipped - no changes needed
2026-03-25 17:00:09 [INFO]: [PB-R-7776] ⏭️  Skipped - no changes needed
2026-03-25 17:00:09 [INFO]: [PB-S-15414] ⏭️  Skipped - no changes needed
2026-03-25 17:00:09 [INFO]: [PB-S-14489] ⏭️  Skipped - no changes needed
2026-03-25 17:00:09 [INFO]: [PB-S-15412] ⏭️  Skipped - no changes needed
2026-03-25 17:00:09 [INFO]: [PB-S-15134] ⏭️  Skipped - no changes needed
2026-03-25 17:00:09 [INFO]: [PB-S-18393] ⏭️  Skipped - no changes needed
2026-03-25 17:00:09 [INFO]: [PB-S-5750-5] 📍 Adding/Updating address_information: {
  "Longitude_Latitude": "55.14756, 25.09051"
}
2026-03-25 17:00:09 [INFO]: [PB-S-5750-5] ✏️  Queueing partial update
2026-03-25 17:00:09 [INFO]: [PB-S-18510] ⏭️  Skipped - no changes needed
2026-03-25 17:00:09 [INFO]: [PB-S-3044] 📍 Adding/Updating address_information: {
  "Longitude_Latitude": "55.1414001, 25.0817704"
}
2026-03-25 17:00:09 [INFO]: [PB-S-3044] ✏️  Queueing partial update
2026-03-25 17:00:09 [INFO]: [PB-S-7381] ⏭️  Skipped - no changes needed
2026-03-25 17:00:09 [INFO]: [PB-S-16043] ⏭️  Skipped - no changes needed
2026-03-25 17:00:09 [INFO]: [PB-S-18472] ⏭️  Skipped - no changes needed
2026-03-25 17:00:09 [INFO]: [PB-S-18471] ⏭️  Skipped - no changes needed
2026-03-25 17:00:09 [INFO]: [PB-S-18258] ⏭️  Skipped - no changes needed
2026-03-25 17:00:09 [INFO]: [PB-S-14320] ⏭️  Skipped - no changes needed
2026-03-25 17:00:09 [INFO]: [PB-S-18394] ⏭️  Skipped - no changes needed
2026-03-25 17:00:09 [INFO]: [PB-R-15782] ⏭️  Skipped - no changes needed
2026-03-25 17:00:09 [INFO]: [PB-S-14321] ⏭️  Skipped - no changes needed
2026-03-25 17:00:09 [INFO]: [PB-S-14137] ⏭️  Skipped - no changes needed
2026-03-25 17:00:09 [INFO]: [PB-S-13623] ⏭️  Skipped - no changes needed
2026-03-25 17:00:09 [INFO]: [PB-S-13805] ⏭️  Skipped - no changes needed
2026-03-25 17:00:09 [INFO]: [PB-S-14369] ⏭️  Skipped - no changes needed
2026-03-25 17:00:09 [INFO]: [PB-S-14371] ⏭️  Skipped - no changes needed
2026-03-25 17:00:09 [INFO]: [PB-S-15133] ⏭️  Skipped - no changes needed
2026-03-25 17:00:09 [INFO]: [PB-S-13817] ⏭️  Skipped - no changes needed
2026-03-25 17:00:09 [INFO]: [PB-S-13637] ⏭️  Skipped - no changes needed
2026-03-25 17:00:09 [INFO]: [PB-S-13630] ⏭️  Skipped - no changes needed
2026-03-25 17:00:09 [INFO]: [PB-S-15271] ⏭️  Skipped - no changes needed
2026-03-25 17:00:09 [INFO]: [PB-S-16039] ⏭️  Skipped - no changes needed
2026-03-25 17:00:09 [INFO]: [PB-S-13484] ⏭️  Skipped - no changes needed
2026-03-25 17:00:09 [INFO]: [PB-S-14338] ⏭️  Skipped - no changes needed
2026-03-25 17:00:09 [INFO]: [PB-S-12898-1] ⏭️  Skipped - no changes needed
2026-03-25 17:00:09 [INFO]: [PB-S-14382] ⏭️  Skipped - no changes needed
2026-03-25 17:00:09 [INFO]: [PB-S-14385] ⏭️  Skipped - no changes needed
2026-03-25 17:00:09 [INFO]: [PB-S-14386] ⏭️  Skipped - no changes needed
2026-03-25 17:00:09 [INFO]: [PB-S-14336] ⏭️  Skipped - no changes needed
2026-03-25 17:00:09 [INFO]: [PB-S-14100-9] ⏭️  Skipped - no changes needed
2026-03-25 17:00:09 [INFO]: [PB-S-14428] ⏭️  Skipped - no changes needed
2026-03-25 17:00:09 [INFO]: [PB-S-14355] ⏭️  Skipped - no changes needed
2026-03-25 17:00:09 [INFO]: [PB-S-11614] ⏭️  Skipped - no changes needed
2026-03-25 17:00:09 [INFO]: [PB-S-14349] ⏭️  Skipped - no changes needed
2026-03-25 17:00:09 [INFO]: [PB-S-14005] ⏭️  Skipped - no changes needed
2026-03-25 17:00:09 [INFO]: [PB-S-14337] ⏭️  Skipped - no changes needed
2026-03-25 17:00:09 [INFO]: [PB-S-13655] ⏭️  Skipped - no changes needed
2026-03-25 17:00:09 [INFO]: [PB-S-12084-1] ⏭️  Skipped - no changes needed
2026-03-25 17:00:09 [INFO]: [PB-S-12205] ⏭️  Skipped - no changes needed
2026-03-25 17:00:09 [INFO]: [PB-S-11765] ⏭️  Skipped - no changes needed
2026-03-25 17:00:09 [INFO]: [PB-S-1100] ⏭️  Skipped - no changes needed
2026-03-25 17:00:09 [INFO]: [PB-S-1438] 📍 Adding/Updating address_information: {
  "Longitude_Latitude": "55.13466, 25.11724"
}
2026-03-25 17:00:09 [INFO]: [PB-S-1438] ✏️  Queueing partial update
2026-03-25 17:00:09 [INFO]: [PB-S-12641] ⏭️  Skipped - no changes needed
2026-03-25 17:00:09 [INFO]: [PB-S-14220] ⏭️  Skipped - no changes needed
2026-03-25 17:00:09 [INFO]: [PB-S-13890] ⏭️  Skipped - no changes needed
2026-03-25 17:00:09 [INFO]: [PB-S-14238] ⏭️  Skipped - no changes needed
2026-03-25 17:00:09 [INFO]: [PB-S-12969] ⏭️  Skipped - no changes needed
2026-03-25 17:00:09 [INFO]: [PB-S-14350] ⏭️  Skipped - no changes needed
2026-03-25 17:00:09 [INFO]: [PB-S-13713] ⏭️  Skipped - no changes needed
2026-03-25 17:00:09 [INFO]: [PB-R-10183] ⏭️  Skipped - no changes needed
2026-03-25 17:00:09 [INFO]: [PB-S-3197] 📍 Adding/Updating address_information: {
  "Longitude_Latitude": "55.14756, 25.09051"
}
2026-03-25 17:00:09 [INFO]: [PB-S-3197] ✏️  Queueing partial update
2026-03-25 17:00:09 [INFO]: [PB-S-10120] ⏭️  Skipped - no changes needed
2026-03-25 17:00:09 [INFO]: [PB-S-12846] ⏭️  Skipped - no changes needed
2026-03-25 17:00:09 [INFO]: [PB-S-11499] ⏭️  Skipped - no changes needed
2026-03-25 17:00:09 [INFO]: [PB-S-18260] ⏭️  Skipped - no changes needed
2026-03-25 17:00:09 [INFO]: [PB-S-11992-1] 📍 Adding/Updating address_information: {
  "Longitude_Latitude": "55.14756, 25.09051"
}
2026-03-25 17:00:09 [INFO]: [PB-S-11992-1] ✏️  Queueing partial update
2026-03-25 17:00:09 [INFO]: [PB-S-11550] ⏭️  Skipped - no changes needed
2026-03-25 17:00:09 [INFO]: [PB-S-9958] ⏭️  Skipped - no changes needed
2026-03-25 17:00:09 [INFO]: [PB-S-18287] ⏭️  Skipped - no changes needed
2026-03-25 17:00:09 [INFO]: [PB-S-13724] ⏭️  Skipped - no changes needed
2026-03-25 17:00:09 [INFO]: [PB-S-14394] ⏭️  Skipped - no changes needed
2026-03-25 17:00:09 [INFO]: [PB-S-14095-11] ⏭️  Skipped - no changes needed
2026-03-25 17:00:09 [INFO]: [PB-S-10709] ⏭️  Skipped - no changes needed
2026-03-25 17:00:09 [INFO]: [PB-S-10710] ⏭️  Skipped - no changes needed
2026-03-25 17:00:09 [INFO]: [PB-S-13132] ⏭️  Skipped - no changes needed
2026-03-25 17:00:09 [INFO]: [PB-S-8772] ⏭️  Skipped - no changes needed
2026-03-25 17:00:09 [INFO]: [PB-S-13834] ⏭️  Skipped - no changes needed
2026-03-25 17:00:09 [INFO]: [PB-S-15136] ⏭️  Skipped - no changes needed
2026-03-25 17:00:09 [INFO]: [PB-S-13832] ⏭️  Skipped - no changes needed
2026-03-25 17:00:09 [INFO]: [PB-S-12834] ⏭️  Skipped - no changes needed
2026-03-25 17:00:09 [INFO]: [PB-S-14373] ⏭️  Skipped - no changes needed
2026-03-25 17:00:09 [INFO]: [PB-S-12747] ⏭️  Skipped - no changes needed
2026-03-25 17:00:09 [INFO]: [PB-S-12788] ⏭️  Skipped - no changes needed
2026-03-25 17:00:09 [INFO]: [PB-S-12835] ⏭️  Skipped - no changes needed
2026-03-25 17:00:09 [INFO]: [PB-S-10997] ⏭️  Skipped - no changes needed
2026-03-25 17:00:09 [INFO]: [PB-S-13090] ⏭️  Skipped - no changes needed
2026-03-25 17:00:09 [INFO]: [PB-S-14246] ⏭️  Skipped - no changes needed
2026-03-25 17:00:09 [INFO]: [PB-S-15163] ⏭️  Skipped - no changes needed
2026-03-25 17:00:09 [INFO]: [PB-S-15784] ⏭️  Skipped - no changes needed
2026-03-25 17:00:09 [INFO]: [PB-S-13775] ⏭️  Skipped - no changes needed
2026-03-25 17:00:09 [INFO]: [PB-S-12762] ⏭️  Skipped - no changes needed
2026-03-25 17:00:09 [INFO]: [PB-S-13819] ⏭️  Skipped - no changes needed
2026-03-25 17:00:09 [INFO]: [PB-S-14252] ⏭️  Skipped - no changes needed
2026-03-25 17:00:09 [INFO]: [PB-S-12573-2] ⏭️  Skipped - no changes needed
2026-03-25 17:00:09 [INFO]: [PB-S-13931] ⏭️  Skipped - no changes needed
2026-03-25 17:00:09 [INFO]: [PB-S-14251] ⏭️  Skipped - no changes needed
2026-03-25 17:00:09 [INFO]: [PB-S-14295] ⏭️  Skipped - no changes needed
2026-03-25 17:00:09 [INFO]: [PB-S-14209-5] ⏭️  Skipped - no changes needed
2026-03-25 17:00:09 [INFO]: [PB-S-14211] ⏭️  Skipped - no changes needed
2026-03-25 17:00:09 [INFO]: [PB-S-12643] ⏭️  Skipped - no changes needed
2026-03-25 17:00:09 [INFO]: [PB-S-12640] ⏭️  Skipped - no changes needed
2026-03-25 17:00:09 [INFO]: [PB-S-13510] ⏭️  Skipped - no changes needed
2026-03-25 17:00:09 [INFO]: [PB-S-13840] ⏭️  Skipped - no changes needed
2026-03-25 17:00:09 [INFO]: [PB-S-13018] ⏭️  Skipped - no changes needed
2026-03-25 17:00:09 [INFO]: [PB-S-14147] ⏭️  Skipped - no changes needed
2026-03-25 17:00:09 [INFO]: [PB-S-12716] ⏭️  Skipped - no changes needed
2026-03-25 17:00:09 [INFO]: [PB-R-7780] ⏭️  Skipped - no changes needed
2026-03-25 17:00:09 [INFO]: [PB-S-12693] ⏭️  Skipped - no changes needed
2026-03-25 17:00:09 [INFO]: [PB-S-12181] ⏭️  Skipped - no changes needed
2026-03-25 17:00:09 [INFO]: [PB-S-12704] ⏭️  Skipped - no changes needed
2026-03-25 17:00:09 [INFO]: [PB-S-12763] ⏭️  Skipped - no changes needed
2026-03-25 17:00:09 [INFO]: [PB-S-12631] ⏭️  Skipped - no changes needed
2026-03-25 17:00:09 [INFO]: [PB-S-12632] ⏭️  Skipped - no changes needed
2026-03-25 17:00:09 [INFO]: [PB-S-7530] ⏭️  Skipped - no changes needed
2026-03-25 17:00:09 [INFO]: [PB-S-12565] ⏭️  Skipped - no changes needed
2026-03-25 17:00:09 [INFO]: [PB-S-11381-1] ⏭️  Skipped - no changes needed
2026-03-25 17:00:09 [INFO]: [PB-S-13139] ⏭️  Skipped - no changes needed
2026-03-25 17:00:09 [INFO]: [PB-S-13137] ⏭️  Skipped - no changes needed
2026-03-25 17:00:09 [INFO]: [PB-S-13138] ⏭️  Skipped - no changes needed
2026-03-25 17:00:09 [INFO]: [PB-S-13133] ⏭️  Skipped - no changes needed
2026-03-25 17:00:09 [INFO]: [PB-S-13130] ⏭️  Skipped - no changes needed
2026-03-25 17:00:09 [INFO]: [PB-S-13129] ⏭️  Skipped - no changes needed
2026-03-25 17:00:09 [INFO]: [PB-S-13128] ⏭️  Skipped - no changes needed
2026-03-25 17:00:09 [INFO]: [PB-S-13120] ⏭️  Skipped - no changes needed
2026-03-25 17:00:09 [INFO]: [PB-S-13119] ⏭️  Skipped - no changes needed
2026-03-25 17:00:09 [INFO]: [PB-S-13118] ⏭️  Skipped - no changes needed
2026-03-25 17:00:09 [INFO]: [PB-S-13116] ⏭️  Skipped - no changes needed
2026-03-25 17:00:09 [INFO]: [PB-S-13135] ⏭️  Skipped - no changes needed
2026-03-25 17:00:09 [INFO]: [PB-S-13117] ⏭️  Skipped - no changes needed
2026-03-25 17:00:09 [INFO]: [PB-S-13115] ⏭️  Skipped - no changes needed
2026-03-25 17:00:09 [INFO]: [PB-S-13112] ⏭️  Skipped - no changes needed
2026-03-25 17:00:09 [INFO]: [PB-S-12954] ⏭️  Skipped - no changes needed
2026-03-25 17:00:09 [INFO]: [PB-S-12877] ⏭️  Skipped - no changes needed
2026-03-25 17:00:09 [INFO]: [PB-S-12850] ⏭️  Skipped - no changes needed
2026-03-25 17:00:09 [INFO]: [PB-S-12843] ⏭️  Skipped - no changes needed
2026-03-25 17:00:09 [INFO]: [PB-S-12841] ⏭️  Skipped - no changes needed
2026-03-25 17:00:09 [INFO]: [PB-S-12840] ⏭️  Skipped - no changes needed
2026-03-25 17:00:09 [INFO]: [PB-S-12839] ⏭️  Skipped - no changes needed
2026-03-25 17:00:09 [INFO]: [PB-S-12838] ⏭️  Skipped - no changes needed
2026-03-25 17:00:09 [INFO]: [PB-S-12831] ⏭️  Skipped - no changes needed
2026-03-25 17:00:09 [INFO]: [PB-S-12745] ⏭️  Skipped - no changes needed
2026-03-25 17:00:09 [INFO]: [PB-S-12721-1] ⏭️  Skipped - no changes needed
2026-03-25 17:00:09 [INFO]: [PB-S-12719] ⏭️  Skipped - no changes needed
2026-03-25 17:00:09 [INFO]: [PB-S-12709] ⏭️  Skipped - no changes needed
2026-03-25 17:00:09 [INFO]: [PB-S-12708] ⏭️  Skipped - no changes needed
2026-03-25 17:00:09 [INFO]: [PB-S-12707] ⏭️  Skipped - no changes needed
2026-03-25 17:00:09 [INFO]: [PB-S-12700] ⏭️  Skipped - no changes needed
2026-03-25 17:00:09 [INFO]: [PB-S-12691] ⏭️  Skipped - no changes needed
2026-03-25 17:00:09 [INFO]: [PB-S-12690] ⏭️  Skipped - no changes needed
2026-03-25 17:00:09 [INFO]: [PB-S-12688-1] ⏭️  Skipped - no changes needed
2026-03-25 17:00:09 [INFO]: [PB-S-12673] ⏭️  Skipped - no changes needed
2026-03-25 17:00:09 [INFO]: [PB-S-12607-1] ⏭️  Skipped - no changes needed
2026-03-25 17:00:09 [INFO]: [PB-S-12606-] ⏭️  Skipped - no changes needed
2026-03-25 17:00:09 [INFO]: [PB-S-12594] ⏭️  Skipped - no changes needed
2026-03-25 17:00:09 [INFO]: [PB-S-12593] ⏭️  Skipped - no changes needed
2026-03-25 17:00:09 [INFO]: [PB-S-12581-2] ⏭️  Skipped - no changes needed
2026-03-25 17:00:09 [INFO]: [PB-S-12567-2] ⏭️  Skipped - no changes needed
2026-03-25 17:00:09 [INFO]: [PB-S-12550] ⏭️  Skipped - no changes needed
2026-03-25 17:00:09 [INFO]: [PB-S-12547] ⏭️  Skipped - no changes needed
2026-03-25 17:00:09 [INFO]: [PB-S-12543] ⏭️  Skipped - no changes needed
2026-03-25 17:00:09 [INFO]: [PB-S-12544-1] ⏭️  Skipped - no changes needed
2026-03-25 17:00:09 [INFO]: [PB-S-12531-1] ⏭️  Skipped - no changes needed
2026-03-25 17:00:09 [INFO]: [PB-S-12529-1] ⏭️  Skipped - no changes needed
2026-03-25 17:00:09 [INFO]: [PB-S-12525-1] ⏭️  Skipped - no changes needed
2026-03-25 17:00:09 [INFO]: [PB-S-12292] ⏭️  Skipped - no changes needed
2026-03-25 17:00:09 [INFO]: [PB-S-12290] ⏭️  Skipped - no changes needed
2026-03-25 17:00:09 [INFO]: [PB-S-12264] ⏭️  Skipped - no changes needed
2026-03-25 17:00:09 [INFO]: [PB-S-12261] ⏭️  Skipped - no changes needed
2026-03-25 17:00:09 [INFO]: [PB-S-12260] ⏭️  Skipped - no changes needed
2026-03-25 17:00:09 [INFO]: [PB-S-12239-2] ⏭️  Skipped - no changes needed
2026-03-25 17:00:09 [INFO]: [PB-S-12227] ⏭️  Skipped - no changes needed
2026-03-25 17:00:09 [INFO]: [PB-S-12226] ⏭️  Skipped - no changes needed
2026-03-25 17:00:09 [INFO]: [PB-S-12161-2] ⏭️  Skipped - no changes needed
2026-03-25 17:00:09 [INFO]: [PB-S-12160-2] ⏭️  Skipped - no changes needed
2026-03-25 17:00:09 [INFO]: [PB-S-12034-2] ⏭️  Skipped - no changes needed
2026-03-25 17:00:09 [INFO]: [PB-S-11990] ⏭️  Skipped - no changes needed
2026-03-25 17:00:09 [INFO]: [PB-S-11890-1] ⏭️  Skipped - no changes needed
2026-03-25 17:00:09 [INFO]: [PB-S-11870] ⏭️  Skipped - no changes needed
2026-03-25 17:00:09 [INFO]: [PB-S-11831-1] ⏭️  Skipped - no changes needed
2026-03-25 17:00:09 [INFO]: [PB-S-11716] ⏭️  Skipped - no changes needed
2026-03-25 17:00:09 [INFO]: [PB-S-11402-1] ⏭️  Skipped - no changes needed
2026-03-25 17:00:09 [INFO]: [PB-S-11382-1] ⏭️  Skipped - no changes needed
2026-03-25 17:00:09 [INFO]: [PB-S-11082] ⏭️  Skipped - no changes needed
2026-03-25 17:00:09 [INFO]: [PB-S-10096] ⏭️  Skipped - no changes needed
2026-03-25 17:00:09 [INFO]: [PB-S-10094] ⏭️  Skipped - no changes needed
2026-03-25 17:00:09 [INFO]: [PB-S-5799] 📍 Adding/Updating address_information: {
  "Longitude_Latitude": "55.17034, 25.05413"
}
2026-03-25 17:00:09 [INFO]: [PB-S-5799] ✏️  Queueing partial update
2026-03-25 17:00:09 [INFO]: [PB-S-0360] ⏭️  Skipped - no changes needed
2026-03-25 17:00:09 [INFO]: [PB-S-13402] ⏭️  Skipped - no changes needed
2026-03-25 17:00:09 [INFO]: [PB-S-9954] ⏭️  Skipped - no changes needed
2026-03-25 17:00:09 [INFO]: [PB-S-11494-1] 📍 Adding/Updating address_information: {
  "Longitude_Latitude": "55.13669, 25.11376"
}
2026-03-25 17:00:09 [INFO]: [PB-S-11494-1] ✏️  Queueing partial update
2026-03-25 17:00:09 [INFO]: [PB-S-13846] ⏭️  Skipped - no changes needed
2026-03-25 17:00:09 [INFO]: [PB-S-13836] ⏭️  Skipped - no changes needed
2026-03-25 17:00:09 [INFO]: [PB-S-13831] ⏭️  Skipped - no changes needed
2026-03-25 17:00:09 [INFO]: [PB-S-13825] ⏭️  Skipped - no changes needed
2026-03-25 17:00:09 [INFO]: [PB-S-13959] ⏭️  Skipped - no changes needed
2026-03-25 17:00:09 [INFO]: [PB-S-11856] ⏭️  Skipped - no changes needed
2026-03-25 17:00:09 [INFO]: [PB-S-13381] ⏭️  Skipped - no changes needed
2026-03-25 17:00:09 [INFO]: [PB-R-13459] ⏭️  Skipped - no changes needed
2026-03-25 17:00:09 [INFO]: [PB-S-13761] ⏭️  Skipped - no changes needed
2026-03-25 17:00:09 [INFO]: [PB-S-13760] ⏭️  Skipped - no changes needed
2026-03-25 17:00:09 [INFO]: [PB-S-13722] ⏭️  Skipped - no changes needed
2026-03-25 17:00:09 [INFO]: [PB-S-12570-2] ⏭️  Skipped - no changes needed
2026-03-25 17:00:09 [INFO]: [PB-S-13710] ⏭️  Skipped - no changes needed
2026-03-25 17:00:09 [INFO]: [PB-S-13467] ⏭️  Skipped - no changes needed
2026-03-25 17:00:09 [INFO]: [PB-S-13687] ⏭️  Skipped - no changes needed
2026-03-25 17:00:09 [INFO]: [PB-S-13673] ⏭️  Skipped - no changes needed
2026-03-25 17:00:09 [INFO]: [PB-S-12748] ⏭️  Skipped - no changes needed
2026-03-25 17:00:09 [INFO]: [PB-S-13610] ⏭️  Skipped - no changes needed
2026-03-25 17:00:09 [INFO]: [PB-S-13598] ⏭️  Skipped - no changes needed
2026-03-25 17:00:09 [INFO]: [PB-S-13587] ⏭️  Skipped - no changes needed
2026-03-25 17:00:09 [INFO]: [PB-S-13113] ⏭️  Skipped - no changes needed
2026-03-25 17:00:09 [INFO]: [PB-S-13529] ⏭️  Skipped - no changes needed
2026-03-25 17:00:09 [INFO]: [PB-S-13141] ⏭️  Skipped - no changes needed
2026-03-25 17:00:09 [INFO]: [PB-S-13302] ⏭️  Skipped - no changes needed
2026-03-25 17:00:09 [INFO]: [PB-S-13916] ⏭️  Skipped - no changes needed
2026-03-25 17:00:09 [INFO]: [PB-S-13865] ⏭️  Skipped - no changes needed
2026-03-25 17:00:09 [INFO]: [PB-S-11975-2] ⏭️  Skipped - no changes needed
2026-03-25 17:00:09 [INFO]: [PB-S-14020] ⏭️  Skipped - no changes needed
2026-03-25 17:00:09 [INFO]: 
🚀 Executing bulk write with 608 operations...
2026-03-25 17:00:11 [INFO]: ✅ Bulk write completed successfully!

2026-03-25 17:00:11 [INFO]: ✅ [PB-R-37455] Created
2026-03-25 17:00:11 [INFO]: ✅ [PB-R-36780-2] Updated
2026-03-25 17:00:11 [INFO]: ✅ [PB-S-36732-1] Updated
2026-03-25 17:00:11 [INFO]: ✅ [PB-S-37258] Created
2026-03-25 17:00:11 [INFO]: ✅ [PB-R-37295] Updated
2026-03-25 17:00:11 [INFO]: ✅ [PB-S-22040-3] Updated
2026-03-25 17:00:11 [INFO]: ✅ [PB-S-21965-1] Updated
2026-03-25 17:00:11 [INFO]: ✅ [PB-S-12520-5] Updated
2026-03-25 17:00:11 [INFO]: ⏭️  [PB-R-37451] Skipped
2026-03-25 17:00:11 [INFO]: ✅ [PB-R-37414] Updated
2026-03-25 17:00:11 [INFO]: ✅ [PB-S-12702-6] Updated
2026-03-25 17:00:11 [INFO]: ✅ [PB-S-16095-2] Updated
2026-03-25 17:00:11 [INFO]: ✅ [PB-S-14093-4] Updated
2026-03-25 17:00:11 [INFO]: ✅ [PB-R-33908-1] Updated
2026-03-25 17:00:11 [INFO]: ✅ [PB-R-36031] Updated
2026-03-25 17:00:11 [INFO]: ✅ [PB-R-13933-4] Updated
2026-03-25 17:00:11 [INFO]: ✅ [PB-S-36053-1] Updated
2026-03-25 17:00:11 [INFO]: ✅ [PB-R-37248-1] Updated
2026-03-25 17:00:11 [INFO]: ✅ [PB-S-36887-1] Updated
2026-03-25 17:00:11 [INFO]: ✅ [PB-R-36062-2] Updated
2026-03-25 17:00:11 [INFO]: ✅ [PB-S-13474-7] Updated
2026-03-25 17:00:11 [INFO]: ✅ [PB-S-36063-1] Updated
2026-03-25 17:00:11 [INFO]: ✅ [PB-R-36358-2] Updated
2026-03-25 17:00:11 [INFO]: ✅ [PB-R-36303-1] Updated
2026-03-25 17:00:11 [INFO]: ✅ [PB-R-36664-1] Updated
2026-03-25 17:00:11 [INFO]: ✅ [PB-R-37075] Updated
2026-03-25 17:00:11 [INFO]: ✅ [PB-S-37255] Updated
2026-03-25 17:00:11 [INFO]: ✅ [PB-R-37436] Updated
2026-03-25 17:00:11 [INFO]: ⏭️  [PB-R-37422] Skipped
2026-03-25 17:00:11 [INFO]: ✅ [PB-S-37382] Updated
2026-03-25 17:00:11 [INFO]: ✅ [PB-S-34638-1] Updated
2026-03-25 17:00:11 [INFO]: ✅ [PB-S-21937-2] Updated
2026-03-25 17:00:11 [INFO]: ✅ [PB-S-1613-3] Updated
2026-03-25 17:00:11 [INFO]: ✅ [PB-S-11194-7] Updated
2026-03-25 17:00:11 [INFO]: ✅ [PB-R-37247] Updated
2026-03-25 17:00:11 [INFO]: ✅ [PB-S-11422-4] Updated
2026-03-25 17:00:11 [INFO]: ⏭️  [PB-S-37417] Skipped
2026-03-25 17:00:11 [INFO]: ⏭️  [PB-S-37420] Skipped
2026-03-25 17:00:11 [INFO]: ⏭️  [PB-S-37429] Skipped
2026-03-25 17:00:11 [INFO]: ⏭️  [PB-S-37426] Skipped
2026-03-25 17:00:11 [INFO]: ⏭️  [PB-R-37127] Skipped
2026-03-25 17:00:11 [INFO]: ✅ [PB-R-37375] Updated
2026-03-25 17:00:11 [INFO]: ⏭️  [PB-S-12861-1] Skipped
2026-03-25 17:00:11 [INFO]: ✅ [PB-S-37381] Updated
2026-03-25 17:00:11 [INFO]: ✅ [PB-S-36873-2] Updated
2026-03-25 17:00:11 [INFO]: ⏭️  [PB-S-37425] Skipped
2026-03-25 17:00:11 [INFO]: ⏭️  [PB-S-37423] Skipped
2026-03-25 17:00:11 [INFO]: ✅ [PB-R-37434] Updated
2026-03-25 17:00:11 [INFO]: ⏭️  [PB-R-37424] Skipped
2026-03-25 17:00:11 [INFO]: ⏭️  [PB-S-37432] Skipped
2026-03-25 17:00:11 [INFO]: ✅ [PB-S-12600-10] Updated
2026-03-25 17:00:11 [INFO]: ✅ [PB-S-37184] Updated
2026-03-25 17:00:11 [INFO]: ✅ [PB-R-36577-1] Updated
2026-03-25 17:00:11 [INFO]: ✅ [PB-S-9455-2] Updated
2026-03-25 17:00:11 [INFO]: ✅ [PB-S-33931-2] Updated
2026-03-25 17:00:11 [INFO]: ✅ [PB-S-12601-9] Updated
2026-03-25 17:00:11 [INFO]: ✅ [PB-S-31077-2] Updated
2026-03-25 17:00:11 [INFO]: ✅ [PB-S-36587] Updated
2026-03-25 17:00:11 [INFO]: ✅ [PB-S-28622-4] Updated
2026-03-25 17:00:11 [INFO]: ✅ [PB-S-36627-1] Updated
2026-03-25 17:00:11 [INFO]: ✅ [PB-S-10042-1] Updated
2026-03-25 17:00:11 [INFO]: ✅ [PB-S-12104-10] Updated
2026-03-25 17:00:11 [INFO]: ✅ [PB-S-14311] Updated
2026-03-25 17:00:11 [INFO]: ⏭️  [PB-R-37363] Skipped
2026-03-25 17:00:11 [INFO]: ✅ [PB-S-11960-7] Updated
2026-03-25 17:00:11 [INFO]: ⏭️  [PB-R-37351] Skipped
2026-03-25 17:00:11 [INFO]: ✅ [PB-R-36004-1] Updated
2026-03-25 17:00:11 [INFO]: ✅ [PB-S-36817-1] Updated
2026-03-25 17:00:11 [INFO]: ✅ [PB-S-5717-4] Updated
2026-03-25 17:00:11 [INFO]: ✅ [PB-S-12137-4] Updated
2026-03-25 17:00:11 [INFO]: ✅ [PB-R-37394] Updated
2026-03-25 17:00:11 [INFO]: ✅ [PB-S-37413] Updated
2026-03-25 17:00:11 [INFO]: ✅ [PB-R-36030-1] Updated
2026-03-25 17:00:11 [INFO]: ✅ [PB-R-35979-1] Updated
2026-03-25 17:00:11 [INFO]: ✅ [PB-S-12951-6] Updated
2026-03-25 17:00:11 [INFO]: ✅ [PB-S-12952-6] Updated
2026-03-25 17:00:11 [INFO]: ✅ [PB-S-37391] Updated
2026-03-25 17:00:11 [INFO]: ✅ [PB-S-34654-1] Updated
2026-03-25 17:00:11 [INFO]: ⏭️  [PB-S-37350] Skipped
2026-03-25 17:00:11 [INFO]: ✅ [PB-S-21885-3] Updated
2026-03-25 17:00:11 [INFO]: ✅ [PB-S-22125-2] Updated
2026-03-25 17:00:11 [INFO]: ✅ [PB-S-11925-7] Updated
2026-03-25 17:00:11 [INFO]: ✅ [PB-S-28662-2] Updated
2026-03-25 17:00:11 [INFO]: ✅ [PB-S-36044] Updated
2026-03-25 17:00:11 [INFO]: ✅ [PB-S-36045] Updated
2026-03-25 17:00:11 [INFO]: ✅ [PB-R-36719-1] Updated
2026-03-25 17:00:11 [INFO]: ✅ [PB-S-36440-1] Updated
2026-03-25 17:00:11 [INFO]: ✅ [PB-S-36038-1] Updated
2026-03-25 17:00:11 [INFO]: ✅ [PB-S-36492-2] Updated
2026-03-25 17:00:11 [INFO]: ✅ [PB-R-36754-1] Updated
2026-03-25 17:00:11 [INFO]: ✅ [PB-S-18554-3] Updated
2026-03-25 17:00:11 [INFO]: ✅ [PB-S-14362-5] Updated
2026-03-25 17:00:11 [INFO]: ✅ [PB-S-36772-1] Updated
2026-03-25 17:00:11 [INFO]: ✅ [PB-S-36806-1] Updated
2026-03-25 17:00:11 [INFO]: ⏭️  [PB-R-37399] Skipped
2026-03-25 17:00:11 [INFO]: ⏭️  [PB-R-37387] Skipped
2026-03-25 17:00:11 [INFO]: ✅ [PB-R-37412] Updated
2026-03-25 17:00:11 [INFO]: ⏭️  [PB-R-37155] Skipped
2026-03-25 17:00:11 [INFO]: ✅ [PB-S-36776-1] Updated
2026-03-25 17:00:11 [INFO]: ✅ [PB-R-36650-2] Updated
2026-03-25 17:00:11 [INFO]: ✅ [PB-R-37302] Updated
2026-03-25 17:00:11 [INFO]: ✅ [PB-S-37406] Updated
2026-03-25 17:00:11 [INFO]: ✅ [PB-R-36009-2] Updated
2026-03-25 17:00:11 [INFO]: ✅ [PB-S-36811-1] Updated
2026-03-25 17:00:11 [INFO]: ✅ [PB-R-36302-2] Updated
2026-03-25 17:00:11 [INFO]: ✅ [PB-R-36568-1] Updated
2026-03-25 17:00:11 [INFO]: ⏭️  [PB-R-37390] Skipped
2026-03-25 17:00:11 [INFO]: ✅ [PB-S-22201-3] Updated
2026-03-25 17:00:11 [INFO]: ✅ [PB-S-36957-1] Updated
2026-03-25 17:00:11 [INFO]: ✅ [PB-R-37411] Updated
2026-03-25 17:00:11 [INFO]: ✅ [PB-S-36778] Updated
2026-03-25 17:00:11 [INFO]: ⏭️  [PB-R-37194] Skipped
2026-03-25 17:00:11 [INFO]: ✅ [PB-R-37028] Updated
2026-03-25 17:00:11 [INFO]: ✅ [PB-R-37016] Updated
2026-03-25 17:00:11 [INFO]: ✅ [PB-R-37010] Updated
2026-03-25 17:00:11 [INFO]: ✅ [PB-R-37007] Updated
2026-03-25 17:00:11 [INFO]: ✅ [PB-R-36994] Updated
2026-03-25 17:00:11 [INFO]: ✅ [PB-R-36580-1] Updated
2026-03-25 17:00:11 [INFO]: ✅ [PB-R-36562-1] Updated
2026-03-25 17:00:11 [INFO]: ✅ [PB-R-36441-1] Updated
2026-03-25 17:00:11 [INFO]: ✅ [PB-R-36435-1] Updated
2026-03-25 17:00:11 [INFO]: ✅ [PB-R-36432-1] Updated
2026-03-25 17:00:11 [INFO]: ✅ [PB-R-36431-1] Updated
2026-03-25 17:00:11 [INFO]: ✅ [PB-S-12062-5] Updated
2026-03-25 17:00:11 [INFO]: ✅ [PB-S-18443-2] Updated
2026-03-25 17:00:11 [INFO]: ✅ [PB-S-36814-1] Updated
2026-03-25 17:00:11 [INFO]: ✅ [PB-S-36712-1] Updated
2026-03-25 17:00:11 [INFO]: ✅ [PB-S-36828-1] Updated
2026-03-25 17:00:11 [INFO]: ✅ [PB-S-36829-1] Updated
2026-03-25 17:00:11 [INFO]: ✅ [PB-S-36834-1] Updated
2026-03-25 17:00:11 [INFO]: ✅ [PB-S-3534-2] Updated
2026-03-25 17:00:11 [INFO]: ✅ [PB-S-21964-1] Updated
2026-03-25 17:00:11 [INFO]: ✅ [PB-R-37392] Updated
2026-03-25 17:00:11 [INFO]: ✅ [PB-R-36781-1] Updated
2026-03-25 17:00:11 [INFO]: ✅ [PB-S-36841] Updated
2026-03-25 17:00:11 [INFO]: ✅ [PB-S-36840-1] Updated
2026-03-25 17:00:11 [INFO]: ✅ [PB-S-5868-2] Updated
2026-03-25 17:00:11 [INFO]: ✅ [PB-S-36643-2] Updated
2026-03-25 17:00:11 [INFO]: ✅ [PB-S-36093-3] Updated
2026-03-25 17:00:11 [INFO]: ✅ [PB-S-36839-1] Updated
2026-03-25 17:00:11 [INFO]: ✅ [PB-R-36777] Updated
2026-03-25 17:00:11 [INFO]: ✅ [PB-S-36775] Updated
2026-03-25 17:00:11 [INFO]: ✅ [PB-S-36845-1] Updated
2026-03-25 17:00:11 [INFO]: ✅ [PB-S-9647-2] Updated
2026-03-25 17:00:11 [INFO]: ✅ [PB-S-12885-10] Updated
2026-03-25 17:00:11 [INFO]: ✅ [PB-R-36715] Updated
2026-03-25 17:00:11 [INFO]: ✅ [PB-S-12667-7] Updated
2026-03-25 17:00:11 [INFO]: ✅ [PB-S-22109-3] Updated
2026-03-25 17:00:11 [INFO]: ✅ [PB-S-36617-1] Updated
2026-03-25 17:00:11 [INFO]: ✅ [PB-R-37379] Updated
2026-03-25 17:00:11 [INFO]: ⏭️  [PB-R-37396] Skipped
2026-03-25 17:00:11 [INFO]: ✅ [PB-S-12193-1] Updated
2026-03-25 17:00:11 [INFO]: ✅ [PB-S-31775-2] Updated
2026-03-25 17:00:11 [INFO]: ⏭️  [PB-S-16922] Skipped
2026-03-25 17:00:11 [INFO]: ✅ [PB-S-18396-4] Updated
2026-03-25 17:00:11 [INFO]: ✅ [PB-S-12771-7] Updated
2026-03-25 17:00:11 [INFO]: ✅ [PB-S-36820] Updated
2026-03-25 17:00:11 [INFO]: ✅ [PB-S-17999] Updated
2026-03-25 17:00:11 [INFO]: ⏭️  [PB-S-37388] Skipped
2026-03-25 17:00:11 [INFO]: ⏭️  [PB-S-37366] Skipped
2026-03-25 17:00:11 [INFO]: ✅ [PB-R-37245] Updated
2026-03-25 17:00:11 [INFO]: ⏭️  [PB-S-37386] Skipped
2026-03-25 17:00:11 [INFO]: ✅ [PB-R-37300] Updated
2026-03-25 17:00:11 [INFO]: ✅ [PB-S-37377] Updated
2026-03-25 17:00:11 [INFO]: ⏭️  [PB-S-37129] Skipped
2026-03-25 17:00:11 [INFO]: ✅ [PB-R-37365] Updated
2026-03-25 17:00:11 [INFO]: ✅ [PB-R-37367] Updated
2026-03-25 17:00:11 [INFO]: ⏭️  [PB-S-12714] Skipped
2026-03-25 17:00:11 [INFO]: ⏭️  [PB-R-37354] Skipped
2026-03-25 17:00:11 [INFO]: ⏭️  [PB-R-37348] Skipped
2026-03-25 17:00:11 [INFO]: ✅ [PB-S-24867] Updated
2026-03-25 17:00:11 [INFO]: ⏭️  [PB-R-37347] Skipped
2026-03-25 17:00:11 [INFO]: ✅ [PB-R-37343] Updated
2026-03-25 17:00:11 [INFO]: ✅ [PB-R-37310] Updated
2026-03-25 17:00:11 [INFO]: ✅ [PB-S-37290] Updated
2026-03-25 17:00:11 [INFO]: ⏭️  [PB-S-7934] Skipped
2026-03-25 17:00:11 [INFO]: ✅ [PB-R-37309] Updated
2026-03-25 17:00:11 [INFO]: ⏭️  [PB-S-37201] Skipped
2026-03-25 17:00:11 [INFO]: ⏭️  [PB-R-37308] Skipped
2026-03-25 17:00:11 [INFO]: ✅ [PB-R-37200] Updated
2026-03-25 17:00:11 [INFO]: ✅ [PB-S-37307] Updated
2026-03-25 17:00:11 [INFO]: ⏭️  [PB-S-37312] Skipped
2026-03-25 17:00:11 [INFO]: ⏭️  [PB-S-37385] Skipped
2026-03-25 17:00:11 [INFO]: ✅ [PB-S-37306] Updated
2026-03-25 17:00:11 [INFO]: ✅ [PB-S-36565] Updated
2026-03-25 17:00:11 [INFO]: ✅ [PB-S-0240-1] Updated
2026-03-25 17:00:11 [INFO]: ⏭️  [PB-S-37242] Skipped
2026-03-25 17:00:11 [INFO]: ⏭️  [PB-S-37301] Skipped
2026-03-25 17:00:11 [INFO]: ✅ [PB-R-37299] Updated
2026-03-25 17:00:11 [INFO]: ✅ [PB-S-37292] Updated
2026-03-25 17:00:11 [INFO]: ✅ [PB-S-16019-3] Updated
2026-03-25 17:00:11 [INFO]: ✅ [PB-R-37262] Updated
2026-03-25 17:00:11 [INFO]: ✅ [PB-S-37304] Updated
2026-03-25 17:00:11 [INFO]: ✅ [PB-R-37291] Updated
2026-03-25 17:00:11 [INFO]: ✅ [PB-S-36506] Updated
2026-03-25 17:00:11 [INFO]: ✅ [PB-R-37009] Updated
2026-03-25 17:00:11 [INFO]: ✅ [PB-R-37293] Updated
2026-03-25 17:00:11 [INFO]: ✅ [PB-S-37374] Updated
2026-03-25 17:00:11 [INFO]: ✅ [PB-R-11133] Updated
2026-03-25 17:00:11 [INFO]: ✅ [PB-S-36921] Updated
2026-03-25 17:00:11 [INFO]: ✅ [PB-S-36853] Updated
2026-03-25 17:00:11 [INFO]: ✅ [PB-R-37047] Updated
2026-03-25 17:00:11 [INFO]: ✅ [PB-R-37231] Updated
2026-03-25 17:00:11 [INFO]: ✅ [PB-R-36082-1] Updated
2026-03-25 17:00:11 [INFO]: ✅ [PB-R-36168-2] Updated
2026-03-25 17:00:11 [INFO]: ✅ [PB-S-36916] Updated
2026-03-25 17:00:11 [INFO]: ✅ [PB-R-36437] Updated
2026-03-25 17:00:11 [INFO]: ✅ [PB-R-36174-1] Updated
2026-03-25 17:00:11 [INFO]: ✅ [PB-S-37234] Updated
2026-03-25 17:00:11 [INFO]: ✅ [PB-S-37197] Updated
2026-03-25 17:00:11 [INFO]: ✅ [PB-S-37072] Updated
2026-03-25 17:00:11 [INFO]: ✅ [PB-S-37251] Updated
2026-03-25 17:00:11 [INFO]: ✅ [PB-S-37046] Updated
2026-03-25 17:00:11 [INFO]: ✅ [PB-R-36911] Updated
2026-03-25 17:00:11 [INFO]: ✅ [PB-S-36560] Updated
2026-03-25 17:00:11 [INFO]: ✅ [PB-S-36889] Updated
2026-03-25 17:00:11 [INFO]: ✅ [PB-R-37074] Updated
2026-03-25 17:00:11 [INFO]: ✅ [PB-S-37057] Updated
2026-03-25 17:00:11 [INFO]: ✅ [PB-R-37128] Updated
2026-03-25 17:00:11 [INFO]: ✅ [PB-S-37229] Updated
2026-03-25 17:00:11 [INFO]: ✅ [PB-S-36904] Updated
2026-03-25 17:00:11 [INFO]: ✅ [PB-R-36424] Updated
2026-03-25 17:00:11 [INFO]: ✅ [PB-S-37021] Updated
2026-03-25 17:00:11 [INFO]: ✅ [PB-R-37241] Updated
2026-03-25 17:00:11 [INFO]: ✅ [PB-S-12904] Updated
2026-03-25 17:00:11 [INFO]: ✅ [PB-S-36181] Updated
2026-03-25 17:00:11 [INFO]: ✅ [PB-S-36471] Updated
2026-03-25 17:00:11 [INFO]: ✅ [PB-S-21972-2] Updated
2026-03-25 17:00:11 [INFO]: ✅ [PB-S-22695] Updated
2026-03-25 17:00:11 [INFO]: ⏭️  [PB-S-1342] Skipped
2026-03-25 17:00:11 [INFO]: ✅ [PB-S-36061-1] Updated
2026-03-25 17:00:11 [INFO]: ✅ [PB-S-37022] Updated
2026-03-25 17:00:11 [INFO]: ✅ [PB-R-13906-4] Updated
2026-03-25 17:00:11 [INFO]: ✅ [PB-S-37084] Updated
2026-03-25 17:00:11 [INFO]: ✅ [PB-S-37209] Updated
2026-03-25 17:00:11 [INFO]: ✅ [PB-R-36170] Updated
2026-03-25 17:00:11 [INFO]: ✅ [PB-R-36169] Updated
2026-03-25 17:00:11 [INFO]: ✅ [PB-R-36520-3] Updated
2026-03-25 17:00:11 [INFO]: ✅ [PB-R-36519-2] Updated
2026-03-25 17:00:11 [INFO]: ✅ [PB-R-36744] Updated
2026-03-25 17:00:11 [INFO]: ✅ [PB-R-37124] Updated
2026-03-25 17:00:11 [INFO]: ✅ [PB-R-36740-1] Updated
2026-03-25 17:00:11 [INFO]: ✅ [PB-S-12773-5] Updated
2026-03-25 17:00:11 [INFO]: ✅ [PB-S-7425-2] Updated
2026-03-25 17:00:11 [INFO]: ✅ [PB-S-18626-3] Updated
2026-03-25 17:00:11 [INFO]: ✅ [PB-R-36929] Updated
2026-03-25 17:00:11 [INFO]: ✅ [PB-S-37134] Updated
2026-03-25 17:00:11 [INFO]: ✅ [PB-S-37212] Updated
2026-03-25 17:00:11 [INFO]: ✅ [PB-S-37206] Updated
2026-03-25 17:00:11 [INFO]: ✅ [PB-R-37257] Updated
2026-03-25 17:00:11 [INFO]: ✅ [PB-S-37071] Updated
2026-03-25 17:00:11 [INFO]: ✅ [PB-S-37014] Updated
2026-03-25 17:00:11 [INFO]: ✅ [PB-R-37189] Updated
2026-03-25 17:00:11 [INFO]: ✅ [PB-S-37003] Updated
2026-03-25 17:00:11 [INFO]: ✅ [PB-S-37004] Updated
2026-03-25 17:00:11 [INFO]: ✅ [PB-S-37185] Updated
2026-03-25 17:00:11 [INFO]: ✅ [PB-S-37186] Updated
2026-03-25 17:00:11 [INFO]: ✅ [PB-S-37187] Updated
2026-03-25 17:00:11 [INFO]: ✅ [PB-R-16076-1] Updated
2026-03-25 17:00:11 [INFO]: ✅ [PB-R-37170] Updated
2026-03-25 17:00:11 [INFO]: ✅ [PB-S-9768-9] Updated
2026-03-25 17:00:11 [INFO]: ✅ [PB-S-36976] Updated
2026-03-25 17:00:11 [INFO]: ✅ [PB-S-36974] Updated
2026-03-25 17:00:11 [INFO]: ✅ [PB-R-37151] Updated
2026-03-25 17:00:11 [INFO]: ✅ [PB-S-36983] Updated
2026-03-25 17:00:11 [INFO]: ✅ [PB-S-37079] Updated
2026-03-25 17:00:11 [INFO]: ✅ [PB-S-36790] Updated
2026-03-25 17:00:11 [INFO]: ✅ [PB-S-37126] Updated
2026-03-25 17:00:11 [INFO]: ✅ [PB-S-37125] Updated
2026-03-25 17:00:11 [INFO]: ✅ [PB-S-37122] Updated
2026-03-25 17:00:11 [INFO]: ✅ [PB-S-37120] Updated
2026-03-25 17:00:11 [INFO]: ✅ [PB-S-37119] Updated
2026-03-25 17:00:11 [INFO]: ✅ [PB-S-37116] Updated
2026-03-25 17:00:11 [INFO]: ✅ [PB-S-37095] Updated
2026-03-25 17:00:11 [INFO]: ✅ [PB-S-37096] Updated
2026-03-25 17:00:11 [INFO]: ✅ [PB-R-37132] Updated
2026-03-25 17:00:11 [INFO]: ✅ [PB-S-13776-5] Updated
2026-03-25 17:00:11 [INFO]: ✅ [PB-R-37213] Updated
2026-03-25 17:00:11 [INFO]: ✅ [PB-R-36387-1] Updated
2026-03-25 17:00:11 [INFO]: ⏭️  [PB-R-10165-1] Skipped
2026-03-25 17:00:11 [INFO]: ✅ [PB-R-36923] Updated
2026-03-25 17:00:11 [INFO]: ✅ [PB-S-36649-1] Updated
2026-03-25 17:00:11 [INFO]: ✅ [PB-S-37043] Updated
2026-03-25 17:00:11 [INFO]: ✅ [PB-R-37205-1] Updated
2026-03-25 17:00:11 [INFO]: ✅ [PB-S-37220] Updated
2026-03-25 17:00:11 [INFO]: ✅ [PB-R-37252] Updated
2026-03-25 17:00:11 [INFO]: ✅ [PB-S-37058] Updated
2026-03-25 17:00:11 [INFO]: ✅ [PB-S-37070] Updated
2026-03-25 17:00:11 [INFO]: ✅ [PB-S-36867] Updated
2026-03-25 17:00:11 [INFO]: ✅ [PB-S-37054] Updated
2026-03-25 17:00:11 [INFO]: ✅ [PB-R-37131-1] Updated
2026-03-25 17:00:11 [INFO]: ✅ [PB-R-9692-3] Updated
2026-03-25 17:00:11 [INFO]: ✅ [PB-S-21886-1] Updated
2026-03-25 17:00:11 [INFO]: ✅ [PB-S-37145] Updated
2026-03-25 17:00:11 [INFO]: ✅ [PB-S-36928] Updated
2026-03-25 17:00:11 [INFO]: ✅ [PB-S-37171] Updated
2026-03-25 17:00:11 [INFO]: ✅ [PB-S-36991] Updated
2026-03-25 17:00:11 [INFO]: ✅ [PB-S-18542] Updated
2026-03-25 17:00:11 [INFO]: ✅ [PB-S-36982] Updated
2026-03-25 17:00:11 [INFO]: ✅ [PB-S-36981] Updated
2026-03-25 17:00:11 [INFO]: ✅ [PB-S-37208] Updated
2026-03-25 17:00:11 [INFO]: ✅ [PB-R-37246] Updated
2026-03-25 17:00:11 [INFO]: ✅ [PB-S-36980] Updated
2026-03-25 17:00:11 [INFO]: ✅ [PB-R-37042] Updated
2026-03-25 17:00:11 [INFO]: ✅ [PB-S-36812] Updated
2026-03-25 17:00:11 [INFO]: ✅ [PB-S-37029] Updated
2026-03-25 17:00:11 [INFO]: ✅ [PB-S-36557] Updated
2026-03-25 17:00:11 [INFO]: ✅ [PB-S-37109] Updated
2026-03-25 17:00:11 [INFO]: ✅ [PB-R-36964] Updated
2026-03-25 17:00:11 [INFO]: ✅ [PB-R-14248-4] Updated
2026-03-25 17:00:11 [INFO]: ⏭️  [PB-S-37239] Skipped
2026-03-25 17:00:11 [INFO]: ⏭️  [PB-S-37237] Skipped
2026-03-25 17:00:11 [INFO]: ✅ [PB-S-36315] Updated
2026-03-25 17:00:11 [INFO]: ✅ [PB-S-17614-1] Updated
2026-03-25 17:00:11 [INFO]: ✅ [PB-S-12805-1] Updated
2026-03-25 17:00:11 [INFO]: ✅ [PB-S-12802-1] Updated
2026-03-25 17:00:11 [INFO]: ✅ [PB-S-9745-6] Updated
2026-03-25 17:00:11 [INFO]: ✅ [PB-R-37222] Updated
2026-03-25 17:00:11 [INFO]: ✅ [PB-S-12073-7] Updated
2026-03-25 17:00:11 [INFO]: ✅ [PB-S-4804-4] Updated
2026-03-25 17:00:11 [INFO]: ⏭️  [PB-S-36959-1] Skipped
2026-03-25 17:00:11 [INFO]: ✅ [PB-S-11497-2] Updated
2026-03-25 17:00:11 [INFO]: ✅ [PB-R-36507-1] Updated
2026-03-25 17:00:11 [INFO]: ✅ [PB-S-11772] Updated
2026-03-25 17:00:11 [INFO]: ✅ [PB-S-11850-5] Updated
2026-03-25 17:00:11 [INFO]: ✅ [PB-S-15759-3] Updated
2026-03-25 17:00:11 [INFO]: ✅ [PB-S-18527-3] Updated
2026-03-25 17:00:11 [INFO]: ✅ [PB-S-36384-1] Updated
2026-03-25 17:00:11 [INFO]: ✅ [PB-R-9397-1] Updated
2026-03-25 17:00:11 [INFO]: ✅ [PB-S-36913] Updated
2026-03-25 17:00:11 [INFO]: ✅ [PB-S-36634] Updated
2026-03-25 17:00:11 [INFO]: ✅ [PB-S-36438] Updated
2026-03-25 17:00:11 [INFO]: ✅ [PB-S-36059-2] Updated
2026-03-25 17:00:11 [INFO]: ✅ [PB-S-37202] Updated
2026-03-25 17:00:11 [INFO]: ✅ [PB-S-1441-4] Updated
2026-03-25 17:00:11 [INFO]: ✅ [PB-S-36620] Updated
2026-03-25 17:00:11 [INFO]: ✅ [PB-S-36618] Updated
2026-03-25 17:00:11 [INFO]: ✅ [PB-S-9609-7] Updated
2026-03-25 17:00:11 [INFO]: ✅ [PB-S-3692-2] Updated
2026-03-25 17:00:11 [INFO]: ⏭️  [PB-R-37177] Skipped
2026-03-25 17:00:11 [INFO]: ✅ [PB-S-18559-1] Updated
2026-03-25 17:00:11 [INFO]: ✅ [PB-R-36626-1] Updated
2026-03-25 17:00:11 [INFO]: ✅ [PB-R-36407] Updated
2026-03-25 17:00:11 [INFO]: ⏭️  [PB-R-37130] Skipped
2026-03-25 17:00:11 [INFO]: ✅ [PB-R-6544-4] Updated
2026-03-25 17:00:11 [INFO]: ✅ [PB-S-14423-6] Updated
2026-03-25 17:00:11 [INFO]: ✅ [PB-R-35951-1] Updated
2026-03-25 17:00:11 [INFO]: ✅ [PB-S-32169-2] Updated
2026-03-25 17:00:11 [INFO]: ✅ [PB-R-37172] Updated
2026-03-25 17:00:11 [INFO]: ✅ [PB-R-37148] Updated
2026-03-25 17:00:11 [INFO]: ✅ [PB-S-14310-6] Updated
2026-03-25 17:00:11 [INFO]: ✅ [PB-S-36122-2] Updated
2026-03-25 17:00:11 [INFO]: ✅ [PB-S-14098-3] Updated
2026-03-25 17:00:11 [INFO]: ✅ [PB-S-12247-14] Updated
2026-03-25 17:00:11 [INFO]: ✅ [PB-S-3644-4] Updated
2026-03-25 17:00:11 [INFO]: ⏭️  [PB-S-37142] Skipped
2026-03-25 17:00:11 [INFO]: ✅ [PB-S-15153-1] Updated
2026-03-25 17:00:11 [INFO]: ✅ [PB-S-12892-7] Updated
2026-03-25 17:00:11 [INFO]: ✅ [PB-S-12885-11] Updated
2026-03-25 17:00:11 [INFO]: ✅ [PB-R-37026] Updated
2026-03-25 17:00:11 [INFO]: ⏭️  [PB-R-37137] Skipped
2026-03-25 17:00:11 [INFO]: ✅ [PB-S-37141] Updated
2026-03-25 17:00:11 [INFO]: ⏭️  [PB-R-37140] Skipped
2026-03-25 17:00:11 [INFO]: ⏭️  [PB-R-37123] Skipped
2026-03-25 17:00:11 [INFO]: ✅ [PB-R-36970] Updated
2026-03-25 17:00:11 [INFO]: ✅ [PB-S-36399-1] Updated
2026-03-25 17:00:11 [INFO]: ✅ [PB-S-11892-3] Updated
2026-03-25 17:00:11 [INFO]: ✅ [PB-S-37136] Updated
2026-03-25 17:00:11 [INFO]: ✅ [PB-S-18038] Updated
2026-03-25 17:00:11 [INFO]: ✅ [PB-S-9003-5] Updated
2026-03-25 17:00:11 [INFO]: ✅ [PB-R-35970-5] Updated
2026-03-25 17:00:11 [INFO]: ✅ [PB-S-36434-1] Updated
2026-03-25 17:00:11 [INFO]: ✅ [PB-S-12572-11] Updated
2026-03-25 17:00:11 [INFO]: ✅ [PB-S-36138-2] Updated
2026-03-25 17:00:11 [INFO]: ✅ [PB-S-36136-2] Updated
2026-03-25 17:00:11 [INFO]: ✅ [PB-S-36165 - 2] Updated
2026-03-25 17:00:11 [INFO]: ✅ [PB-S-12554-9] Updated
2026-03-25 17:00:11 [INFO]: ✅ [PB-S-12887-6] Updated
2026-03-25 17:00:11 [INFO]: ✅ [PB-S-36190-1] Updated
2026-03-25 17:00:11 [INFO]: ✅ [PB-S-9053-4] Updated
2026-03-25 17:00:11 [INFO]: ✅ [PB-S-36473-1] Updated
2026-03-25 17:00:11 [INFO]: ✅ [PB-S-22107-2] Updated
2026-03-25 17:00:11 [INFO]: ✅ [PB-R-37049] Updated
2026-03-25 17:00:11 [INFO]: ✅ [PB-R-37082] Updated
2026-03-25 17:00:11 [INFO]: ⏭️  [PB-S-37078] Skipped
2026-03-25 17:00:11 [INFO]: ✅ [PB-R-37036] Updated
2026-03-25 17:00:11 [INFO]: ✅ [PB-R-37033] Updated
2026-03-25 17:00:11 [INFO]: ⏭️  [PB-R-37020] Skipped
2026-03-25 17:00:11 [INFO]: ✅ [PB-R-37027] Updated
2026-03-25 17:00:11 [INFO]: ✅ [PB-R-36962] Updated
2026-03-25 17:00:11 [INFO]: ✅ [PB-R-36910] Updated
2026-03-25 17:00:11 [INFO]: ✅ [PB-R-36909] Updated
2026-03-25 17:00:11 [INFO]: ✅ [PB-R-37038] Updated
2026-03-25 17:00:11 [INFO]: ✅ [PB-R-36585] Updated
2026-03-25 17:00:11 [INFO]: ✅ [PB-R-36368] Updated
2026-03-25 17:00:11 [INFO]: ✅ [PB-R-36367] Updated
2026-03-25 17:00:11 [INFO]: ✅ [PB-R-36328] Updated
2026-03-25 17:00:11 [INFO]: ✅ [PB-S-4856-3] Updated
2026-03-25 17:00:11 [INFO]: ✅ [PB-R-36253] Updated
2026-03-25 17:00:11 [INFO]: ✅ [PB-R-36327] Updated
2026-03-25 17:00:11 [INFO]: ✅ [PB-R-36321] Updated
2026-03-25 17:00:11 [INFO]: ✅ [PB-S-13525-5] Updated
2026-03-25 17:00:11 [INFO]: ⏭️  [PB-R-37069] Skipped
2026-03-25 17:00:11 [INFO]: ✅ [PB-S-14406-4] Updated
2026-03-25 17:00:11 [INFO]: ✅ [PB-S-21979-2] Updated
2026-03-25 17:00:11 [INFO]: ✅ [PB-S-14148-2] Updated
2026-03-25 17:00:11 [INFO]: ✅ [PB-S-37018] Updated
2026-03-25 17:00:11 [INFO]: ✅ [PB-S-15195-2] Updated
2026-03-25 17:00:11 [INFO]: ✅ [PB-S-36999] Updated
2026-03-25 17:00:11 [INFO]: ✅ [PB-R-13852-7] Updated
2026-03-25 17:00:11 [INFO]: ✅ [PB-S-36575] Updated
2026-03-25 17:00:11 [INFO]: ✅ [PB-S-36574] Updated
2026-03-25 17:00:11 [INFO]: ✅ [PB-R-36542] Updated
2026-03-25 17:00:11 [INFO]: ✅ [PB-R-36311] Updated
2026-03-25 17:00:11 [INFO]: ✅ [PB-R-36310] Updated
2026-03-25 17:00:11 [INFO]: ✅ [PB-R-36298] Updated
2026-03-25 17:00:11 [INFO]: ✅ [PB-R-36334] Updated
2026-03-25 17:00:11 [INFO]: ✅ [PB-S-36614] Updated
2026-03-25 17:00:11 [INFO]: ✅ [PB-S-36672] Updated
2026-03-25 17:00:11 [INFO]: ✅ [PB-S-36705] Updated
2026-03-25 17:00:11 [INFO]: ✅ [PB-S-36002-2] Updated
2026-03-25 17:00:11 [INFO]: ✅ [PB-S-36447] Updated
2026-03-25 17:00:11 [INFO]: ✅ [PB-S-36445] Updated
2026-03-25 17:00:11 [INFO]: ✅ [PB-S-36442] Updated
2026-03-25 17:00:11 [INFO]: ✅ [PB-S-36612] Updated
2026-03-25 17:00:11 [INFO]: ✅ [PB-S-36572] Updated
2026-03-25 17:00:11 [INFO]: ✅ [PB-S-36573] Updated
2026-03-25 17:00:11 [INFO]: ✅ [PB-S-36671] Updated
2026-03-25 17:00:11 [INFO]: ✅ [PB-S-36860] Updated
2026-03-25 17:00:11 [INFO]: ✅ [PB-S-36571] Updated
2026-03-25 17:00:11 [INFO]: ⏭️  [PB-R-37035] Skipped
2026-03-25 17:00:11 [INFO]: ⏭️  [PB-R-37034] Skipped
2026-03-25 17:00:11 [INFO]: ✅ [PB-R-37002] Updated
2026-03-25 17:00:11 [INFO]: ✅ [PB-S-12057-2] Updated
2026-03-25 17:00:11 [INFO]: ✅ [PB-R-36919] Updated
2026-03-25 17:00:11 [INFO]: ✅ [PB-S-36985] Updated
2026-03-25 17:00:11 [INFO]: ✅ [PB-S-36822-1] Updated
2026-03-25 17:00:11 [INFO]: ⏭️  [PB-S-37045] Skipped
2026-03-25 17:00:11 [INFO]: ✅ [PB-R-36903] Updated
2026-03-25 17:00:11 [INFO]: ✅ [PB-S-28666-1] Updated
2026-03-25 17:00:11 [INFO]: ✅ [PB-R-36183] Updated
2026-03-25 17:00:11 [INFO]: ✅ [PB-R-35960] Updated
2026-03-25 17:00:11 [INFO]: ✅ [PB-S-36935] Updated
2026-03-25 17:00:11 [INFO]: ✅ [PB-S-15914] Updated
2026-03-25 17:00:11 [INFO]: ✅ [PB-S-36410] Updated
2026-03-25 17:00:11 [INFO]: ✅ [PB-S-36409] Updated
2026-03-25 17:00:11 [INFO]: ✅ [PB-S-36710] Updated
2026-03-25 17:00:11 [INFO]: ✅ [PB-S-9822-2] Updated
2026-03-25 17:00:11 [INFO]: ✅ [PB-S-28668-1] Updated
2026-03-25 17:00:11 [INFO]: ✅ [PB-S-25733] Updated
2026-03-25 17:00:11 [INFO]: ✅ [PB-S-14101-5] Updated
2026-03-25 17:00:11 [INFO]: ✅ [PB-S-28663-1] Updated
2026-03-25 17:00:11 [INFO]: ✅ [PB-S-12604-4] Updated
2026-03-25 17:00:11 [INFO]: ✅ [PB-S-12897-5] Updated
2026-03-25 17:00:11 [INFO]: ✅ [PB-S-12900-5] Updated
2026-03-25 17:00:11 [INFO]: ✅ [PB-S-11383-6] Updated
2026-03-25 17:00:11 [INFO]: ✅ [PB-S-14071-4] Updated
2026-03-25 17:00:11 [INFO]: ✅ [PB-S-14124-4] Updated
2026-03-25 17:00:11 [INFO]: ✅ [PB-S-14293-3] Updated
2026-03-25 17:00:11 [INFO]: ✅ [PB-S-18618-2] Updated
2026-03-25 17:00:11 [INFO]: ✅ [PB-S-13932-5] Updated
2026-03-25 17:00:11 [INFO]: ✅ [PB-S-11916-7] Updated
2026-03-25 17:00:11 [INFO]: ✅ [PB-S-12279-4] Updated
2026-03-25 17:00:11 [INFO]: ✅ [PB-S-13929-1] Updated
2026-03-25 17:00:11 [INFO]: ✅ [PB-S-21954-1] Updated
2026-03-25 17:00:11 [INFO]: ✅ [PB-S-34618-2] Updated
2026-03-25 17:00:11 [INFO]: ⏭️  [PB-S-37006] Skipped
2026-03-25 17:00:11 [INFO]: ✅ [PB-S-36254-1] Updated
2026-03-25 17:00:11 [INFO]: ✅ [PB-S-37008] Updated
2026-03-25 17:00:11 [INFO]: ✅ [PB-S-13648-7] Updated
2026-03-25 17:00:11 [INFO]: ⏭️  [PB-S-36993] Skipped
2026-03-25 17:00:11 [INFO]: ✅ [PB-S-22200-2] Updated
2026-03-25 17:00:11 [INFO]: ⏭️  [PB-S-14314] Skipped
2026-03-25 17:00:11 [INFO]: ✅ [PB-S-18532-4] Updated
2026-03-25 17:00:11 [INFO]: ✅ [PB-S-1517-5] Updated
2026-03-25 17:00:11 [INFO]: ✅ [PB-R-36989] Updated
2026-03-25 17:00:11 [INFO]: ✅ [PB-S-12886-5] Updated
2026-03-25 17:00:11 [INFO]: ✅ [PB-S-13519-5] Updated
2026-03-25 17:00:11 [INFO]: ✅ [PB-S-12560-6] Updated
2026-03-25 17:00:11 [INFO]: ✅ [PB-S-13401-5] Updated
2026-03-25 17:00:11 [INFO]: ✅ [PB-S-12903-5] Updated
2026-03-25 17:00:11 [INFO]: ✅ [PB-S-12558-7] Updated
2026-03-25 17:00:11 [INFO]: ✅ [PB-S-21916-4] Updated
2026-03-25 17:00:11 [INFO]: ✅ [PB-R-36555-1] Updated
2026-03-25 17:00:11 [INFO]: ✅ [PB-S-11996-9] Updated
2026-03-25 17:00:11 [INFO]: ✅ [PB-S-15131-3] Updated
2026-03-25 17:00:11 [INFO]: ✅ [PB-S-12876-5] Updated
2026-03-25 17:00:11 [INFO]: ✅ [PB-S-13460-5] Updated
2026-03-25 17:00:11 [INFO]: ✅ [PB-S-15781-2] Updated
2026-03-25 17:00:11 [INFO]: ✅ [PB-S-16045-3] Updated
2026-03-25 17:00:11 [INFO]: ✅ [PB-S-36269] Updated
2026-03-25 17:00:11 [INFO]: ✅ [PB-S-36594] Updated
2026-03-25 17:00:11 [INFO]: ⏭️  [PB-S-36984] Skipped
2026-03-25 17:00:11 [INFO]: ✅ [PB-S-12804-8] Updated
2026-03-25 17:00:11 [INFO]: ✅ [PB-S-22708] Updated
2026-03-25 17:00:11 [INFO]: ✅ [PB-S-36968] Updated
2026-03-25 17:00:11 [INFO]: ✅ [PB-R-13998-4] Updated
2026-03-25 17:00:11 [INFO]: ✅ [PB-S-13488-5] Updated
2026-03-25 17:00:11 [INFO]: ✅ [PB-S-13509-5] Updated
2026-03-25 17:00:11 [INFO]: ✅ [PB-S-36905] Updated
2026-03-25 17:00:11 [INFO]: ✅ [PB-S-36361] Updated
2026-03-25 17:00:11 [INFO]: ✅ [PB-S-36870] Updated
2026-03-25 17:00:11 [INFO]: ✅ [PB-S-36683] Updated
2026-03-25 17:00:11 [INFO]: ✅ [PB-S-36080-1] Updated
2026-03-25 17:00:11 [INFO]: ⏭️  [PB-S-36958] Skipped
2026-03-25 17:00:11 [INFO]: ✅ [PB-S-13925-4] Updated
2026-03-25 17:00:11 [INFO]: ✅ [PB-S-36848] Updated
2026-03-25 17:00:11 [INFO]: ✅ [PB-S-36523] Updated
2026-03-25 17:00:11 [INFO]: ✅ [PB-S-36850] Updated
2026-03-25 17:00:11 [INFO]: ✅ [PB-S-36851] Updated
2026-03-25 17:00:11 [INFO]: ✅ [PB-S-10926] Updated
2026-03-25 17:00:11 [INFO]: ✅ [PB-R-36907] Updated
2026-03-25 17:00:11 [INFO]: ✅ [PB-S-16175] Updated
2026-03-25 17:00:11 [INFO]: ✅ [PB-S-15172] Updated
2026-03-25 17:00:11 [INFO]: ✅ [PB-S-36874] Updated
2026-03-25 17:00:11 [INFO]: ✅ [PB-S-36731] Updated
2026-03-25 17:00:11 [INFO]: ✅ [PB-S-13530-3] Updated
2026-03-25 17:00:11 [INFO]: ✅ [PB-S-36899] Updated
2026-03-25 17:00:11 [INFO]: ✅ [PB-S-12891-4] Updated
2026-03-25 17:00:11 [INFO]: ✅ [PB-S-13502-5] Updated
2026-03-25 17:00:11 [INFO]: ✅ [PB-S-36329] Updated
2026-03-25 17:00:11 [INFO]: ✅ [PB-S-36496] Updated
2026-03-25 17:00:11 [INFO]: ✅ [PB-R-27885-2] Updated
2026-03-25 17:00:11 [INFO]: ✅ [PB-S-36894] Updated
2026-03-25 17:00:11 [INFO]: ✅ [PB-S-15222-3] Updated
2026-03-25 17:00:11 [INFO]: ✅ [PB-S-36084] Updated
2026-03-25 17:00:11 [INFO]: ✅ [PB-S-36128-1] Updated
2026-03-25 17:00:11 [INFO]: ✅ [PB-S-21917-3] Updated
2026-03-25 17:00:11 [INFO]: ✅ [PB-S-12548-5] Updated
2026-03-25 17:00:11 [INFO]: ✅ [PB-S-21891-1] Updated
2026-03-25 17:00:11 [INFO]: ✅ [PB-S-24880] Updated
2026-03-25 17:00:11 [INFO]: ✅ [PB-S-14290-4] Updated
2026-03-25 17:00:11 [INFO]: ✅ [PB-S-26124] Updated
2026-03-25 17:00:11 [INFO]: ✅ [PB-S-36277] Updated
2026-03-25 17:00:11 [INFO]: ✅ [PB-S-36857] Updated
2026-03-25 17:00:11 [INFO]: ✅ [PB-S-36692] Updated
2026-03-25 17:00:11 [INFO]: ✅ [PB-S-36694] Updated
2026-03-25 17:00:11 [INFO]: ✅ [PB-S-36693] Updated
2026-03-25 17:00:11 [INFO]: ✅ [PB-S-36690] Updated
2026-03-25 17:00:11 [INFO]: ✅ [PB-S-36595] Updated
2026-03-25 17:00:11 [INFO]: ✅ [PB-S-36344] Updated
2026-03-25 17:00:11 [INFO]: ✅ [PB-S-12064-5] Updated
2026-03-25 17:00:11 [INFO]: ✅ [PB-S-18623-3] Updated
2026-03-25 17:00:11 [INFO]: ✅ [PB-S-15219-2] Updated
2026-03-25 17:00:11 [INFO]: ✅ [PB-S-12306-4] Updated
2026-03-25 17:00:11 [INFO]: ✅ [PB-S-36429] Updated
2026-03-25 17:00:11 [INFO]: ✅ [PB-S-1708] Updated
2026-03-25 17:00:11 [INFO]: ✅ [PB-S-36294] Updated
2026-03-25 17:00:11 [INFO]: ✅ [PB-S-36531] Updated
2026-03-25 17:00:11 [INFO]: ✅ [PB-S-13409-5] Updated
2026-03-25 17:00:11 [INFO]: ✅ [PB-S-13498-4] Updated
2026-03-25 17:00:11 [INFO]: ✅ [PB-S-13496-4] Updated
2026-03-25 17:00:11 [INFO]: ✅ [PB-R-15883-3] Updated
2026-03-25 17:00:11 [INFO]: ✅ [PB-S-36270-1] Updated
2026-03-25 17:00:11 [INFO]: ✅ [PB-S-36658-1] Updated
2026-03-25 17:00:11 [INFO]: ✅ [PB-S-16178-3] Updated
2026-03-25 17:00:11 [INFO]: ✅ [PB-S-31084-1] Updated
2026-03-25 17:00:11 [INFO]: ✅ [PB-R-36427] Updated
2026-03-25 17:00:11 [INFO]: ✅ [PB-R-36331] Updated
2026-03-25 17:00:11 [INFO]: ✅ [PB-R-36721] Updated
2026-03-25 17:00:11 [INFO]: ✅ [PB-R-36559] Updated
2026-03-25 17:00:11 [INFO]: ✅ [PB-S-36696] Updated
2026-03-25 17:00:11 [INFO]: ✅ [PB-S-36864] Updated
2026-03-25 17:00:11 [INFO]: ✅ [PB-S-36708] Updated
2026-03-25 17:00:11 [INFO]: ✅ [PB-S-13581-5] Updated
2026-03-25 17:00:11 [INFO]: ✅ [PB-S-13605-5] Updated
2026-03-25 17:00:11 [INFO]: ✅ [PB-S-36556] Updated
2026-03-25 17:00:11 [INFO]: ✅ [PB-S-11704-6] Updated
2026-03-25 17:00:11 [INFO]: ✅ [PB-R-36306] Updated
2026-03-25 17:00:11 [INFO]: ✅ [PB-R-36538] Updated
2026-03-25 17:00:11 [INFO]: ✅ [PB-R-36663] Updated
2026-03-25 17:00:11 [INFO]: ✅ [PB-R-13859-3] Updated
2026-03-25 17:00:11 [INFO]: ✅ [PB-R-33928-1] Updated
2026-03-25 17:00:11 [INFO]: ✅ [PB-S-36114] Updated
2026-03-25 17:00:11 [INFO]: ✅ [PB-S-36273] Updated
2026-03-25 17:00:11 [INFO]: ✅ [PB-S-10408-5] Updated
2026-03-25 17:00:11 [INFO]: ✅ [PB-R-36545] Updated
2026-03-25 17:00:11 [INFO]: ✅ [PB-R-36428] Updated
2026-03-25 17:00:11 [INFO]: ✅ [PB-S-11651] Updated
2026-03-25 17:00:11 [INFO]: ✅ [PB-S-13559-5] Updated
2026-03-25 17:00:11 [INFO]: ✅ [PB-S-34620-1] Updated
2026-03-25 17:00:11 [INFO]: ✅ [PB-S-34646-1] Updated
2026-03-25 17:00:11 [INFO]: ✅ [PB-S-36633] Updated
2026-03-25 17:00:11 [INFO]: ✅ [PB-S-36630] Updated
2026-03-25 17:00:11 [INFO]: ✅ [PB-R-36341] Updated
2026-03-25 17:00:11 [INFO]: ✅ [PB-S-11897-3] Updated
2026-03-25 17:00:11 [INFO]: ✅ [PB-S-36569] Updated
2026-03-25 17:00:11 [INFO]: ✅ [PB-S-33922] Updated
2026-03-25 17:00:11 [INFO]: ✅ [PB-S-36014] Updated
2026-03-25 17:00:11 [INFO]: ✅ [PB-S-36316] Updated
2026-03-25 17:00:11 [INFO]: ✅ [PB-S-36263] Updated
2026-03-25 17:00:11 [INFO]: ✅ [PB-S-36317] Updated
2026-03-25 17:00:11 [INFO]: ✅ [PB-S-36320] Updated
2026-03-25 17:00:11 [INFO]: ✅ [PB-S-36258] Updated
2026-03-25 17:00:11 [INFO]: ✅ [PB-S-36051] Updated
2026-03-25 17:00:11 [INFO]: ✅ [PB-R-16179-2] Updated
2026-03-25 17:00:11 [INFO]: ✅ [PB-S-36451] Updated
2026-03-25 17:00:11 [INFO]: ✅ [PB-S-36505] Updated
2026-03-25 17:00:11 [INFO]: ✅ [PB-S-36411] Updated
2026-03-25 17:00:11 [INFO]: ✅ [PB-S-36446] Updated
2026-03-25 17:00:11 [INFO]: ✅ [PB-S-11848-1] Updated
2026-03-25 17:00:11 [INFO]: ✅ [PB-S-36191] Updated
2026-03-25 17:00:11 [INFO]: ✅ [PB-S-36412] Updated
2026-03-25 17:00:11 [INFO]: ✅ [PB-S-14348-5] Updated
2026-03-25 17:00:11 [INFO]: ✅ [PB-S-13889-3] Updated
2026-03-25 17:00:11 [INFO]: ✅ [PB-S-36282] Updated
2026-03-25 17:00:11 [INFO]: ✅ [PB-S-36405] Updated
2026-03-25 17:00:11 [INFO]: ✅ [PB-S-36350] Updated
2026-03-25 17:00:11 [INFO]: ✅ [PB-S-36360] Updated
2026-03-25 17:00:11 [INFO]: ✅ [PB-S-36363] Updated
2026-03-25 17:00:11 [INFO]: ✅ [PB-S-36137] Updated
2026-03-25 17:00:11 [INFO]: ✅ [PB-S-36101] Updated
2026-03-25 17:00:11 [INFO]: ✅ [PB-S-36167] Updated
2026-03-25 17:00:11 [INFO]: ✅ [PB-S-36115] Updated
2026-03-25 17:00:11 [INFO]: ✅ [PB-S-36113] Updated
2026-03-25 17:00:11 [INFO]: ✅ [PB-S-36070] Updated
2026-03-25 17:00:11 [INFO]: ✅ [PB-R-36028] Updated
2026-03-25 17:00:11 [INFO]: ✅ [PB-S-26590] Updated
2026-03-25 17:00:11 [INFO]: ✅ [PB-S-12262] Updated
2026-03-25 17:00:11 [INFO]: ✅ [PB-S-11336-1] Updated
2026-03-25 17:00:11 [INFO]: ✅ [PB-S-15270] Updated
2026-03-25 17:00:11 [INFO]: ✅ [PB-S-13554-3] Updated
2026-03-25 17:00:11 [INFO]: ✅ [PB-S-12608] Updated
2026-03-25 17:00:11 [INFO]: ✅ [PB-R-21888-1] Updated
2026-03-25 17:00:11 [INFO]: ✅ [PB-S-12899-5] Updated
2026-03-25 17:00:11 [INFO]: ✅ [PB-S-37454] Created
2026-03-25 17:00:11 [INFO]: ⏭️  [PB-S-22034] Skipped
2026-03-25 17:00:11 [INFO]: ⏭️  [PB-S-37446] Skipped
2026-03-25 17:00:11 [INFO]: ⏭️  [PB-S-14375] Skipped
2026-03-25 17:00:11 [INFO]: ⏭️  [PB-S-14131] Skipped
2026-03-25 17:00:11 [INFO]: ⏭️  [PB-S-13602] Skipped
2026-03-25 17:00:11 [INFO]: ⏭️  [PB-S-13960] Skipped
2026-03-25 17:00:11 [INFO]: ⏭️  [PB-S-21968] Skipped
2026-03-25 17:00:11 [INFO]: ⏭️  [PB-S-9952] Skipped
2026-03-25 17:00:11 [INFO]: ⏭️  [PB-S-37322] Skipped
2026-03-25 17:00:11 [INFO]: ⏭️  [PB-S-37232] Skipped
2026-03-25 17:00:11 [INFO]: ⏭️  [PB-S-12820] Skipped
2026-03-25 17:00:11 [INFO]: ⏭️  [PB-S-37433] Skipped
2026-03-25 17:00:11 [INFO]: ⏭️  [PB-S-3896] Skipped
2026-03-25 17:00:11 [INFO]: ⏭️  [PB-S-37068] Skipped
2026-03-25 17:00:11 [INFO]: ⏭️  [PB-S-37067] Skipped
2026-03-25 17:00:11 [INFO]: ⏭️  [PB-S-37435] Skipped
2026-03-25 17:00:11 [INFO]: ⏭️  [PB-S-32342] Skipped
2026-03-25 17:00:11 [INFO]: ⏭️  [PB-S-35459] Skipped
2026-03-25 17:00:11 [INFO]: ⏭️  [PB-S-35269] Skipped
2026-03-25 17:00:11 [INFO]: ⏭️  [PB-S-35976] Skipped
2026-03-25 17:00:11 [INFO]: ⏭️  [PB-S-36906] Skipped
2026-03-25 17:00:11 [INFO]: ⏭️  [PB-S-37431] Skipped
2026-03-25 17:00:11 [INFO]: ⏭️  [PB-S-16600] Skipped
2026-03-25 17:00:11 [INFO]: ⏭️  [PB-S-36990] Skipped
2026-03-25 17:00:11 [INFO]: ⏭️  [PB-S-37044] Skipped
2026-03-25 17:00:11 [INFO]: ⏭️  [PB-S-13516] Skipped
2026-03-25 17:00:11 [INFO]: ⏭️  [PB-S-13606] Skipped
2026-03-25 17:00:11 [INFO]: ⏭️  [PB-S-14370] Skipped
2026-03-25 17:00:11 [INFO]: ⏭️  [PB-S-13712] Skipped
2026-03-25 17:00:11 [INFO]: ⏭️  [PB-S-34639] Skipped
2026-03-25 17:00:11 [INFO]: ⏭️  [PB-S-13864] Skipped
2026-03-25 17:00:11 [INFO]: ⏭️  [PB-S-36126] Skipped
2026-03-25 17:00:11 [INFO]: ⏭️  [PB-S-35991] Skipped
2026-03-25 17:00:11 [INFO]: ⏭️  [PB-S-36826] Skipped
2026-03-25 17:00:11 [INFO]: ⏭️  [PB-S-14012] Skipped
2026-03-25 17:00:11 [INFO]: ⏭️  [PB-S-13765] Skipped
2026-03-25 17:00:11 [INFO]: ⏭️  [PB-S-36135] Skipped
2026-03-25 17:00:11 [INFO]: ⏭️  [PB-S-32361] Skipped
2026-03-25 17:00:11 [INFO]: ⏭️  [PB-S-36333] Skipped
2026-03-25 17:00:11 [INFO]: ⏭️  [PB-S-36866] Skipped
2026-03-25 17:00:11 [INFO]: ⏭️  [PB-S-12221] Skipped
2026-03-25 17:00:11 [INFO]: ⏭️  [PB-S-36827] Skipped
2026-03-25 17:00:11 [INFO]: ⏭️  [PB-S-13866] Skipped
2026-03-25 17:00:11 [INFO]: ⏭️  [PB-S-37370] Skipped
2026-03-25 17:00:11 [INFO]: ⏭️  [PB-S-14187] Skipped
2026-03-25 17:00:11 [INFO]: ⏭️  [PB-S-18384] Skipped
2026-03-25 17:00:11 [INFO]: ⏭️  [PB-S-18353] Skipped
2026-03-25 17:00:11 [INFO]: ⏭️  [PB-S-16180] Skipped
2026-03-25 17:00:11 [INFO]: ⏭️  [PB-S-16174] Skipped
2026-03-25 17:00:11 [INFO]: ⏭️  [PB-S-16167] Skipped
2026-03-25 17:00:11 [INFO]: ⏭️  [PB-S-16168] Skipped
2026-03-25 17:00:11 [INFO]: ⏭️  [PB-S-16166] Skipped
2026-03-25 17:00:11 [INFO]: ⏭️  [PB-S-16165] Skipped
2026-03-25 17:00:11 [INFO]: ⏭️  [PB-S-16164] Skipped
2026-03-25 17:00:11 [INFO]: ⏭️  [PB-S-16173] Skipped
2026-03-25 17:00:11 [INFO]: ⏭️  [PB-S-35465] Skipped
2026-03-25 17:00:11 [INFO]: ⏭️  [PB-S-14339] Skipped
2026-03-25 17:00:11 [INFO]: ⏭️  [PB-S-14091] Skipped
2026-03-25 17:00:11 [INFO]: ⏭️  [PB-S-37225] Skipped
2026-03-25 17:00:11 [INFO]: ⏭️  [PB-S-37181] Skipped
2026-03-25 17:00:11 [INFO]: ⏭️  [PB-S-33921] Skipped
2026-03-25 17:00:11 [INFO]: ⏭️  [PB-S-37405] Skipped
2026-03-25 17:00:11 [INFO]: ⏭️  [PB-S-16777] Skipped
2026-03-25 17:00:11 [INFO]: ⏭️  [PB-S-16774] Skipped
2026-03-25 17:00:11 [INFO]: ⏭️  [PB-S-16820] Skipped
2026-03-25 17:00:11 [INFO]: ⏭️  [PB-S-16856] Skipped
2026-03-25 17:00:11 [INFO]: ⏭️  [PB-S-15583] Skipped
2026-03-25 17:00:11 [INFO]: ⏭️  [PB-S-15798] Skipped
2026-03-25 17:00:11 [INFO]: ⏭️  [PB-S-15803] Skipped
2026-03-25 17:00:11 [INFO]: ⏭️  [PB-S-15081] Skipped
2026-03-25 17:00:11 [INFO]: ⏭️  [PB-S-14977] Skipped
2026-03-25 17:00:11 [INFO]: ⏭️  [PB-S-22046] Skipped
2026-03-25 17:00:11 [INFO]: ⏭️  [PB-S-15085] Skipped
2026-03-25 17:00:11 [INFO]: ⏭️  [PB-S-14397] Skipped
2026-03-25 17:00:11 [INFO]: ⏭️  [PB-S-14396] Skipped
2026-03-25 17:00:11 [INFO]: ⏭️  [PB-S-14351] Skipped
2026-03-25 17:00:11 [INFO]: ⏭️  [PB-S-14347] Skipped
2026-03-25 17:00:11 [INFO]: ⏭️  [PB-S-21881] Skipped
2026-03-25 17:00:11 [INFO]: ⏭️  [PB-S-21275] Skipped
2026-03-25 17:00:11 [INFO]: ⏭️  [PB-S-18600] Skipped
2026-03-25 17:00:11 [INFO]: ⏭️  [PB-S-16153] Skipped
2026-03-25 17:00:11 [INFO]: ⏭️  [PB-S-18514] Skipped
2026-03-25 17:00:11 [INFO]: ⏭️  [PB-S-18377] Skipped
2026-03-25 17:00:11 [INFO]: ⏭️  [PB-S-16440] Skipped
2026-03-25 17:00:11 [INFO]: ✅ [PB-S-18345] Updated
2026-03-25 17:00:11 [INFO]: ⏭️  [PB-S-16490] Skipped
2026-03-25 17:00:11 [INFO]: ⏭️  [PB-S-16727] Skipped
2026-03-25 17:00:11 [INFO]: ⏭️  [PB-S-16737] Skipped
2026-03-25 17:00:11 [INFO]: ⏭️  [PB-S-17045] Skipped
2026-03-25 17:00:11 [INFO]: ⏭️  [PB-S-17027] Skipped
2026-03-25 17:00:11 [INFO]: ⏭️  [PB-S-37402] Skipped
2026-03-25 17:00:11 [INFO]: ⏭️  [PB-S-37401] Skipped
2026-03-25 17:00:11 [INFO]: ⏭️  [PB-S-12582] Skipped
2026-03-25 17:00:11 [INFO]: ⏭️  [PB-S-37015] Skipped
2026-03-25 17:00:11 [INFO]: ⏭️  [PB-S-37052] Skipped
2026-03-25 17:00:11 [INFO]: ⏭️  [PB-S-13882] Skipped
2026-03-25 17:00:11 [INFO]: ⏭️  [PB-S-36836] Skipped
2026-03-25 17:00:11 [INFO]: ⏭️  [PB-S-22112] Skipped
2026-03-25 17:00:11 [INFO]: ⏭️  [PB-S-36998] Skipped
2026-03-25 17:00:11 [INFO]: ⏭️  [PB-S-14055] Skipped
2026-03-25 17:00:11 [INFO]: ⏭️  [PB-S-36685] Skipped
2026-03-25 17:00:11 [INFO]: ⏭️  [PB-S-36973] Skipped
2026-03-25 17:00:11 [INFO]: ⏭️  [PB-S-36251] Skipped
2026-03-25 17:00:11 [INFO]: ⏭️  [PB-S-12807] Skipped
2026-03-25 17:00:11 [INFO]: ⏭️  [PB-S-12806] Skipped
2026-03-25 17:00:11 [INFO]: ✅ [PB-R-36720-1] Updated
2026-03-25 17:00:11 [INFO]: ⏭️  [PB-S-16163] Skipped
2026-03-25 17:00:11 [INFO]: ⏭️  [PB-S-16036] Skipped
2026-03-25 17:00:11 [INFO]: ⏭️  [PB-S-15955] Skipped
2026-03-25 17:00:11 [INFO]: ⏭️  [PB-S-15824] Skipped
2026-03-25 17:00:11 [INFO]: ⏭️  [PB-S-15822] Skipped
2026-03-25 17:00:11 [INFO]: ⏭️  [PB-S-15816] Skipped
2026-03-25 17:00:11 [INFO]: ⏭️  [PB-S-15810] Skipped
2026-03-25 17:00:11 [INFO]: ⏭️  [PB-S-15800] Skipped
2026-03-25 17:00:11 [INFO]: ⏭️  [PB-S-15801] Skipped
2026-03-25 17:00:11 [INFO]: ⏭️  [PB-S-15802] Skipped
2026-03-25 17:00:11 [INFO]: ⏭️  [PB-S-15795] Skipped
2026-03-25 17:00:11 [INFO]: ⏭️  [PB-S-15794] Skipped
2026-03-25 17:00:11 [INFO]: ⏭️  [PB-S-15793] Skipped
2026-03-25 17:00:11 [INFO]: ⏭️  [PB-S-15791] Skipped
2026-03-25 17:00:11 [INFO]: ⏭️  [PB-S-15768] Skipped
2026-03-25 17:00:11 [INFO]: ⏭️  [PB-S-15764] Skipped
2026-03-25 17:00:11 [INFO]: ⏭️  [PB-S-15762] Skipped
2026-03-25 17:00:11 [INFO]: ⏭️  [PB-S-15761] Skipped
2026-03-25 17:00:11 [INFO]: ⏭️  [PB-S-15756] Skipped
2026-03-25 17:00:11 [INFO]: ⏭️  [PB-S-15210] Skipped
2026-03-25 17:00:11 [INFO]: ⏭️  [PB-S-14130-1] Skipped
2026-03-25 17:00:11 [INFO]: ⏭️  [PB-S-14127] Skipped
2026-03-25 17:00:11 [INFO]: ⏭️  [PB-S-14079] Skipped
2026-03-25 17:00:11 [INFO]: ⏭️  [PB-S-14078] Skipped
2026-03-25 17:00:11 [INFO]: ⏭️  [PB-S-14076] Skipped
2026-03-25 17:00:11 [INFO]: ⏭️  [PB-S-14025] Skipped
2026-03-25 17:00:11 [INFO]: ⏭️  [PB-S-13992] Skipped
2026-03-25 17:00:11 [INFO]: ⏭️  [PB-S-12740] Skipped
2026-03-25 17:00:11 [INFO]: ⏭️  [PB-S-12603] Skipped
2026-03-25 17:00:11 [INFO]: ✅ [PB-S-12203-6] Updated
2026-03-25 17:00:11 [INFO]: ✅ [PB-S-36171] Updated
2026-03-25 17:00:11 [INFO]: ⏭️  [PB-S-37063] Skipped
2026-03-25 17:00:11 [INFO]: ⏭️  [PB-S-36003] Skipped
2026-03-25 17:00:11 [INFO]: ⏭️  [PB-S-36015] Skipped
2026-03-25 17:00:11 [INFO]: ⏭️  [PB-S-37017] Skipped
2026-03-25 17:00:11 [INFO]: ⏭️  [PB-S-36036] Skipped
2026-03-25 17:00:11 [INFO]: ⏭️  [PB-S-36956] Skipped
2026-03-25 17:00:11 [INFO]: ⏭️  [PB-S-36877] Skipped
2026-03-25 17:00:11 [INFO]: ⏭️  [PB-S-36105] Skipped
2026-03-25 17:00:11 [INFO]: ⏭️  [PB-S-36837] Skipped
2026-03-25 17:00:11 [INFO]: ⏭️  [PB-S-36339] Skipped
2026-03-25 17:00:11 [INFO]: ⏭️  [PB-S-36371] Skipped
2026-03-25 17:00:11 [INFO]: ⏭️  [PB-S-36378] Skipped
2026-03-25 17:00:11 [INFO]: ⏭️  [PB-S-36422] Skipped
2026-03-25 17:00:11 [INFO]: ⏭️  [PB-S-36436] Skipped
2026-03-25 17:00:11 [INFO]: ⏭️  [PB-S-36479] Skipped
2026-03-25 17:00:11 [INFO]: ⏭️  [PB-S-36498] Skipped
2026-03-25 17:00:11 [INFO]: ⏭️  [PB-S-36495] Skipped
2026-03-25 17:00:11 [INFO]: ⏭️  [PB-S-36502] Skipped
2026-03-25 17:00:11 [INFO]: ⏭️  [PB-S-36526] Skipped
2026-03-25 17:00:11 [INFO]: ⏭️  [PB-S-36703] Skipped
2026-03-25 17:00:11 [INFO]: ⏭️  [PB-S-36583] Skipped
2026-03-25 17:00:11 [INFO]: ⏭️  [PB-S-37195] Skipped
2026-03-25 17:00:11 [INFO]: ⏭️  [PB-S-14275] Skipped
2026-03-25 17:00:11 [INFO]: ⏭️  [PB-S-13597] Skipped
2026-03-25 17:00:11 [INFO]: ⏭️  [PB-S-13616] Skipped
2026-03-25 17:00:11 [INFO]: ⏭️  [PB-S-11744] Skipped
2026-03-25 17:00:11 [INFO]: ⏭️  [PB-S-36380] Skipped
2026-03-25 17:00:11 [INFO]: ⏭️  [PB-S-13878] Skipped
2026-03-25 17:00:11 [INFO]: ⏭️  [PB-S-36784] Skipped
2026-03-25 17:00:11 [INFO]: ⏭️  [PB-S-36969] Skipped
2026-03-25 17:00:11 [INFO]: ⏭️  [PB-S-22080] Skipped
2026-03-25 17:00:11 [INFO]: ⏭️  [PB-S-36966] Skipped
2026-03-25 17:00:11 [INFO]: ⏭️  [PB-S-16606] Skipped
2026-03-25 17:00:11 [INFO]: ⏭️  [PB-S-37199] Skipped
2026-03-25 17:00:11 [INFO]: ⏭️  [PB-S-22090] Skipped
2026-03-25 17:00:11 [INFO]: ⏭️  [PB-S-34032] Skipped
2026-03-25 17:00:11 [INFO]: ⏭️  [PB-S-14002] Skipped
2026-03-25 17:00:11 [INFO]: ⏭️  [PB-S-15896] Skipped
2026-03-25 17:00:11 [INFO]: ⏭️  [PB-R-32326] Skipped
2026-03-25 17:00:11 [INFO]: ⏭️  [PB-R-28651] Skipped
2026-03-25 17:00:11 [INFO]: ⏭️  [PB-R-13780] Skipped
2026-03-25 17:00:11 [INFO]: ⏭️  [PB-R-36055] Skipped
2026-03-25 17:00:11 [INFO]: ✅ [PB-S-25628] Updated
2026-03-25 17:00:11 [INFO]: ⏭️  [PB-R-36748] Skipped
2026-03-25 17:00:11 [INFO]: ⏭️  [PB-S-37040] Skipped
2026-03-25 17:00:11 [INFO]: ⏭️  [PB-R-37041] Skipped
2026-03-25 17:00:11 [INFO]: ⏭️  [PB-S-36880] Skipped
2026-03-25 17:00:11 [INFO]: ⏭️  [PB-S-36863] Skipped
2026-03-25 17:00:11 [INFO]: ⏭️  [PB-R-36846] Skipped
2026-03-25 17:00:11 [INFO]: ⏭️  [PB-S-36819] Skipped
2026-03-25 17:00:11 [INFO]: ⏭️  [PB-S-36809] Skipped
2026-03-25 17:00:11 [INFO]: ⏭️  [PB-R-36747] Skipped
2026-03-25 17:00:11 [INFO]: ⏭️  [PB-S-36810] Skipped
2026-03-25 17:00:11 [INFO]: ⏭️  [PB-R-36745] Skipped
2026-03-25 17:00:11 [INFO]: ⏭️  [PB-R-36746] Skipped
2026-03-25 17:00:11 [INFO]: ⏭️  [PB-S-36768] Skipped
2026-03-25 17:00:11 [INFO]: ⏭️  [PB-S-36765] Skipped
2026-03-25 17:00:11 [INFO]: ⏭️  [PB-S-36766] Skipped
2026-03-25 17:00:11 [INFO]: ⏭️  [PB-R-36750] Skipped
2026-03-25 17:00:11 [INFO]: ⏭️  [PB-R-36763] Skipped
2026-03-25 17:00:11 [INFO]: ⏭️  [PB-R-36762] Skipped
2026-03-25 17:00:11 [INFO]: ⏭️  [PB-R-36741] Skipped
2026-03-25 17:00:11 [INFO]: ⏭️  [PB-R-36761] Skipped
2026-03-25 17:00:11 [INFO]: ⏭️  [PB-R-36743] Skipped
2026-03-25 17:00:11 [INFO]: ⏭️  [PB-S-36767] Skipped
2026-03-25 17:00:11 [INFO]: ⏭️  [PB-S-36967] Skipped
2026-03-25 17:00:11 [INFO]: ⏭️  [PB-S-15841] Skipped
2026-03-25 17:00:11 [INFO]: ⏭️  [PB-S-37260] Skipped
2026-03-25 17:00:11 [INFO]: ⏭️  [PB-S-37019] Skipped
2026-03-25 17:00:11 [INFO]: ✅ [PB-R-37031] Updated
2026-03-25 17:00:11 [INFO]: ⏭️  [PB-S-37001] Skipped
2026-03-25 17:00:11 [INFO]: ⏭️  [PB-S-36902] Skipped
2026-03-25 17:00:11 [INFO]: ⏭️  [PB-S-12758] Skipped
2026-03-25 17:00:11 [INFO]: ⏭️  [PB-S-36915] Skipped
2026-03-25 17:00:11 [INFO]: ⏭️  [PB-S-12847] Skipped
2026-03-25 17:00:11 [INFO]: ⏭️  [PB-S-14222] Skipped
2026-03-25 17:00:11 [INFO]: ⏭️  [PB-S-2911] Skipped
2026-03-25 17:00:11 [INFO]: ⏭️  [PB-S-27160] Skipped
2026-03-25 17:00:11 [INFO]: ⏭️  [PB-S-12844] Skipped
2026-03-25 17:00:11 [INFO]: ⏭️  [PB-S-35954] Skipped
2026-03-25 17:00:11 [INFO]: ⏭️  [PB-S-36852] Skipped
2026-03-25 17:00:11 [INFO]: ⏭️  [PB-S-36000] Skipped
2026-03-25 17:00:11 [INFO]: ⏭️  [PB-S-10511] Skipped
2026-03-25 17:00:11 [INFO]: ⏭️  [PB-S-25954] Skipped
2026-03-25 17:00:11 [INFO]: ⏭️  [PB-S-27631] Skipped
2026-03-25 17:00:11 [INFO]: ⏭️  [PB-S-3552] Skipped
2026-03-25 17:00:11 [INFO]: ⏭️  [PB-S-14329] Skipped
2026-03-25 17:00:11 [INFO]: ⏭️  [PB-S-12916] Skipped
2026-03-25 17:00:11 [INFO]: ⏭️  [PB-S-13926] Skipped
2026-03-25 17:00:11 [INFO]: ⏭️  [PB-S-13625] Skipped
2026-03-25 17:00:11 [INFO]: ⏭️  [PB-S-36707] Skipped
2026-03-25 17:00:11 [INFO]: ⏭️  [PB-S-13893] Skipped
2026-03-25 17:00:11 [INFO]: ⏭️  [PB-S-13965] Skipped
2026-03-25 17:00:11 [INFO]: ⏭️  [PB-S-35275] Skipped
2026-03-25 17:00:11 [INFO]: ✅ [PB-R-36802] Updated
2026-03-25 17:00:11 [INFO]: ⏭️  [PB-S-36764] Skipped
2026-03-25 17:00:11 [INFO]: ✅ [PB-R-36604] Updated
2026-03-25 17:00:11 [INFO]: ⏭️  [PB-S-36629] Skipped
2026-03-25 17:00:11 [INFO]: ⏭️  [PB-S-36644] Skipped
2026-03-25 17:00:11 [INFO]: ⏭️  [PB-S-36645] Skipped
2026-03-25 17:00:11 [INFO]: ⏭️  [PB-S-36674] Skipped
2026-03-25 17:00:11 [INFO]: ✅ [PB-R-36611] Updated
2026-03-25 17:00:11 [INFO]: ⏭️  [PB-S-36677] Skipped
2026-03-25 17:00:11 [INFO]: ⏭️  [PB-S-36678] Skipped
2026-03-25 17:00:11 [INFO]: ⏭️  [PB-R-36804] Skipped
2026-03-25 17:00:11 [INFO]: ⏭️  [PB-S-36925] Skipped
2026-03-25 17:00:11 [INFO]: ⏭️  [PB-S-36924] Skipped
2026-03-25 17:00:11 [INFO]: ⏭️  [PB-S-36695] Skipped
2026-03-25 17:00:11 [INFO]: ⏭️  [PB-S-36886] Skipped
2026-03-25 17:00:11 [INFO]: ⏭️  [PB-S-36544] Skipped
2026-03-25 17:00:11 [INFO]: ⏭️  [PB-S-36885] Skipped
2026-03-25 17:00:11 [INFO]: ⏭️  [PB-S-36865] Skipped
2026-03-25 17:00:11 [INFO]: ⏭️  [PB-S-36729] Skipped
2026-03-25 17:00:11 [INFO]: ⏭️  [PB-S-36733] Skipped
2026-03-25 17:00:11 [INFO]: ⏭️  [PB-S-36736] Skipped
2026-03-25 17:00:11 [INFO]: ⏭️  [PB-R-36613] Skipped
2026-03-25 17:00:11 [INFO]: ⏭️  [PB-S-36751] Skipped
2026-03-25 17:00:11 [INFO]: ✅ [PB-R-36753-1] Updated
2026-03-25 17:00:11 [INFO]: ⏭️  [PB-S-36631] Skipped
2026-03-25 17:00:11 [INFO]: ⏭️  [PB-S-36625] Skipped
2026-03-25 17:00:11 [INFO]: ⏭️  [PB-S-36511] Skipped
2026-03-25 17:00:11 [INFO]: ⏭️  [PB-S-36487] Skipped
2026-03-25 17:00:11 [INFO]: ⏭️  [PB-S-36491] Skipped
2026-03-25 17:00:11 [INFO]: ✅ [PB-S-36500] Updated
2026-03-25 17:00:11 [INFO]: ⏭️  [PB-S-36485] Skipped
2026-03-25 17:00:11 [INFO]: ⏭️  [PB-S-36482] Skipped
2026-03-25 17:00:11 [INFO]: ⏭️  [PB-S-36480] Skipped
2026-03-25 17:00:11 [INFO]: ⏭️  [PB-S-36402] Skipped
2026-03-25 17:00:11 [INFO]: ⏭️  [PB-S-36525] Skipped
2026-03-25 17:00:11 [INFO]: ✅ [PB-S-36522] Updated
2026-03-25 17:00:11 [INFO]: ⏭️  [PB-S-36510] Skipped
2026-03-25 17:00:11 [INFO]: ⏭️  [PB-S-36504] Skipped
2026-03-25 17:00:11 [INFO]: ⏭️  [PB-S-36401] Skipped
2026-03-25 17:00:11 [INFO]: ⏭️  [PB-S-36309] Skipped
2026-03-25 17:00:11 [INFO]: ⏭️  [PB-S-36257] Skipped
2026-03-25 17:00:11 [INFO]: ⏭️  [PB-S-36364] Skipped
2026-03-25 17:00:11 [INFO]: ⏭️  [PB-S-36246] Skipped
2026-03-25 17:00:11 [INFO]: ✅ [PB-R-36338] Updated
2026-03-25 17:00:11 [INFO]: ⏭️  [PB-S-36308] Skipped
2026-03-25 17:00:11 [INFO]: ✅ [PB-S-36406] Updated
2026-03-25 17:00:11 [INFO]: ⏭️  [PB-S-36400] Skipped
2026-03-25 17:00:11 [INFO]: ⏭️  [PB-S-36370] Skipped
2026-03-25 17:00:11 [INFO]: ✅ [PB-S-36398] Updated
2026-03-25 17:00:11 [INFO]: ⏭️  [PB-S-36119] Skipped
2026-03-25 17:00:11 [INFO]: ⏭️  [PB-S-36088] Skipped
2026-03-25 17:00:11 [INFO]: ⏭️  [PB-S-36112] Skipped
2026-03-25 17:00:11 [INFO]: ⏭️  [PB-S-36111] Skipped
2026-03-25 17:00:12 [INFO]: ⏭️  [PB-S-36116] Skipped
2026-03-25 17:00:12 [INFO]: ⏭️  [PB-S-36120] Skipped
2026-03-25 17:00:12 [INFO]: ⏭️  [PB-S-36117] Skipped
2026-03-25 17:00:12 [INFO]: ⏭️  [PB-S-36121] Skipped
2026-03-25 17:00:12 [INFO]: ⏭️  [PB-S-36066] Skipped
2026-03-25 17:00:12 [INFO]: ⏭️  [PB-S-36034] Skipped
2026-03-25 17:00:12 [INFO]: ⏭️  [PB-S-36068] Skipped
2026-03-25 17:00:12 [INFO]: ✅ [PB-S-36046] Updated
2026-03-25 17:00:12 [INFO]: ✅ [PB-R-35972-1] Updated
2026-03-25 17:00:12 [INFO]: ⏭️  [PB-S-35998] Skipped
2026-03-25 17:00:12 [INFO]: ⏭️  [PB-S-36083] Skipped
2026-03-25 17:00:12 [INFO]: ⏭️  [PB-S-36079] Skipped
2026-03-25 17:00:12 [INFO]: ⏭️  [PB-S-36081] Skipped
2026-03-25 17:00:12 [INFO]: ⏭️  [PB-S-36076] Skipped
2026-03-25 17:00:12 [INFO]: ⏭️  [PB-S-36078] Skipped
2026-03-25 17:00:12 [INFO]: ⏭️  [PB-S-36074] Skipped
2026-03-25 17:00:12 [INFO]: ⏭️  [PB-S-35279] Skipped
2026-03-25 17:00:12 [INFO]: ⏭️  [PB-S-34616] Skipped
2026-03-25 17:00:12 [INFO]: ⏭️  [PB-S-35162] Skipped
2026-03-25 17:00:12 [INFO]: ⏭️  [PB-S-34615] Skipped
2026-03-25 17:00:12 [INFO]: ⏭️  [PB-S-30934] Skipped
2026-03-25 17:00:12 [INFO]: ⏭️  [PB-S-31316] Skipped
2026-03-25 17:00:12 [INFO]: ⏭️  [PB-S-31107] Skipped
2026-03-25 17:00:12 [INFO]: ⏭️  [PB-S-31024] Skipped
2026-03-25 17:00:12 [INFO]: ⏭️  [PB-S-30969] Skipped
2026-03-25 17:00:12 [INFO]: ⏭️  [PB-S-28625] Skipped
2026-03-25 17:00:12 [INFO]: ⏭️  [PB-R-28630] Skipped
2026-03-25 17:00:12 [INFO]: ⏭️  [PB-S-23525] Skipped
2026-03-25 17:00:12 [INFO]: ⏭️  [PB-S-22622] Skipped
2026-03-25 17:00:12 [INFO]: ⏭️  [PB-S-22256] Skipped
2026-03-25 17:00:12 [INFO]: ⏭️  [PB-S-23664] Skipped
2026-03-25 17:00:12 [INFO]: ⏭️  [PB-S-22116] Skipped
2026-03-25 17:00:12 [INFO]: ⏭️  [PB-S-22152] Skipped
2026-03-25 17:00:12 [INFO]: ⏭️  [PB-S-21999] Skipped
2026-03-25 17:00:12 [INFO]: ⏭️  [PB-S-22002] Skipped
2026-03-25 17:00:12 [INFO]: ⏭️  [PB-S-21913] Skipped
2026-03-25 17:00:12 [INFO]: ⏭️  [PB-S-18617] Skipped
2026-03-25 17:00:12 [INFO]: ⏭️  [PB-S-18550] Skipped
2026-03-25 17:00:12 [INFO]: ⏭️  [PB-S-18537] Skipped
2026-03-25 17:00:12 [INFO]: ⏭️  [PB-S-18548] Skipped
2026-03-25 17:00:12 [INFO]: ⏭️  [PB-S-18545] Skipped
2026-03-25 17:00:12 [INFO]: ⏭️  [PB-S-18547] Skipped
2026-03-25 17:00:12 [INFO]: ⏭️  [PB-S-21912] Skipped
2026-03-25 17:00:12 [INFO]: ⏭️  [PB-S-21933] Skipped
2026-03-25 17:00:12 [INFO]: ⏭️  [PB-S-21904] Skipped
2026-03-25 17:00:12 [INFO]: ✅ [PB-S-21903-1] Updated
2026-03-25 17:00:12 [INFO]: ⏭️  [PB-S-21901] Skipped
2026-03-25 17:00:12 [INFO]: ⏭️  [PB-S-18513] Skipped
2026-03-25 17:00:12 [INFO]: ⏭️  [PB-S-18505] Skipped
2026-03-25 17:00:12 [INFO]: ⏭️  [PB-S-18493] Skipped
2026-03-25 17:00:12 [INFO]: ⏭️  [PB-S-18482] Skipped
2026-03-25 17:00:12 [INFO]: ⏭️  [PB-S-18479] Skipped
2026-03-25 17:00:12 [INFO]: ⏭️  [PB-S-18437] Skipped
2026-03-25 17:00:12 [INFO]: ⏭️  [PB-S-18435] Skipped
2026-03-25 17:00:12 [INFO]: ⏭️  [PB-S-18429] Skipped
2026-03-25 17:00:12 [INFO]: ⏭️  [PB-S-18411] Skipped
2026-03-25 17:00:12 [INFO]: ⏭️  [PB-S-18390] Skipped
2026-03-25 17:00:12 [INFO]: ⏭️  [PB-S-18385] Skipped
2026-03-25 17:00:12 [INFO]: ⏭️  [PB-S-18382] Skipped
2026-03-25 17:00:12 [INFO]: ⏭️  [PB-S-18381] Skipped
2026-03-25 17:00:12 [INFO]: ⏭️  [PB-S-18380] Skipped
2026-03-25 17:00:12 [INFO]: ⏭️  [PB-S-18379] Skipped
2026-03-25 17:00:12 [INFO]: ⏭️  [PB-S-18378] Skipped
2026-03-25 17:00:12 [INFO]: ⏭️  [PB-S-18383] Skipped
2026-03-25 17:00:12 [INFO]: ⏭️  [PB-S-18374] Skipped
2026-03-25 17:00:12 [INFO]: ⏭️  [PB-S-18315] Skipped
2026-03-25 17:00:12 [INFO]: ⏭️  [PB-S-16151] Skipped
2026-03-25 17:00:12 [INFO]: ⏭️  [PB-S-16814] Skipped
2026-03-25 17:00:12 [INFO]: ⏭️  [PB-S-16812] Skipped
2026-03-25 17:00:12 [INFO]: ⏭️  [PB-S-16787] Skipped
2026-03-25 17:00:12 [INFO]: ⏭️  [PB-S-16048] Skipped
2026-03-25 17:00:12 [INFO]: ⏭️  [PB-S-16050] Skipped
2026-03-25 17:00:12 [INFO]: ⏭️  [PB-S-16259] Skipped
2026-03-25 17:00:12 [INFO]: ⏭️  [PB-S-16202] Skipped
2026-03-25 17:00:12 [INFO]: ⏭️  [PB-S-16888] Skipped
2026-03-25 17:00:12 [INFO]: ⏭️  [PB-S-16182] Skipped
2026-03-25 17:00:12 [INFO]: ⏭️  [PB-S-16862] Skipped
2026-03-25 17:00:12 [INFO]: ⏭️  [PB-S-17543] Skipped
2026-03-25 17:00:12 [INFO]: ⏭️  [PB-S-17284] Skipped
2026-03-25 17:00:12 [INFO]: ⏭️  [PB-S-16016] Skipped
2026-03-25 17:00:12 [INFO]: ⏭️  [PB-S-15231] Skipped
2026-03-25 17:00:12 [INFO]: ⏭️  [PB-S-14239] Skipped
2026-03-25 17:00:12 [INFO]: ⏭️  [PB-S-14253] Skipped
2026-03-25 17:00:12 [INFO]: ⏭️  [PB-S-14140] Skipped
2026-03-25 17:00:12 [INFO]: ⏭️  [PB-S-14142] Skipped
2026-03-25 17:00:12 [INFO]: ⏭️  [PB-S-14345] Skipped
2026-03-25 17:00:12 [INFO]: ⏭️  [PB-S-14328] Skipped
2026-03-25 17:00:12 [INFO]: ⏭️  [PB-S-15079] Skipped
2026-03-25 17:00:12 [INFO]: ⏭️  [PB-S-14284] Skipped
2026-03-25 17:00:12 [INFO]: ✅ [PB-S-14400-2] Updated
2026-03-25 17:00:12 [INFO]: ⏭️  [PB-S-14410] Skipped
2026-03-25 17:00:12 [INFO]: ⏭️  [PB-S-14411] Skipped
2026-03-25 17:00:12 [INFO]: ⏭️  [PB-S-13888] Skipped
2026-03-25 17:00:12 [INFO]: ⏭️  [PB-S-13858] Skipped
2026-03-25 17:00:12 [INFO]: ⏭️  [PB-S-13808] Skipped
2026-03-25 17:00:12 [INFO]: ⏭️  [PB-S-13785] Skipped
2026-03-25 17:00:12 [INFO]: ⏭️  [PB-S-13784] Skipped
2026-03-25 17:00:12 [INFO]: ⏭️  [PB-S-13681] Skipped
2026-03-25 17:00:12 [INFO]: ⏭️  [PB-S-14107] Skipped
2026-03-25 17:00:12 [INFO]: ⏭️  [PB-S-13567] Skipped
2026-03-25 17:00:12 [INFO]: ⏭️  [PB-S-13645] Skipped
2026-03-25 17:00:12 [INFO]: ⏭️  [PB-S-13646-1] Skipped
2026-03-25 17:00:12 [INFO]: ⏭️  [PB-S-13582] Skipped
2026-03-25 17:00:12 [INFO]: ⏭️  [PB-S-13392] Skipped
2026-03-25 17:00:12 [INFO]: ⏭️  [PB-S-13572] Skipped
2026-03-25 17:00:12 [INFO]: ⏭️  [PB-S-13612] Skipped
2026-03-25 17:00:12 [INFO]: ⏭️  [PB-S-13585-6] Skipped
2026-03-25 17:00:12 [INFO]: ⏭️  [PB-S-13570] Skipped
2026-03-25 17:00:12 [INFO]: ⏭️  [PB-S-12821] Skipped
2026-03-25 17:00:12 [INFO]: ⏭️  [PB-S-12992] Skipped
2026-03-25 17:00:12 [INFO]: ⏭️  [PB-S-8665] Skipped
2026-03-25 17:00:12 [INFO]: ⏭️  [PB-S-12186] Skipped
2026-03-25 17:00:12 [INFO]: ⏭️  [PB-S-11654] Skipped
2026-03-25 17:00:12 [INFO]: ✅ [PB-S-11131] Updated
2026-03-25 17:00:12 [INFO]: ⏭️  [PB-S-11701] Skipped
2026-03-25 17:00:12 [INFO]: ⏭️  [PB-S-10976] Skipped
2026-03-25 17:00:12 [INFO]: ⏭️  [PB-S-11209-1] Skipped
2026-03-25 17:00:12 [INFO]: ⏭️  [PB-S-10586] Skipped
2026-03-25 17:00:12 [INFO]: ⏭️  [PB-S-8126] Skipped
2026-03-25 17:00:12 [INFO]: ⏭️  [PB-S-7524] Skipped
2026-03-25 17:00:12 [INFO]: ⏭️  [PB-S-2923] Skipped
2026-03-25 17:00:12 [INFO]: ⏭️  [PB-S-2922] Skipped
2026-03-25 17:00:12 [INFO]: ✅ [PB-S-5008] Updated
2026-03-25 17:00:12 [INFO]: ✅ [PB-S-1016-1] Updated
2026-03-25 17:00:12 [INFO]: ⏭️  [PB-S-10646] Skipped
2026-03-25 17:00:12 [INFO]: ⏭️  [PB-S-13880] Skipped
2026-03-25 17:00:12 [INFO]: ✅ [PB-S-14146-5] Updated
2026-03-25 17:00:12 [INFO]: ✅ [PB-S-2692] Updated
2026-03-25 17:00:12 [INFO]: ⏭️  [PB-S-36129] Skipped
2026-03-25 17:00:12 [INFO]: ⏭️  [PB-S-36008] Skipped
2026-03-25 17:00:12 [INFO]: ⏭️  [PB-S-28645] Skipped
2026-03-25 17:00:12 [INFO]: ⏭️  [PB-S-9945] Skipped
2026-03-25 17:00:12 [INFO]: ✅ [PB-S-12040-6] Updated
2026-03-25 17:00:12 [INFO]: ⏭️  [PB-S-8380] Skipped
2026-03-25 17:00:12 [INFO]: ⏭️  [PB-S-14182] Skipped
2026-03-25 17:00:12 [INFO]: ⏭️  [PB-S-14297] Skipped
2026-03-25 17:00:12 [INFO]: ⏭️  [PB-S-14296] Skipped
2026-03-25 17:00:12 [INFO]: ✅ [PB-S-14081-4] Updated
2026-03-25 17:00:12 [INFO]: ⏭️  [PB-S-14075] Skipped
2026-03-25 17:00:12 [INFO]: ⏭️  [PB-S-14074] Skipped
2026-03-25 17:00:12 [INFO]: ⏭️  [PB-S-14072] Skipped
2026-03-25 17:00:12 [INFO]: ⏭️  [PB-S-14060] Skipped
2026-03-25 17:00:12 [INFO]: ⏭️  [PB-S-14047] Skipped
2026-03-25 17:00:12 [INFO]: ⏭️  [PB-S-14045] Skipped
2026-03-25 17:00:12 [INFO]: ⏭️  [PB-S-14043] Skipped
2026-03-25 17:00:12 [INFO]: ⏭️  [PB-S-14046] Skipped
2026-03-25 17:00:12 [INFO]: ⏭️  [PB-S-14044] Skipped
2026-03-25 17:00:12 [INFO]: ⏭️  [PB-S-14033] Skipped
2026-03-25 17:00:12 [INFO]: ⏭️  [PB-S-14027] Skipped
2026-03-25 17:00:12 [INFO]: ⏭️  [PB-S-14026] Skipped
2026-03-25 17:00:12 [INFO]: ⏭️  [PB-S-14023] Skipped
2026-03-25 17:00:12 [INFO]: ⏭️  [PB-S-14022] Skipped
2026-03-25 17:00:12 [INFO]: ⏭️  [PB-S-14021] Skipped
2026-03-25 17:00:12 [INFO]: ⏭️  [PB-S-13991] Skipped
2026-03-25 17:00:12 [INFO]: ⏭️  [PB-S-12276] Skipped
2026-03-25 17:00:12 [INFO]: ⏭️  [PB-S-11826] Skipped
2026-03-25 17:00:12 [INFO]: ⏭️  [PB-S-34644] Skipped
2026-03-25 17:00:12 [INFO]: ⏭️  [PB-S-12849] Skipped
2026-03-25 17:00:12 [INFO]: ⏭️  [PB-S-11750] Skipped
2026-03-25 17:00:12 [INFO]: ⏭️  [PB-S-13533] Skipped
2026-03-25 17:00:12 [INFO]: ⏭️  [PB-S-13544] Skipped
2026-03-25 17:00:12 [INFO]: ⏭️  [PB-S-13545] Skipped
2026-03-25 17:00:12 [INFO]: ⏭️  [PB-S-13546] Skipped
2026-03-25 17:00:12 [INFO]: ⏭️  [PB-S-13838] Skipped
2026-03-25 17:00:12 [INFO]: ⏭️  [PB-S-13897-2] Skipped
2026-03-25 17:00:12 [INFO]: ⏭️  [PB-S-2432] Skipped
2026-03-25 17:00:12 [INFO]: ⏭️  [PB-S-13584] Skipped
2026-03-25 17:00:12 [INFO]: ⏭️  [PB-S-13661] Skipped
2026-03-25 17:00:12 [INFO]: ⏭️  [PB-S-13918] Skipped
2026-03-25 17:00:12 [INFO]: ⏭️  [PB-S-15214] Skipped
2026-03-25 17:00:12 [INFO]: ✅ [PB-R-36029] Updated
2026-03-25 17:00:12 [INFO]: ⏭️  [PB-S-13571] Skipped
2026-03-25 17:00:12 [INFO]: ⏭️  [PB-S-13574] Skipped
2026-03-25 17:00:12 [INFO]: ⏭️  [PB-S-14204] Skipped
2026-03-25 17:00:12 [INFO]: ⏭️  [PB-S-12653] Skipped
2026-03-25 17:00:12 [INFO]: ⏭️  [PB-S-8566] Skipped
2026-03-25 17:00:12 [INFO]: ⏭️  [PB-R-36391] Skipped
2026-03-25 17:00:12 [INFO]: ⏭️  [PB-R-33910] Skipped
2026-03-25 17:00:12 [INFO]: ⏭️  [PB-S-36395] Skipped
2026-03-25 17:00:12 [INFO]: ⏭️  [PB-S-33920] Skipped
2026-03-25 17:00:12 [INFO]: ⏭️  [PB-S-15196] Skipped
2026-03-25 17:00:12 [INFO]: ⏭️  [PB-S-14401-11] Skipped
2026-03-25 17:00:12 [INFO]: ⏭️  [PB-S-30903] Skipped
2026-03-25 17:00:12 [INFO]: ⏭️  [PB-S-36342] Skipped
2026-03-25 17:00:12 [INFO]: ⏭️  [PB-S-36325] Skipped
2026-03-25 17:00:12 [INFO]: ⏭️  [PB-S-36351] Skipped
2026-03-25 17:00:12 [INFO]: ⏭️  [PB-S-36090] Skipped
2026-03-25 17:00:12 [INFO]: ⏭️  [PB-R-34648] Skipped
2026-03-25 17:00:12 [INFO]: ⏭️  [PB-S-16046] Skipped
2026-03-25 17:00:12 [INFO]: ⏭️  [PB-R-16080] Skipped
2026-03-25 17:00:12 [INFO]: ⏭️  [PB-S-16056] Skipped
2026-03-25 17:00:12 [INFO]: ✅ [PB-S-16044-1] Updated
2026-03-25 17:00:12 [INFO]: ⏭️  [PB-S-14223] Skipped
2026-03-25 17:00:12 [INFO]: ⏭️  [PB-S-14305] Skipped
2026-03-25 17:00:12 [INFO]: ⏭️  [PB-S-14219] Skipped
2026-03-25 17:00:12 [INFO]: ⏭️  [PB-S-14212] Skipped
2026-03-25 17:00:12 [INFO]: ⏭️  [PB-S-14132] Skipped
2026-03-25 17:00:12 [INFO]: ⏭️  [PB-S-13922] Skipped
2026-03-25 17:00:12 [INFO]: ⏭️  [PB-S-14991] Skipped
2026-03-25 17:00:12 [INFO]: ⏭️  [PB-S-15129] Skipped
2026-03-25 17:00:12 [INFO]: ⏭️  [PB-S-13744] Skipped
2026-03-25 17:00:12 [INFO]: ⏭️  [PB-S-13732] Skipped
2026-03-25 17:00:12 [INFO]: ⏭️  [PB-S-13691] Skipped
2026-03-25 17:00:12 [INFO]: ⏭️  [PB-S-15218] Skipped
2026-03-25 17:00:12 [INFO]: ⏭️  [PB-S-15413-1] Skipped
2026-03-25 17:00:12 [INFO]: ⏭️  [PB-S-15882] Skipped
2026-03-25 17:00:12 [INFO]: ⏭️  [PB-S-35958] Skipped
2026-03-25 17:00:12 [INFO]: ⏭️  [PB-S-36285] Skipped
2026-03-25 17:00:12 [INFO]: ⏭️  [PB-S-11345] Skipped
2026-03-25 17:00:12 [INFO]: ⏭️  [PB-S-36252] Skipped
2026-03-25 17:00:12 [INFO]: ⏭️  [PB-S-36266] Skipped
2026-03-25 17:00:12 [INFO]: ⏭️  [PB-S-13867] Skipped
2026-03-25 17:00:12 [INFO]: ⏭️  [PB-S-12814] Skipped
2026-03-25 17:00:12 [INFO]: ⏭️  [PB-S-36134] Skipped
2026-03-25 17:00:12 [INFO]: ⏭️  [PB-S-36037] Skipped
2026-03-25 17:00:12 [INFO]: ⏭️  [PB-S-36058] Skipped
2026-03-25 17:00:12 [INFO]: ✅ [PB-S-36099] Updated
2026-03-25 17:00:12 [INFO]: ⏭️  [PB-S-36127] Skipped
2026-03-25 17:00:12 [INFO]: ⏭️  [PB-S-34575] Skipped
2026-03-25 17:00:12 [INFO]: ⏭️  [PB-S-34599] Skipped
2026-03-25 17:00:12 [INFO]: ⏭️  [PB-S-36006] Skipped
2026-03-25 17:00:12 [INFO]: ⏭️  [PB-S-14392] Skipped
2026-03-25 17:00:12 [INFO]: ⏭️  [PB-S-36087] Skipped
2026-03-25 17:00:12 [INFO]: ⏭️  [PB-S-21943] Skipped
2026-03-25 17:00:12 [INFO]: ⏭️  [PB-S-9684] Skipped
2026-03-25 17:00:12 [INFO]: ⏭️  [PB-S-11424] Skipped
2026-03-25 17:00:12 [INFO]: ⏭️  [PB-S-12772] Skipped
2026-03-25 17:00:12 [INFO]: ⏭️  [PB-S-12712] Skipped
2026-03-25 17:00:12 [INFO]: ⏭️  [PB-S-8808] Skipped
2026-03-25 17:00:12 [INFO]: ⏭️  [PB-S-12046-4] Skipped
2026-03-25 17:00:12 [INFO]: ✅ [PB-S-5139] Updated
2026-03-25 17:00:12 [INFO]: ⏭️  [PB-S-16055] Skipped
2026-03-25 17:00:12 [INFO]: ⏭️  [PB-S-35982] Skipped
2026-03-25 17:00:12 [INFO]: ⏭️  [PB-S-34645] Skipped
2026-03-25 17:00:12 [INFO]: ⏭️  [PB-S-35981] Skipped
2026-03-25 17:00:12 [INFO]: ⏭️  [PB-R-28626] Skipped
2026-03-25 17:00:12 [INFO]: ⏭️  [PB-R-28627] Skipped
2026-03-25 17:00:12 [INFO]: ⏭️  [PB-R-28628] Skipped
2026-03-25 17:00:12 [INFO]: ⏭️  [PB-S-28631] Skipped
2026-03-25 17:00:12 [INFO]: ⏭️  [PB-S-33915] Skipped
2026-03-25 17:00:12 [INFO]: ⏭️  [PB-S-33916] Skipped
2026-03-25 17:00:12 [INFO]: ⏭️  [PB-S-28639] Skipped
2026-03-25 17:00:12 [INFO]: ⏭️  [PB-R-28641] Skipped
2026-03-25 17:00:12 [INFO]: ✅ [PB-S-34630] Updated
2026-03-25 17:00:12 [INFO]: ⏭️  [PB-R-34633] Skipped
2026-03-25 17:00:12 [INFO]: ⏭️  [PB-S-34634] Skipped
2026-03-25 17:00:12 [INFO]: ⏭️  [PB-S-21992] Skipped
2026-03-25 17:00:12 [INFO]: ⏭️  [PB-S-30693] Skipped
2026-03-25 17:00:12 [INFO]: ⏭️  [PB-S-33913] Skipped
2026-03-25 17:00:12 [INFO]: ⏭️  [PB-R-32360] Skipped
2026-03-25 17:00:12 [INFO]: ⏭️  [PB-S-33914] Skipped
2026-03-25 17:00:12 [INFO]: ⏭️  [PB-S-18486] Skipped
2026-03-25 17:00:12 [INFO]: ⏭️  [PB-S-18519] Skipped
2026-03-25 17:00:12 [INFO]: ⏭️  [PB-S-18546] Skipped
2026-03-25 17:00:12 [INFO]: ⏭️  [PB-S-18487] Skipped
2026-03-25 17:00:12 [INFO]: ⏭️  [PB-S-16015] Skipped
2026-03-25 17:00:12 [INFO]: ⏭️  [PB-R-16072] Skipped
2026-03-25 17:00:12 [INFO]: ⏭️  [PB-S-16042] Skipped
2026-03-25 17:00:12 [INFO]: ⏭️  [PB-S-16000] Skipped
2026-03-25 17:00:12 [INFO]: ⏭️  [PB-S-15999] Skipped
2026-03-25 17:00:12 [INFO]: ⏭️  [PB-S-15997] Skipped
2026-03-25 17:00:12 [INFO]: ⏭️  [PB-S-15996] Skipped
2026-03-25 17:00:12 [INFO]: ⏭️  [PB-S-18481] Skipped
2026-03-25 17:00:12 [INFO]: ⏭️  [PB-S-18474] Skipped
2026-03-25 17:00:12 [INFO]: ⏭️  [PB-S-18376] Skipped
2026-03-25 17:00:12 [INFO]: ⏭️  [PB-S-18386] Skipped
2026-03-25 17:00:12 [INFO]: ⏭️  [PB-S-15995] Skipped
2026-03-25 17:00:12 [INFO]: ⏭️  [PB-S-15993] Skipped
2026-03-25 17:00:12 [INFO]: ⏭️  [PB-S-18442] Skipped
2026-03-25 17:00:12 [INFO]: ⏭️  [PB-S-18441] Skipped
2026-03-25 17:00:12 [INFO]: ⏭️  [PB-S-16522] Skipped
2026-03-25 17:00:12 [INFO]: ⏭️  [PB-S-18425] Skipped
2026-03-25 17:00:12 [INFO]: ⏭️  [PB-S-18424] Skipped
2026-03-25 17:00:12 [INFO]: ⏭️  [PB-S-18370] Skipped
2026-03-25 17:00:12 [INFO]: ⏭️  [PB-S-18195-1] Skipped
2026-03-25 17:00:12 [INFO]: ⏭️  [PB-S-15992] Skipped
2026-03-25 17:00:12 [INFO]: ⏭️  [PB-S-15991] Skipped
2026-03-25 17:00:12 [INFO]: ⏭️  [PB-S-18342] Skipped
2026-03-25 17:00:12 [INFO]: ⏭️  [PB-S-15990] Skipped
2026-03-25 17:00:12 [INFO]: ⏭️  [PB-S-15989] Skipped
2026-03-25 17:00:12 [INFO]: ⏭️  [PB-S-18332] Skipped
2026-03-25 17:00:12 [INFO]: ⏭️  [PB-S-18336] Skipped
2026-03-25 17:00:12 [INFO]: ⏭️  [PB-S-18387] Skipped
2026-03-25 17:00:12 [INFO]: ⏭️  [PB-S-18334] Skipped
2026-03-25 17:00:12 [INFO]: ⏭️  [PB-S-18335] Skipped
2026-03-25 17:00:12 [INFO]: ⏭️  [PB-S-16007] Skipped
2026-03-25 17:00:12 [INFO]: ⏭️  [PB-S-16006] Skipped
2026-03-25 17:00:12 [INFO]: ⏭️  [PB-S-16008] Skipped
2026-03-25 17:00:12 [INFO]: ⏭️  [PB-S-16010] Skipped
2026-03-25 17:00:12 [INFO]: ⏭️  [PB-S-16003] Skipped
2026-03-25 17:00:12 [INFO]: ⏭️  [PB-S-16001] Skipped
2026-03-25 17:00:12 [INFO]: ⏭️  [PB-S-16011] Skipped
2026-03-25 17:00:12 [INFO]: ⏭️  [PB-S-16014] Skipped
2026-03-25 17:00:12 [INFO]: ⏭️  [PB-S-15918] Skipped
2026-03-25 17:00:12 [INFO]: ⏭️  [PB-S-15988] Skipped
2026-03-25 17:00:12 [INFO]: ⏭️  [PB-S-15987] Skipped
2026-03-25 17:00:12 [INFO]: ⏭️  [PB-S-15986] Skipped
2026-03-25 17:00:12 [INFO]: ⏭️  [PB-S-15985] Skipped
2026-03-25 17:00:12 [INFO]: ⏭️  [PB-S-15984] Skipped
2026-03-25 17:00:12 [INFO]: ⏭️  [PB-S-15982] Skipped
2026-03-25 17:00:12 [INFO]: ⏭️  [PB-S-15980] Skipped
2026-03-25 17:00:12 [INFO]: ⏭️  [PB-S-15979] Skipped
2026-03-25 17:00:12 [INFO]: ⏭️  [PB-S-15978] Skipped
2026-03-25 17:00:12 [INFO]: ⏭️  [PB-S-16013] Skipped
2026-03-25 17:00:12 [INFO]: ⏭️  [PB-S-15977] Skipped
2026-03-25 17:00:12 [INFO]: ⏭️  [PB-S-15975] Skipped
2026-03-25 17:00:12 [INFO]: ⏭️  [PB-S-15974] Skipped
2026-03-25 17:00:12 [INFO]: ⏭️  [PB-S-15971] Skipped
2026-03-25 17:00:12 [INFO]: ⏭️  [PB-S-15970] Skipped
2026-03-25 17:00:12 [INFO]: ⏭️  [PB-S-15969] Skipped
2026-03-25 17:00:12 [INFO]: ⏭️  [PB-S-16004] Skipped
2026-03-25 17:00:12 [INFO]: ⏭️  [PB-S-15968] Skipped
2026-03-25 17:00:12 [INFO]: ⏭️  [PB-S-15967] Skipped
2026-03-25 17:00:12 [INFO]: ⏭️  [PB-S-15966] Skipped
2026-03-25 17:00:12 [INFO]: ⏭️  [PB-S-15965] Skipped
2026-03-25 17:00:12 [INFO]: ⏭️  [PB-S-15963] Skipped
2026-03-25 17:00:12 [INFO]: ⏭️  [PB-S-15962] Skipped
2026-03-25 17:00:12 [INFO]: ⏭️  [PB-S-15960] Skipped
2026-03-25 17:00:12 [INFO]: ⏭️  [PB-S-15959] Skipped
2026-03-25 17:00:12 [INFO]: ⏭️  [PB-S-15958] Skipped
2026-03-25 17:00:12 [INFO]: ⏭️  [PB-S-15994] Skipped
2026-03-25 17:00:12 [INFO]: ⏭️  [PB-S-15957] Skipped
2026-03-25 17:00:12 [INFO]: ⏭️  [PB-S-15954] Skipped
2026-03-25 17:00:12 [INFO]: ⏭️  [PB-S-15951] Skipped
2026-03-25 17:00:12 [INFO]: ⏭️  [PB-S-15981] Skipped
2026-03-25 17:00:12 [INFO]: ⏭️  [PB-S-15949] Skipped
2026-03-25 17:00:12 [INFO]: ⏭️  [PB-S-15948] Skipped
2026-03-25 17:00:12 [INFO]: ⏭️  [PB-S-15947] Skipped
2026-03-25 17:00:12 [INFO]: ⏭️  [PB-S-15946] Skipped
2026-03-25 17:00:12 [INFO]: ⏭️  [PB-S-15945] Skipped
2026-03-25 17:00:12 [INFO]: ⏭️  [PB-S-15944] Skipped
2026-03-25 17:00:12 [INFO]: ⏭️  [PB-S-15942] Skipped
2026-03-25 17:00:12 [INFO]: ⏭️  [PB-S-15976] Skipped
2026-03-25 17:00:12 [INFO]: ⏭️  [PB-S-15941] Skipped
2026-03-25 17:00:12 [INFO]: ⏭️  [PB-S-15940] Skipped
2026-03-25 17:00:12 [INFO]: ⏭️  [PB-S-15973] Skipped
2026-03-25 17:00:12 [INFO]: ⏭️  [PB-S-15939] Skipped
2026-03-25 17:00:12 [INFO]: ⏭️  [PB-S-15938] Skipped
2026-03-25 17:00:12 [INFO]: ⏭️  [PB-S-15936] Skipped
2026-03-25 17:00:12 [INFO]: ⏭️  [PB-S-15935] Skipped
2026-03-25 17:00:12 [INFO]: ⏭️  [PB-S-15934] Skipped
2026-03-25 17:00:12 [INFO]: ⏭️  [PB-S-15932] Skipped
2026-03-25 17:00:12 [INFO]: ⏭️  [PB-S-15931] Skipped
2026-03-25 17:00:12 [INFO]: ⏭️  [PB-S-15930] Skipped
2026-03-25 17:00:12 [INFO]: ⏭️  [PB-S-15929] Skipped
2026-03-25 17:00:12 [INFO]: ⏭️  [PB-S-15928] Skipped
2026-03-25 17:00:12 [INFO]: ⏭️  [PB-S-15927] Skipped
2026-03-25 17:00:12 [INFO]: ⏭️  [PB-S-15925] Skipped
2026-03-25 17:00:12 [INFO]: ⏭️  [PB-S-16002] Skipped
2026-03-25 17:00:12 [INFO]: ⏭️  [PB-S-15924] Skipped
2026-03-25 17:00:12 [INFO]: ⏭️  [PB-S-15923] Skipped
2026-03-25 17:00:12 [INFO]: ⏭️  [PB-S-15922] Skipped
2026-03-25 17:00:12 [INFO]: ⏭️  [PB-S-15921] Skipped
2026-03-25 17:00:12 [INFO]: ⏭️  [PB-S-15964] Skipped
2026-03-25 17:00:12 [INFO]: ⏭️  [PB-S-15920] Skipped
2026-03-25 17:00:12 [INFO]: ⏭️  [PB-S-15919] Skipped
2026-03-25 17:00:12 [INFO]: ⏭️  [PB-S-15961] Skipped
2026-03-25 17:00:12 [INFO]: ⏭️  [PB-S-15916] Skipped
2026-03-25 17:00:12 [INFO]: ⏭️  [PB-S-15956] Skipped
2026-03-25 17:00:12 [INFO]: ⏭️  [PB-S-15913] Skipped
2026-03-25 17:00:12 [INFO]: ⏭️  [PB-S-15912] Skipped
2026-03-25 17:00:12 [INFO]: ⏭️  [PB-S-15911] Skipped
2026-03-25 17:00:12 [INFO]: ⏭️  [PB-S-15910] Skipped
2026-03-25 17:00:12 [INFO]: ⏭️  [PB-S-15909] Skipped
2026-03-25 17:00:12 [INFO]: ⏭️  [PB-S-15908] Skipped
2026-03-25 17:00:12 [INFO]: ⏭️  [PB-S-15937] Skipped
2026-03-25 17:00:12 [INFO]: ⏭️  [PB-S-15933] Skipped
2026-03-25 17:00:12 [INFO]: ⏭️  [PB-S-15906] Skipped
2026-03-25 17:00:12 [INFO]: ⏭️  [PB-S-15953] Skipped
2026-03-25 17:00:12 [INFO]: ⏭️  [PB-S-16012] Skipped
2026-03-25 17:00:12 [INFO]: ⏭️  [PB-S-15943] Skipped
2026-03-25 17:00:12 [INFO]: ⏭️  [PB-S-15983] Skipped
2026-03-25 17:00:12 [INFO]: ⏭️  [PB-S-15917] Skipped
2026-03-25 17:00:12 [INFO]: ⏭️  [PB-S-16005] Skipped
2026-03-25 17:00:12 [INFO]: ⏭️  [PB-S-15926] Skipped
2026-03-25 17:00:12 [INFO]: ⏭️  [PB-S-15879] Skipped
2026-03-25 17:00:12 [INFO]: ⏭️  [PB-S-15878] Skipped
2026-03-25 17:00:12 [INFO]: ⏭️  [PB-S-15859] Skipped
2026-03-25 17:00:12 [INFO]: ⏭️  [PB-S-14387-6] Skipped
2026-03-25 17:00:12 [INFO]: ⏭️  [PB-S-14389] Skipped
2026-03-25 17:00:12 [INFO]: ⏭️  [PB-S-14393-3] Skipped
2026-03-25 17:00:12 [INFO]: ⏭️  [PB-S-14141] Skipped
2026-03-25 17:00:12 [INFO]: ⏭️  [PB-S-15767-1] Skipped
2026-03-25 17:00:12 [INFO]: ⏭️  [PB-S-15779-2] Skipped
2026-03-25 17:00:12 [INFO]: ⏭️  [PB-S-15227] Skipped
2026-03-25 17:00:12 [INFO]: ⏭️  [PB-S-15216] Skipped
2026-03-25 17:00:12 [INFO]: ⏭️  [PB-S-14035] Skipped
2026-03-25 17:00:12 [INFO]: ⏭️  [PB-S-14036] Skipped
2026-03-25 17:00:12 [INFO]: ⏭️  [PB-S-14077] Skipped
2026-03-25 17:00:12 [INFO]: ⏭️  [PB-S-13990] Skipped
2026-03-25 17:00:12 [INFO]: ⏭️  [PB-S-13937] Skipped
2026-03-25 17:00:12 [INFO]: ⏭️  [PB-S-13156] Skipped
2026-03-25 17:00:12 [INFO]: ⏭️  [PB-S-13607] Skipped
2026-03-25 17:00:12 [INFO]: ⏭️  [PB-S-13146] Skipped
2026-03-25 17:00:12 [INFO]: ⏭️  [PB-S-13883] Skipped
2026-03-25 17:00:12 [INFO]: ⏭️  [PB-S-14031] Skipped
2026-03-25 17:00:12 [INFO]: ⏭️  [PB-S-13903] Skipped
2026-03-25 17:00:12 [INFO]: ⏭️  [PB-S-14000] Skipped
2026-03-25 17:00:12 [INFO]: ⏭️  [PB-S-13946] Skipped
2026-03-25 17:00:12 [INFO]: ⏭️  [PB-S-13957] Skipped
2026-03-25 17:00:12 [INFO]: ⏭️  [PB-S-13953] Skipped
2026-03-25 17:00:12 [INFO]: ⏭️  [PB-S-13952-10] Skipped
2026-03-25 17:00:12 [INFO]: ⏭️  [PB-S-13949] Skipped
2026-03-25 17:00:12 [INFO]: ⏭️  [PB-S-13947] Skipped
2026-03-25 17:00:12 [INFO]: ⏭️  [PB-S-13942] Skipped
2026-03-25 17:00:12 [INFO]: ⏭️  [PB-S-13948] Skipped
2026-03-25 17:00:12 [INFO]: ⏭️  [PB-S-9886] Skipped
2026-03-25 17:00:12 [INFO]: ⏭️  [PB-S-11558] Skipped
2026-03-25 17:00:12 [INFO]: ⏭️  [PB-S-11489-2] Skipped
2026-03-25 17:00:12 [INFO]: ⏭️  [PB-S-11559] Skipped
2026-03-25 17:00:12 [INFO]: ⏭️  [PB-S-12025-3] Skipped
2026-03-25 17:00:12 [INFO]: ⏭️  [PB-S-12098-4] Skipped
2026-03-25 17:00:12 [INFO]: ⏭️  [PB-S-11279] Skipped
2026-03-25 17:00:12 [INFO]: ⏭️  [PB-S-11571] Skipped
2026-03-25 17:00:12 [INFO]: ⏭️  [PB-S-11580] Skipped
2026-03-25 17:00:12 [INFO]: ⏭️  [PB-S-11581] Skipped
2026-03-25 17:00:12 [INFO]: ⏭️  [PB-S-8572] Skipped
2026-03-25 17:00:12 [INFO]: ⏭️  [PB-S-9338] Skipped
2026-03-25 17:00:12 [INFO]: ⏭️  [PB-S-9466] Skipped
2026-03-25 17:00:12 [INFO]: ✅ [PB-S-5184] Updated
2026-03-25 17:00:12 [INFO]: ⏭️  [PB-S-5221] Skipped
2026-03-25 17:00:12 [INFO]: ⏭️  [PB-S-10153] Skipped
2026-03-25 17:00:12 [INFO]: ⏭️  [PB-S-9851] Skipped
2026-03-25 17:00:12 [INFO]: ⏭️  [PB-S-12734] Skipped
2026-03-25 17:00:12 [INFO]: ⏭️  [PB-S-14138] Skipped
2026-03-25 17:00:12 [INFO]: ⏭️  [PB-S-2382] Skipped
2026-03-25 17:00:12 [INFO]: ⏭️  [PB-S-14229] Skipped
2026-03-25 17:00:12 [INFO]: ⏭️  [PB-S-21883] Skipped
2026-03-25 17:00:12 [INFO]: ✅ [PB-S-1079] Updated
2026-03-25 17:00:12 [INFO]: ⏭️  [PB-S-15972] Skipped
2026-03-25 17:00:12 [INFO]: ⏭️  [PB-S-12685] Skipped
2026-03-25 17:00:12 [INFO]: ⏭️  [PB-S-21982] Skipped
2026-03-25 17:00:12 [INFO]: ⏭️  [PB-S-14304] Skipped
2026-03-25 17:00:12 [INFO]: ⏭️  [PB-S-12692] Skipped
2026-03-25 17:00:12 [INFO]: ⏭️  [PB-S-14377] Skipped
2026-03-25 17:00:12 [INFO]: ⏭️  [PB-S-14213] Skipped
2026-03-25 17:00:12 [INFO]: ⏭️  [PB-S-13976] Skipped
2026-03-25 17:00:12 [INFO]: ⏭️  [PB-R-16083-1] Skipped
2026-03-25 17:00:12 [INFO]: ⏭️  [PB-S-22118] Skipped
2026-03-25 17:00:12 [INFO]: ⏭️  [PB-S-18329] Skipped
2026-03-25 17:00:12 [INFO]: ⏭️  [PB-S-22045] Skipped
2026-03-25 17:00:12 [INFO]: ⏭️  [PB-S-22104] Skipped
2026-03-25 17:00:12 [INFO]: ⏭️  [PB-S-18338] Skipped
2026-03-25 17:00:12 [INFO]: ✅ [PB-S-13682-1] Updated
2026-03-25 17:00:12 [INFO]: ⏭️  [PB-S-18243] Skipped
2026-03-25 17:00:12 [INFO]: ⏭️  [PB-S-14271] Skipped
2026-03-25 17:00:12 [INFO]: ⏭️  [PB-S-18536] Skipped
2026-03-25 17:00:12 [INFO]: ⏭️  [PB-S-21911] Skipped
2026-03-25 17:00:12 [INFO]: ⏭️  [PB-S-13904] Skipped
2026-03-25 17:00:12 [INFO]: ⏭️  [PB-S-6045] Skipped
2026-03-25 17:00:12 [INFO]: ⏭️  [PB-S-14522] Skipped
2026-03-25 17:00:12 [INFO]: ⏭️  [PB-S-13626] Skipped
2026-03-25 17:00:12 [INFO]: ⏭️  [PB-S-16066] Skipped
2026-03-25 17:00:12 [INFO]: ⏭️  [PB-S-16041] Skipped
2026-03-25 17:00:12 [INFO]: ⏭️  [PB-S-16064] Skipped
2026-03-25 17:00:12 [INFO]: ⏭️  [PB-S-18422] Skipped
2026-03-25 17:00:12 [INFO]: ⏭️  [PB-S-3763] Skipped
2026-03-25 17:00:12 [INFO]: ⏭️  [PB-S-18240] Skipped
2026-03-25 17:00:12 [INFO]: ⏭️  [PB-R-13779] Skipped
2026-03-25 17:00:12 [INFO]: ⏭️  [PB-R-13651] Skipped
2026-03-25 17:00:12 [INFO]: ⏭️  [PB-R-7776] Skipped
2026-03-25 17:00:12 [INFO]: ⏭️  [PB-S-15414] Skipped
2026-03-25 17:00:12 [INFO]: ⏭️  [PB-S-14489] Skipped
2026-03-25 17:00:12 [INFO]: ⏭️  [PB-S-15412] Skipped
2026-03-25 17:00:12 [INFO]: ⏭️  [PB-S-15134] Skipped
2026-03-25 17:00:12 [INFO]: ⏭️  [PB-S-18393] Skipped
2026-03-25 17:00:12 [INFO]: ✅ [PB-S-5750-5] Updated
2026-03-25 17:00:12 [INFO]: ⏭️  [PB-S-18510] Skipped
2026-03-25 17:00:12 [INFO]: ✅ [PB-S-3044] Updated
2026-03-25 17:00:12 [INFO]: ⏭️  [PB-S-7381] Skipped
2026-03-25 17:00:12 [INFO]: ⏭️  [PB-S-16043] Skipped
2026-03-25 17:00:12 [INFO]: ⏭️  [PB-S-18472] Skipped
2026-03-25 17:00:12 [INFO]: ⏭️  [PB-S-18471] Skipped
2026-03-25 17:00:12 [INFO]: ⏭️  [PB-S-18258] Skipped
2026-03-25 17:00:12 [INFO]: ⏭️  [PB-S-14320] Skipped
2026-03-25 17:00:12 [INFO]: ⏭️  [PB-S-18394] Skipped
2026-03-25 17:00:12 [INFO]: ⏭️  [PB-R-15782] Skipped
2026-03-25 17:00:12 [INFO]: ⏭️  [PB-S-14321] Skipped
2026-03-25 17:00:12 [INFO]: ⏭️  [PB-S-14137] Skipped
2026-03-25 17:00:12 [INFO]: ⏭️  [PB-S-13623] Skipped
2026-03-25 17:00:12 [INFO]: ⏭️  [PB-S-13805] Skipped
2026-03-25 17:00:12 [INFO]: ⏭️  [PB-S-14369] Skipped
2026-03-25 17:00:12 [INFO]: ⏭️  [PB-S-14371] Skipped
2026-03-25 17:00:12 [INFO]: ⏭️  [PB-S-15133] Skipped
2026-03-25 17:00:12 [INFO]: ⏭️  [PB-S-13817] Skipped
2026-03-25 17:00:12 [INFO]: ⏭️  [PB-S-13637] Skipped
2026-03-25 17:00:12 [INFO]: ⏭️  [PB-S-13630] Skipped
2026-03-25 17:00:12 [INFO]: ⏭️  [PB-S-15271] Skipped
2026-03-25 17:00:12 [INFO]: ⏭️  [PB-S-16039] Skipped
2026-03-25 17:00:12 [INFO]: ⏭️  [PB-S-13484] Skipped
2026-03-25 17:00:12 [INFO]: ⏭️  [PB-S-14338] Skipped
2026-03-25 17:00:12 [INFO]: ⏭️  [PB-S-12898-1] Skipped
2026-03-25 17:00:12 [INFO]: ⏭️  [PB-S-14382] Skipped
2026-03-25 17:00:12 [INFO]: ⏭️  [PB-S-14385] Skipped
2026-03-25 17:00:12 [INFO]: ⏭️  [PB-S-14386] Skipped
2026-03-25 17:00:12 [INFO]: ⏭️  [PB-S-14336] Skipped
2026-03-25 17:00:12 [INFO]: ⏭️  [PB-S-14100-9] Skipped
2026-03-25 17:00:12 [INFO]: ⏭️  [PB-S-14428] Skipped
2026-03-25 17:00:12 [INFO]: ⏭️  [PB-S-14355] Skipped
2026-03-25 17:00:12 [INFO]: ⏭️  [PB-S-11614] Skipped
2026-03-25 17:00:12 [INFO]: ⏭️  [PB-S-14349] Skipped
2026-03-25 17:00:12 [INFO]: ⏭️  [PB-S-14005] Skipped
2026-03-25 17:00:12 [INFO]: ⏭️  [PB-S-14337] Skipped
2026-03-25 17:00:12 [INFO]: ⏭️  [PB-S-13655] Skipped
2026-03-25 17:00:12 [INFO]: ⏭️  [PB-S-12084-1] Skipped
2026-03-25 17:00:12 [INFO]: ⏭️  [PB-S-12205] Skipped
2026-03-25 17:00:12 [INFO]: ⏭️  [PB-S-11765] Skipped
2026-03-25 17:00:12 [INFO]: ⏭️  [PB-S-1100] Skipped
2026-03-25 17:00:12 [INFO]: ✅ [PB-S-1438] Updated
2026-03-25 17:00:12 [INFO]: ⏭️  [PB-S-12641] Skipped
2026-03-25 17:00:12 [INFO]: ⏭️  [PB-S-14220] Skipped
2026-03-25 17:00:12 [INFO]: ⏭️  [PB-S-13890] Skipped
2026-03-25 17:00:12 [INFO]: ⏭️  [PB-S-14238] Skipped
2026-03-25 17:00:12 [INFO]: ⏭️  [PB-S-12969] Skipped
2026-03-25 17:00:12 [INFO]: ⏭️  [PB-S-14350] Skipped
2026-03-25 17:00:12 [INFO]: ⏭️  [PB-S-13713] Skipped
2026-03-25 17:00:12 [INFO]: ⏭️  [PB-R-10183] Skipped
2026-03-25 17:00:12 [INFO]: ✅ [PB-S-3197] Updated
2026-03-25 17:00:12 [INFO]: ⏭️  [PB-S-10120] Skipped
2026-03-25 17:00:12 [INFO]: ⏭️  [PB-S-12846] Skipped
2026-03-25 17:00:12 [INFO]: ⏭️  [PB-S-11499] Skipped
2026-03-25 17:00:12 [INFO]: ⏭️  [PB-S-18260] Skipped
2026-03-25 17:00:12 [INFO]: ✅ [PB-S-11992-1] Updated
2026-03-25 17:00:12 [INFO]: ⏭️  [PB-S-11550] Skipped
2026-03-25 17:00:12 [INFO]: ⏭️  [PB-S-9958] Skipped
2026-03-25 17:00:12 [INFO]: ⏭️  [PB-S-18287] Skipped
2026-03-25 17:00:12 [INFO]: ⏭️  [PB-S-13724] Skipped
2026-03-25 17:00:12 [INFO]: ⏭️  [PB-S-14394] Skipped
2026-03-25 17:00:12 [INFO]: ⏭️  [PB-S-14095-11] Skipped
2026-03-25 17:00:12 [INFO]: ⏭️  [PB-S-10709] Skipped
2026-03-25 17:00:12 [INFO]: ⏭️  [PB-S-10710] Skipped
2026-03-25 17:00:12 [INFO]: ⏭️  [PB-S-13132] Skipped
2026-03-25 17:00:12 [INFO]: ⏭️  [PB-S-8772] Skipped
2026-03-25 17:00:12 [INFO]: ⏭️  [PB-S-13834] Skipped
2026-03-25 17:00:12 [INFO]: ⏭️  [PB-S-15136] Skipped
2026-03-25 17:00:12 [INFO]: ⏭️  [PB-S-13832] Skipped
2026-03-25 17:00:12 [INFO]: ⏭️  [PB-S-12834] Skipped
2026-03-25 17:00:12 [INFO]: ⏭️  [PB-S-14373] Skipped
2026-03-25 17:00:12 [INFO]: ⏭️  [PB-S-12747] Skipped
2026-03-25 17:00:12 [INFO]: ⏭️  [PB-S-12788] Skipped
2026-03-25 17:00:12 [INFO]: ⏭️  [PB-S-12835] Skipped
2026-03-25 17:00:12 [INFO]: ⏭️  [PB-S-10997] Skipped
2026-03-25 17:00:12 [INFO]: ⏭️  [PB-S-13090] Skipped
2026-03-25 17:00:12 [INFO]: ⏭️  [PB-S-14246] Skipped
2026-03-25 17:00:12 [INFO]: ⏭️  [PB-S-15163] Skipped
2026-03-25 17:00:12 [INFO]: ⏭️  [PB-S-15784] Skipped
2026-03-25 17:00:12 [INFO]: ⏭️  [PB-S-13775] Skipped
2026-03-25 17:00:12 [INFO]: ⏭️  [PB-S-12762] Skipped
2026-03-25 17:00:12 [INFO]: ⏭️  [PB-S-13819] Skipped
2026-03-25 17:00:12 [INFO]: ⏭️  [PB-S-14252] Skipped
2026-03-25 17:00:12 [INFO]: ⏭️  [PB-S-12573-2] Skipped
2026-03-25 17:00:12 [INFO]: ⏭️  [PB-S-13931] Skipped
2026-03-25 17:00:12 [INFO]: ⏭️  [PB-S-14251] Skipped
2026-03-25 17:00:12 [INFO]: ⏭️  [PB-S-14295] Skipped
2026-03-25 17:00:12 [INFO]: ⏭️  [PB-S-14209-5] Skipped
2026-03-25 17:00:12 [INFO]: ⏭️  [PB-S-14211] Skipped
2026-03-25 17:00:12 [INFO]: ⏭️  [PB-S-12643] Skipped
2026-03-25 17:00:12 [INFO]: ⏭️  [PB-S-12640] Skipped
2026-03-25 17:00:12 [INFO]: ⏭️  [PB-S-13510] Skipped
2026-03-25 17:00:12 [INFO]: ⏭️  [PB-S-13840] Skipped
2026-03-25 17:00:12 [INFO]: ⏭️  [PB-S-13018] Skipped
2026-03-25 17:00:12 [INFO]: ⏭️  [PB-S-14147] Skipped
2026-03-25 17:00:12 [INFO]: ⏭️  [PB-S-12716] Skipped
2026-03-25 17:00:12 [INFO]: ⏭️  [PB-R-7780] Skipped
2026-03-25 17:00:12 [INFO]: ⏭️  [PB-S-12693] Skipped
2026-03-25 17:00:12 [INFO]: ⏭️  [PB-S-12181] Skipped
2026-03-25 17:00:12 [INFO]: ⏭️  [PB-S-12704] Skipped
2026-03-25 17:00:12 [INFO]: ⏭️  [PB-S-12763] Skipped
2026-03-25 17:00:12 [INFO]: ⏭️  [PB-S-12631] Skipped
2026-03-25 17:00:12 [INFO]: ⏭️  [PB-S-12632] Skipped
2026-03-25 17:00:12 [INFO]: ⏭️  [PB-S-7530] Skipped
2026-03-25 17:00:12 [INFO]: ⏭️  [PB-S-12565] Skipped
2026-03-25 17:00:12 [INFO]: ⏭️  [PB-S-11381-1] Skipped
2026-03-25 17:00:12 [INFO]: ⏭️  [PB-S-13139] Skipped
2026-03-25 17:00:12 [INFO]: ⏭️  [PB-S-13137] Skipped
2026-03-25 17:00:12 [INFO]: ⏭️  [PB-S-13138] Skipped
2026-03-25 17:00:12 [INFO]: ⏭️  [PB-S-13133] Skipped
2026-03-25 17:00:12 [INFO]: ⏭️  [PB-S-13130] Skipped
2026-03-25 17:00:12 [INFO]: ⏭️  [PB-S-13129] Skipped
2026-03-25 17:00:12 [INFO]: ⏭️  [PB-S-13128] Skipped
2026-03-25 17:00:12 [INFO]: ⏭️  [PB-S-13120] Skipped
2026-03-25 17:00:12 [INFO]: ⏭️  [PB-S-13119] Skipped
2026-03-25 17:00:12 [INFO]: ⏭️  [PB-S-13118] Skipped
2026-03-25 17:00:12 [INFO]: ⏭️  [PB-S-13116] Skipped
2026-03-25 17:00:12 [INFO]: ⏭️  [PB-S-13135] Skipped
2026-03-25 17:00:12 [INFO]: ⏭️  [PB-S-13117] Skipped
2026-03-25 17:00:12 [INFO]: ⏭️  [PB-S-13115] Skipped
2026-03-25 17:00:12 [INFO]: ⏭️  [PB-S-13112] Skipped
2026-03-25 17:00:12 [INFO]: ⏭️  [PB-S-12954] Skipped
2026-03-25 17:00:12 [INFO]: ⏭️  [PB-S-12877] Skipped
2026-03-25 17:00:12 [INFO]: ⏭️  [PB-S-12850] Skipped
2026-03-25 17:00:12 [INFO]: ⏭️  [PB-S-12843] Skipped
2026-03-25 17:00:12 [INFO]: ⏭️  [PB-S-12841] Skipped
2026-03-25 17:00:12 [INFO]: ⏭️  [PB-S-12840] Skipped
2026-03-25 17:00:12 [INFO]: ⏭️  [PB-S-12839] Skipped
2026-03-25 17:00:12 [INFO]: ⏭️  [PB-S-12838] Skipped
2026-03-25 17:00:12 [INFO]: ⏭️  [PB-S-12831] Skipped
2026-03-25 17:00:12 [INFO]: ⏭️  [PB-S-12745] Skipped
2026-03-25 17:00:12 [INFO]: ⏭️  [PB-S-12721-1] Skipped
2026-03-25 17:00:12 [INFO]: ⏭️  [PB-S-12719] Skipped
2026-03-25 17:00:12 [INFO]: ⏭️  [PB-S-12709] Skipped
2026-03-25 17:00:12 [INFO]: ⏭️  [PB-S-12708] Skipped
2026-03-25 17:00:12 [INFO]: ⏭️  [PB-S-12707] Skipped
2026-03-25 17:00:12 [INFO]: ⏭️  [PB-S-12700] Skipped
2026-03-25 17:00:12 [INFO]: ⏭️  [PB-S-12691] Skipped
2026-03-25 17:00:12 [INFO]: ⏭️  [PB-S-12690] Skipped
2026-03-25 17:00:12 [INFO]: ⏭️  [PB-S-12688-1] Skipped
2026-03-25 17:00:12 [INFO]: ⏭️  [PB-S-12673] Skipped
2026-03-25 17:00:12 [INFO]: ⏭️  [PB-S-12607-1] Skipped
2026-03-25 17:00:12 [INFO]: ⏭️  [PB-S-12606-] Skipped
2026-03-25 17:00:12 [INFO]: ⏭️  [PB-S-12594] Skipped
2026-03-25 17:00:12 [INFO]: ⏭️  [PB-S-12593] Skipped
2026-03-25 17:00:12 [INFO]: ⏭️  [PB-S-12581-2] Skipped
2026-03-25 17:00:12 [INFO]: ⏭️  [PB-S-12567-2] Skipped
2026-03-25 17:00:12 [INFO]: ⏭️  [PB-S-12550] Skipped
2026-03-25 17:00:12 [INFO]: ⏭️  [PB-S-12547] Skipped
2026-03-25 17:00:12 [INFO]: ⏭️  [PB-S-12543] Skipped
2026-03-25 17:00:12 [INFO]: ⏭️  [PB-S-12544-1] Skipped
2026-03-25 17:00:12 [INFO]: ⏭️  [PB-S-12531-1] Skipped
2026-03-25 17:00:12 [INFO]: ⏭️  [PB-S-12529-1] Skipped
2026-03-25 17:00:12 [INFO]: ⏭️  [PB-S-12525-1] Skipped
2026-03-25 17:00:12 [INFO]: ⏭️  [PB-S-12292] Skipped
2026-03-25 17:00:12 [INFO]: ⏭️  [PB-S-12290] Skipped
2026-03-25 17:00:12 [INFO]: ⏭️  [PB-S-12264] Skipped
2026-03-25 17:00:12 [INFO]: ⏭️  [PB-S-12261] Skipped
2026-03-25 17:00:12 [INFO]: ⏭️  [PB-S-12260] Skipped
2026-03-25 17:00:12 [INFO]: ⏭️  [PB-S-12239-2] Skipped
2026-03-25 17:00:12 [INFO]: ⏭️  [PB-S-12227] Skipped
2026-03-25 17:00:12 [INFO]: ⏭️  [PB-S-12226] Skipped
2026-03-25 17:00:12 [INFO]: ⏭️  [PB-S-12161-2] Skipped
2026-03-25 17:00:12 [INFO]: ⏭️  [PB-S-12160-2] Skipped
2026-03-25 17:00:12 [INFO]: ⏭️  [PB-S-12034-2] Skipped
2026-03-25 17:00:12 [INFO]: ⏭️  [PB-S-11990] Skipped
2026-03-25 17:00:12 [INFO]: ⏭️  [PB-S-11890-1] Skipped
2026-03-25 17:00:12 [INFO]: ⏭️  [PB-S-11870] Skipped
2026-03-25 17:00:12 [INFO]: ⏭️  [PB-S-11831-1] Skipped
2026-03-25 17:00:12 [INFO]: ⏭️  [PB-S-11716] Skipped
2026-03-25 17:00:12 [INFO]: ⏭️  [PB-S-11402-1] Skipped
2026-03-25 17:00:12 [INFO]: ⏭️  [PB-S-11382-1] Skipped
2026-03-25 17:00:12 [INFO]: ⏭️  [PB-S-11082] Skipped
2026-03-25 17:00:12 [INFO]: ⏭️  [PB-S-10096] Skipped
2026-03-25 17:00:12 [INFO]: ⏭️  [PB-S-10094] Skipped
2026-03-25 17:00:12 [INFO]: ✅ [PB-S-5799] Updated
2026-03-25 17:00:12 [INFO]: ⏭️  [PB-S-0360] Skipped
2026-03-25 17:00:12 [INFO]: ⏭️  [PB-S-13402] Skipped
2026-03-25 17:00:12 [INFO]: ⏭️  [PB-S-9954] Skipped
2026-03-25 17:00:12 [INFO]: ✅ [PB-S-11494-1] Updated
2026-03-25 17:00:12 [INFO]: ⏭️  [PB-S-13846] Skipped
2026-03-25 17:00:12 [INFO]: ⏭️  [PB-S-13836] Skipped
2026-03-25 17:00:12 [INFO]: ⏭️  [PB-S-13831] Skipped
2026-03-25 17:00:12 [INFO]: ⏭️  [PB-S-13825] Skipped
2026-03-25 17:00:12 [INFO]: ⏭️  [PB-S-13959] Skipped
2026-03-25 17:00:12 [INFO]: ⏭️  [PB-S-11856] Skipped
2026-03-25 17:00:12 [INFO]: ⏭️  [PB-S-13381] Skipped
2026-03-25 17:00:12 [INFO]: ⏭️  [PB-R-13459] Skipped
2026-03-25 17:00:12 [INFO]: ⏭️  [PB-S-13761] Skipped
2026-03-25 17:00:12 [INFO]: ⏭️  [PB-S-13760] Skipped
2026-03-25 17:00:12 [INFO]: ⏭️  [PB-S-13722] Skipped
2026-03-25 17:00:12 [INFO]: ⏭️  [PB-S-12570-2] Skipped
2026-03-25 17:00:12 [INFO]: ⏭️  [PB-S-13710] Skipped
2026-03-25 17:00:12 [INFO]: ⏭️  [PB-S-13467] Skipped
2026-03-25 17:00:12 [INFO]: ⏭️  [PB-S-13687] Skipped
2026-03-25 17:00:12 [INFO]: ⏭️  [PB-S-13673] Skipped
2026-03-25 17:00:12 [INFO]: ⏭️  [PB-S-12748] Skipped
2026-03-25 17:00:12 [INFO]: ⏭️  [PB-S-13610] Skipped
2026-03-25 17:00:12 [INFO]: ⏭️  [PB-S-13598] Skipped
2026-03-25 17:00:12 [INFO]: ⏭️  [PB-S-13587] Skipped
2026-03-25 17:00:12 [INFO]: ⏭️  [PB-S-13113] Skipped
2026-03-25 17:00:12 [INFO]: ⏭️  [PB-S-13529] Skipped
2026-03-25 17:00:12 [INFO]: ⏭️  [PB-S-13141] Skipped
2026-03-25 17:00:12 [INFO]: ⏭️  [PB-S-13302] Skipped
2026-03-25 17:00:12 [INFO]: ⏭️  [PB-S-13916] Skipped
2026-03-25 17:00:12 [INFO]: ⏭️  [PB-S-13865] Skipped
2026-03-25 17:00:12 [INFO]: ⏭️  [PB-S-11975-2] Skipped
2026-03-25 17:00:12 [INFO]: ⏭️  [PB-S-14020] Skipped
2026-03-25 17:00:18 [INFO]: 📊 Processing listingsAPI for activePropertiesThisMonth...
2026-03-25 17:00:18 [INFO]: ✅ Listings processed → considered: 1000, matched: 144, activePropertiesThisMonth total: 144
2026-03-25 17:00:18 [INFO]: ⚠️ Unmatched listing_agent_email values: [
  "ben@arabianestates.ae",
  "faizal.m@arabianestates.ae",
  "danial@arabianestates.ae",
  "ricky@arabianestates.ae"
]
2026-03-25 17:00:47 [INFO]: ✅ [LEADERBOARD SNAPSHOT] Applied in single bulkWrite for UTC 2026-03 → Agents touched: 62
2026-03-25 17:00:47 [INFO]: 📊 [LEADERBOARD SNAPSHOT] Listings summary → considered: 1000, matched: 144, activePropertiesThisMonth total: 144
2026-03-25 17:00:47 [INFO]: ✅ [CACHE] Leaderboard cache updated successfully
2026-03-25 17:00:47 [INFO]: ✅ [CRON] All syncs completed successfully in 64.56s
2026-03-25 17:00:47 [INFO]:    → Leaderboard: agentsTouched=62, month=3/2026
2026-03-25 17:01:15 [INFO]: ✅ Cron job scheduled: Salesforce sync will run every 12 minutes (UTC)
2026-03-25 17:01:15 [INFO]: 🚀 Running initial sync on startup...
2026-03-25 17:01:15 [INFO]: ⏰ [CRON] Starting scheduled Salesforce sync job...
2026-03-25 17:01:15 [INFO]: 🔄 [LEADERBOARD SNAPSHOT] Building for UTC 2026-03
2026-03-25 17:01:15 [INFO]: Property sync scheduler initialized - Running daily at 00:00, 12:00, and 15:00 (Etc/UTC), with cleanup + ownership move AFTER each sync
2026-03-25 17:01:15 [ERROR]: (node:14248) [MONGOOSE] Warning: Duplicate schema index on {"agentId":1} found. This is often due to declaring an index using both "index: true" and "schema.index()". Please remove the duplicate index definition.
(Use `node --trace-warnings ...` to show where the warning was created)
2026-03-25 17:01:15 [ERROR]: (node:14248) [MONGOOSE] Warning: Duplicate schema index on {"id":1} found. This is often due to declaring an index using both "index: true" and "schema.index()". Please remove the duplicate index definition.
2026-03-25 17:01:15 [ERROR]: (node:14248) [MONGOOSE] Warning: Duplicate schema index on {"location_id":1} found. This is often due to declaring an index using both "index: true" and "schema.index()". Please remove the duplicate index definition.
2026-03-25 17:01:15 [ERROR]: (node:14248) [MONGOOSE] Warning: Duplicate schema index on {"slug":1} found. This is often due to declaring an index using both "index: true" and "schema.index()". Please remove the duplicate index definition.
2026-03-25 17:01:15 [ERROR]: (node:14248) [MONGOOSE] Warning: Duplicate schema index on {"location_id":1} found. This is often due to declaring an index using both "index: true" and "schema.index()". Please remove the duplicate index definition.
2026-03-25 17:01:15 [ERROR]: (node:14248) [MONGOOSE] Warning: Duplicate schema index on {"categoryName":1} found. This is often due to declaring an index using both "index: true" and "schema.index()". Please remove the duplicate index definition.
2026-03-25 17:01:16 [INFO]: Server is running on port 8000
2026-03-25 17:01:36 [INFO]: ✅ Cron job scheduled: Salesforce sync will run every 12 minutes (UTC)
2026-03-25 17:01:36 [INFO]: 🚀 Running initial sync on startup...
2026-03-25 17:01:36 [INFO]: ⏰ [CRON] Starting scheduled Salesforce sync job...
2026-03-25 17:01:36 [INFO]: 🔄 [LEADERBOARD SNAPSHOT] Building for UTC 2026-03
2026-03-25 17:01:36 [INFO]: Property sync scheduler initialized - Running daily at 00:00, 12:00, and 15:00 (Etc/UTC), with cleanup + ownership move AFTER each sync
2026-03-25 17:01:36 [INFO]: NewOffPlan scheduler initialized - Running daily at 02:00 (Etc/UTC)
2026-03-25 17:01:36 [ERROR]: (node:8248) [MONGOOSE] Warning: Duplicate schema index on {"agentId":1} found. This is often due to declaring an index using both "index: true" and "schema.index()". Please remove the duplicate index definition.
(Use `node --trace-warnings ...` to show where the warning was created)
2026-03-25 17:01:36 [ERROR]: (node:8248) [MONGOOSE] Warning: Duplicate schema index on {"id":1} found. This is often due to declaring an index using both "index: true" and "schema.index()". Please remove the duplicate index definition.
2026-03-25 17:01:36 [ERROR]: (node:8248) [MONGOOSE] Warning: Duplicate schema index on {"location_id":1} found. This is often due to declaring an index using both "index: true" and "schema.index()". Please remove the duplicate index definition.
2026-03-25 17:01:36 [ERROR]: (node:8248) [MONGOOSE] Warning: Duplicate schema index on {"slug":1} found. This is often due to declaring an index using both "index: true" and "schema.index()". Please remove the duplicate index definition.
2026-03-25 17:01:36 [ERROR]: (node:8248) [MONGOOSE] Warning: Duplicate schema index on {"location_id":1} found. This is often due to declaring an index using both "index: true" and "schema.index()". Please remove the duplicate index definition.
2026-03-25 17:01:36 [ERROR]: (node:8248) [MONGOOSE] Warning: Duplicate schema index on {"categoryName":1} found. This is often due to declaring an index using both "index: true" and "schema.index()". Please remove the duplicate index definition.
2026-03-25 17:01:37 [INFO]: Server is running on port 8000
