2026-03-25 15:03:14 [ERROR]: (node:16908) [MONGOOSE] Warning: Duplicate schema index on {"agentId":1} found. This is often due to declaring an index using both "index: true" and "schema.index()". Please remove the duplicate index definition.
(Use `node --trace-warnings ...` to show where the warning was created)
2026-03-25 15:03:14 [ERROR]: (node:16908) [MONGOOSE] Warning: Duplicate schema index on {"id":1} found. This is often due to declaring an index using both "index: true" and "schema.index()". Please remove the duplicate index definition.
2026-03-25 15:03:14 [ERROR]: (node:16908) [MONGOOSE] Warning: Duplicate schema index on {"location_id":1} found. This is often due to declaring an index using both "index: true" and "schema.index()". Please remove the duplicate index definition.
2026-03-25 15:03:14 [ERROR]: (node:16908) [MONGOOSE] Warning: Duplicate schema index on {"slug":1} found. This is often due to declaring an index using both "index: true" and "schema.index()". Please remove the duplicate index definition.
2026-03-25 15:03:14 [ERROR]: (node:16908) [MONGOOSE] Warning: Duplicate schema index on {"location_id":1} found. This is often due to declaring an index using both "index: true" and "schema.index()". Please remove the duplicate index definition.
2026-03-25 15:03:14 [ERROR]: (node:16908) [MONGOOSE] Warning: Duplicate schema index on {"categoryName":1} found. This is often due to declaring an index using both "index: true" and "schema.index()". Please remove the duplicate index definition.
2026-03-25 15:04:43 [ERROR]: (node:6432) [MONGOOSE] Warning: Duplicate schema index on {"agentId":1} found. This is often due to declaring an index using both "index: true" and "schema.index()". Please remove the duplicate index definition.
(Use `node --trace-warnings ...` to show where the warning was created)
2026-03-25 15:04:43 [ERROR]: (node:6432) [MONGOOSE] Warning: Duplicate schema index on {"id":1} found. This is often due to declaring an index using both "index: true" and "schema.index()". Please remove the duplicate index definition.
2026-03-25 15:04:43 [ERROR]: (node:6432) [MONGOOSE] Warning: Duplicate schema index on {"location_id":1} found. This is often due to declaring an index using both "index: true" and "schema.index()". Please remove the duplicate index definition.
2026-03-25 15:04:43 [ERROR]: (node:6432) [MONGOOSE] Warning: Duplicate schema index on {"slug":1} found. This is often due to declaring an index using both "index: true" and "schema.index()". Please remove the duplicate index definition.
2026-03-25 15:04:43 [ERROR]: (node:6432) [MONGOOSE] Warning: Duplicate schema index on {"location_id":1} found. This is often due to declaring an index using both "index: true" and "schema.index()". Please remove the duplicate index definition.
2026-03-25 15:04:43 [ERROR]: (node:6432) [MONGOOSE] Warning: Duplicate schema index on {"categoryName":1} found. This is often due to declaring an index using both "index: true" and "schema.index()". Please remove the duplicate index definition.
2026-03-25 15:05:01 [ERROR]: (node:10368) [MONGOOSE] Warning: Duplicate schema index on {"agentId":1} found. This is often due to declaring an index using both "index: true" and "schema.index()". Please remove the duplicate index definition.
(Use `node --trace-warnings ...` to show where the warning was created)
2026-03-25 15:05:01 [ERROR]: (node:10368) [MONGOOSE] Warning: Duplicate schema index on {"id":1} found. This is often due to declaring an index using both "index: true" and "schema.index()". Please remove the duplicate index definition.
2026-03-25 15:05:01 [ERROR]: (node:10368) [MONGOOSE] Warning: Duplicate schema index on {"location_id":1} found. This is often due to declaring an index using both "index: true" and "schema.index()". Please remove the duplicate index definition.
2026-03-25 15:05:01 [ERROR]: (node:10368) [MONGOOSE] Warning: Duplicate schema index on {"slug":1} found. This is often due to declaring an index using both "index: true" and "schema.index()". Please remove the duplicate index definition.
2026-03-25 15:05:01 [ERROR]: (node:10368) [MONGOOSE] Warning: Duplicate schema index on {"location_id":1} found. This is often due to declaring an index using both "index: true" and "schema.index()". Please remove the duplicate index definition.
2026-03-25 15:05:01 [ERROR]: (node:10368) [MONGOOSE] Warning: Duplicate schema index on {"categoryName":1} found. This is often due to declaring an index using both "index: true" and "schema.index()". Please remove the duplicate index definition.
2026-03-25 15:05:04 [ERROR]: (node:11632) [MONGOOSE] Warning: Duplicate schema index on {"agentId":1} found. This is often due to declaring an index using both "index: true" and "schema.index()". Please remove the duplicate index definition.
(Use `node --trace-warnings ...` to show where the warning was created)
2026-03-25 15:05:04 [ERROR]: (node:11632) [MONGOOSE] Warning: Duplicate schema index on {"id":1} found. This is often due to declaring an index using both "index: true" and "schema.index()". Please remove the duplicate index definition.
2026-03-25 15:05:04 [ERROR]: (node:11632) [MONGOOSE] Warning: Duplicate schema index on {"location_id":1} found. This is often due to declaring an index using both "index: true" and "schema.index()". Please remove the duplicate index definition.
2026-03-25 15:05:04 [ERROR]: (node:11632) [MONGOOSE] Warning: Duplicate schema index on {"slug":1} found. This is often due to declaring an index using both "index: true" and "schema.index()". Please remove the duplicate index definition.
2026-03-25 15:05:04 [ERROR]: (node:11632) [MONGOOSE] Warning: Duplicate schema index on {"location_id":1} found. This is often due to declaring an index using both "index: true" and "schema.index()". Please remove the duplicate index definition.
2026-03-25 15:05:04 [ERROR]: (node:11632) [MONGOOSE] Warning: Duplicate schema index on {"categoryName":1} found. This is often due to declaring an index using both "index: true" and "schema.index()". Please remove the duplicate index definition.
2026-03-25 15:05:48 [ERROR]: (node:9972) [MONGOOSE] Warning: Duplicate schema index on {"agentId":1} found. This is often due to declaring an index using both "index: true" and "schema.index()". Please remove the duplicate index definition.
(Use `node --trace-warnings ...` to show where the warning was created)
2026-03-25 15:05:48 [ERROR]: (node:9972) [MONGOOSE] Warning: Duplicate schema index on {"id":1} found. This is often due to declaring an index using both "index: true" and "schema.index()". Please remove the duplicate index definition.
2026-03-25 15:05:48 [ERROR]: (node:9972) [MONGOOSE] Warning: Duplicate schema index on {"location_id":1} found. This is often due to declaring an index using both "index: true" and "schema.index()". Please remove the duplicate index definition.
2026-03-25 15:05:48 [ERROR]: (node:9972) [MONGOOSE] Warning: Duplicate schema index on {"slug":1} found. This is often due to declaring an index using both "index: true" and "schema.index()". Please remove the duplicate index definition.
2026-03-25 15:05:48 [ERROR]: (node:9972) [MONGOOSE] Warning: Duplicate schema index on {"location_id":1} found. This is often due to declaring an index using both "index: true" and "schema.index()". Please remove the duplicate index definition.
2026-03-25 15:05:48 [ERROR]: (node:9972) [MONGOOSE] Warning: Duplicate schema index on {"categoryName":1} found. This is often due to declaring an index using both "index: true" and "schema.index()". Please remove the duplicate index definition.
2026-03-25 15:09:18 [ERROR]: (node:17116) [MONGOOSE] Warning: Duplicate schema index on {"agentId":1} found. This is often due to declaring an index using both "index: true" and "schema.index()". Please remove the duplicate index definition.
(Use `node --trace-warnings ...` to show where the warning was created)
2026-03-25 15:09:18 [ERROR]: (node:17116) [MONGOOSE] Warning: Duplicate schema index on {"id":1} found. This is often due to declaring an index using both "index: true" and "schema.index()". Please remove the duplicate index definition.
2026-03-25 15:09:18 [ERROR]: (node:17116) [MONGOOSE] Warning: Duplicate schema index on {"location_id":1} found. This is often due to declaring an index using both "index: true" and "schema.index()". Please remove the duplicate index definition.
2026-03-25 15:09:18 [ERROR]: (node:17116) [MONGOOSE] Warning: Duplicate schema index on {"slug":1} found. This is often due to declaring an index using both "index: true" and "schema.index()". Please remove the duplicate index definition.
2026-03-25 15:09:18 [ERROR]: (node:17116) [MONGOOSE] Warning: Duplicate schema index on {"location_id":1} found. This is often due to declaring an index using both "index: true" and "schema.index()". Please remove the duplicate index definition.
2026-03-25 15:09:18 [ERROR]: (node:17116) [MONGOOSE] Warning: Duplicate schema index on {"categoryName":1} found. This is often due to declaring an index using both "index: true" and "schema.index()". Please remove the duplicate index definition.
2026-03-25 15:23:43 [ERROR]: (node:3256) [MONGOOSE] Warning: Duplicate schema index on {"agentId":1} found. This is often due to declaring an index using both "index: true" and "schema.index()". Please remove the duplicate index definition.
(Use `node --trace-warnings ...` to show where the warning was created)
2026-03-25 15:23:43 [ERROR]: (node:3256) [MONGOOSE] Warning: Duplicate schema index on {"id":1} found. This is often due to declaring an index using both "index: true" and "schema.index()". Please remove the duplicate index definition.
2026-03-25 15:23:43 [ERROR]: (node:3256) [MONGOOSE] Warning: Duplicate schema index on {"location_id":1} found. This is often due to declaring an index using both "index: true" and "schema.index()". Please remove the duplicate index definition.
2026-03-25 15:23:43 [ERROR]: (node:3256) [MONGOOSE] Warning: Duplicate schema index on {"slug":1} found. This is often due to declaring an index using both "index: true" and "schema.index()". Please remove the duplicate index definition.
2026-03-25 15:23:43 [ERROR]: (node:3256) [MONGOOSE] Warning: Duplicate schema index on {"location_id":1} found. This is often due to declaring an index using both "index: true" and "schema.index()". Please remove the duplicate index definition.
2026-03-25 15:23:43 [ERROR]: (node:3256) [MONGOOSE] Warning: Duplicate schema index on {"categoryName":1} found. This is often due to declaring an index using both "index: true" and "schema.index()". Please remove the duplicate index definition.
2026-03-25 15:23:46 [ERROR]: (node:8396) [MONGOOSE] Warning: Duplicate schema index on {"agentId":1} found. This is often due to declaring an index using both "index: true" and "schema.index()". Please remove the duplicate index definition.
(Use `node --trace-warnings ...` to show where the warning was created)
2026-03-25 15:23:46 [ERROR]: (node:8396) [MONGOOSE] Warning: Duplicate schema index on {"id":1} found. This is often due to declaring an index using both "index: true" and "schema.index()". Please remove the duplicate index definition.
2026-03-25 15:23:46 [ERROR]: (node:8396) [MONGOOSE] Warning: Duplicate schema index on {"location_id":1} found. This is often due to declaring an index using both "index: true" and "schema.index()". Please remove the duplicate index definition.
2026-03-25 15:23:46 [ERROR]: (node:8396) [MONGOOSE] Warning: Duplicate schema index on {"slug":1} found. This is often due to declaring an index using both "index: true" and "schema.index()". Please remove the duplicate index definition.
2026-03-25 15:23:46 [ERROR]: (node:8396) [MONGOOSE] Warning: Duplicate schema index on {"location_id":1} found. This is often due to declaring an index using both "index: true" and "schema.index()". Please remove the duplicate index definition.
2026-03-25 15:23:46 [ERROR]: (node:8396) [MONGOOSE] Warning: Duplicate schema index on {"categoryName":1} found. This is often due to declaring an index using both "index: true" and "schema.index()". Please remove the duplicate index definition.
2026-03-25 15:26:15 [ERROR]: (node:8792) [MONGOOSE] Warning: Duplicate schema index on {"agentId":1} found. This is often due to declaring an index using both "index: true" and "schema.index()". Please remove the duplicate index definition.
(Use `node --trace-warnings ...` to show where the warning was created)
2026-03-25 15:26:15 [ERROR]: (node:8792) [MONGOOSE] Warning: Duplicate schema index on {"id":1} found. This is often due to declaring an index using both "index: true" and "schema.index()". Please remove the duplicate index definition.
2026-03-25 15:26:15 [ERROR]: (node:8792) [MONGOOSE] Warning: Duplicate schema index on {"location_id":1} found. This is often due to declaring an index using both "index: true" and "schema.index()". Please remove the duplicate index definition.
2026-03-25 15:26:15 [ERROR]: (node:8792) [MONGOOSE] Warning: Duplicate schema index on {"slug":1} found. This is often due to declaring an index using both "index: true" and "schema.index()". Please remove the duplicate index definition.
2026-03-25 15:26:15 [ERROR]: (node:8792) [MONGOOSE] Warning: Duplicate schema index on {"location_id":1} found. This is often due to declaring an index using both "index: true" and "schema.index()". Please remove the duplicate index definition.
2026-03-25 15:26:15 [ERROR]: (node:8792) [MONGOOSE] Warning: Duplicate schema index on {"categoryName":1} found. This is often due to declaring an index using both "index: true" and "schema.index()". Please remove the duplicate index definition.
2026-03-25 15:26:36 [ERROR]: (node:13108) [MONGOOSE] Warning: Duplicate schema index on {"agentId":1} found. This is often due to declaring an index using both "index: true" and "schema.index()". Please remove the duplicate index definition.
(Use `node --trace-warnings ...` to show where the warning was created)
2026-03-25 15:26:36 [ERROR]: (node:13108) [MONGOOSE] Warning: Duplicate schema index on {"id":1} found. This is often due to declaring an index using both "index: true" and "schema.index()". Please remove the duplicate index definition.
2026-03-25 15:26:36 [ERROR]: (node:13108) [MONGOOSE] Warning: Duplicate schema index on {"location_id":1} found. This is often due to declaring an index using both "index: true" and "schema.index()". Please remove the duplicate index definition.
2026-03-25 15:26:36 [ERROR]: (node:13108) [MONGOOSE] Warning: Duplicate schema index on {"slug":1} found. This is often due to declaring an index using both "index: true" and "schema.index()". Please remove the duplicate index definition.
2026-03-25 15:26:36 [ERROR]: (node:13108) [MONGOOSE] Warning: Duplicate schema index on {"location_id":1} found. This is often due to declaring an index using both "index: true" and "schema.index()". Please remove the duplicate index definition.
2026-03-25 15:26:36 [ERROR]: (node:13108) [MONGOOSE] Warning: Duplicate schema index on {"categoryName":1} found. This is often due to declaring an index using both "index: true" and "schema.index()". Please remove the duplicate index definition.
2026-03-25 15:51:20 [ERROR]: (node:8900) [MONGOOSE] Warning: Duplicate schema index on {"agentId":1} found. This is often due to declaring an index using both "index: true" and "schema.index()". Please remove the duplicate index definition.
(Use `node --trace-warnings ...` to show where the warning was created)
2026-03-25 15:51:20 [ERROR]: (node:8900) [MONGOOSE] Warning: Duplicate schema index on {"id":1} found. This is often due to declaring an index using both "index: true" and "schema.index()". Please remove the duplicate index definition.
2026-03-25 15:51:20 [ERROR]: (node:8900) [MONGOOSE] Warning: Duplicate schema index on {"location_id":1} found. This is often due to declaring an index using both "index: true" and "schema.index()". Please remove the duplicate index definition.
2026-03-25 15:51:20 [ERROR]: (node:8900) [MONGOOSE] Warning: Duplicate schema index on {"slug":1} found. This is often due to declaring an index using both "index: true" and "schema.index()". Please remove the duplicate index definition.
2026-03-25 15:51:20 [ERROR]: (node:8900) [MONGOOSE] Warning: Duplicate schema index on {"location_id":1} found. This is often due to declaring an index using both "index: true" and "schema.index()". Please remove the duplicate index definition.
2026-03-25 15:51:20 [ERROR]: (node:8900) [MONGOOSE] Warning: Duplicate schema index on {"categoryName":1} found. This is often due to declaring an index using both "index: true" and "schema.index()". Please remove the duplicate index definition.
2026-03-25 15:51:26 [ERROR]: (node:7684) [MONGOOSE] Warning: Duplicate schema index on {"agentId":1} found. This is often due to declaring an index using both "index: true" and "schema.index()". Please remove the duplicate index definition.
(Use `node --trace-warnings ...` to show where the warning was created)
2026-03-25 15:51:26 [ERROR]: (node:7684) [MONGOOSE] Warning: Duplicate schema index on {"id":1} found. This is often due to declaring an index using both "index: true" and "schema.index()". Please remove the duplicate index definition.
2026-03-25 15:51:26 [ERROR]: (node:7684) [MONGOOSE] Warning: Duplicate schema index on {"location_id":1} found. This is often due to declaring an index using both "index: true" and "schema.index()". Please remove the duplicate index definition.
2026-03-25 15:51:26 [ERROR]: (node:7684) [MONGOOSE] Warning: Duplicate schema index on {"slug":1} found. This is often due to declaring an index using both "index: true" and "schema.index()". Please remove the duplicate index definition.
2026-03-25 15:51:26 [ERROR]: (node:7684) [MONGOOSE] Warning: Duplicate schema index on {"location_id":1} found. This is often due to declaring an index using both "index: true" and "schema.index()". Please remove the duplicate index definition.
2026-03-25 15:51:26 [ERROR]: (node:7684) [MONGOOSE] Warning: Duplicate schema index on {"categoryName":1} found. This is often due to declaring an index using both "index: true" and "schema.index()". Please remove the duplicate index definition.
2026-03-25 15:52:08 [ERROR]: (node:2812) [MONGOOSE] Warning: Duplicate schema index on {"agentId":1} found. This is often due to declaring an index using both "index: true" and "schema.index()". Please remove the duplicate index definition.
(Use `node --trace-warnings ...` to show where the warning was created)
2026-03-25 15:52:08 [ERROR]: (node:2812) [MONGOOSE] Warning: Duplicate schema index on {"id":1} found. This is often due to declaring an index using both "index: true" and "schema.index()". Please remove the duplicate index definition.
2026-03-25 15:52:08 [ERROR]: (node:2812) [MONGOOSE] Warning: Duplicate schema index on {"location_id":1} found. This is often due to declaring an index using both "index: true" and "schema.index()". Please remove the duplicate index definition.
2026-03-25 15:52:08 [ERROR]: (node:2812) [MONGOOSE] Warning: Duplicate schema index on {"slug":1} found. This is often due to declaring an index using both "index: true" and "schema.index()". Please remove the duplicate index definition.
2026-03-25 15:52:08 [ERROR]: (node:2812) [MONGOOSE] Warning: Duplicate schema index on {"location_id":1} found. This is often due to declaring an index using both "index: true" and "schema.index()". Please remove the duplicate index definition.
2026-03-25 15:52:08 [ERROR]: (node:2812) [MONGOOSE] Warning: Duplicate schema index on {"categoryName":1} found. This is often due to declaring an index using both "index: true" and "schema.index()". Please remove the duplicate index definition.
2026-03-25 15:52:29 [ERROR]: (node:11992) [MONGOOSE] Warning: Duplicate schema index on {"agentId":1} found. This is often due to declaring an index using both "index: true" and "schema.index()". Please remove the duplicate index definition.
(Use `node --trace-warnings ...` to show where the warning was created)
2026-03-25 15:52:29 [ERROR]: (node:11992) [MONGOOSE] Warning: Duplicate schema index on {"id":1} found. This is often due to declaring an index using both "index: true" and "schema.index()". Please remove the duplicate index definition.
2026-03-25 15:52:29 [ERROR]: (node:11992) [MONGOOSE] Warning: Duplicate schema index on {"location_id":1} found. This is often due to declaring an index using both "index: true" and "schema.index()". Please remove the duplicate index definition.
2026-03-25 15:52:29 [ERROR]: (node:11992) [MONGOOSE] Warning: Duplicate schema index on {"slug":1} found. This is often due to declaring an index using both "index: true" and "schema.index()". Please remove the duplicate index definition.
2026-03-25 15:52:29 [ERROR]: (node:11992) [MONGOOSE] Warning: Duplicate schema index on {"location_id":1} found. This is often due to declaring an index using both "index: true" and "schema.index()". Please remove the duplicate index definition.
2026-03-25 15:52:29 [ERROR]: (node:11992) [MONGOOSE] Warning: Duplicate schema index on {"categoryName":1} found. This is often due to declaring an index using both "index: true" and "schema.index()". Please remove the duplicate index definition.
2026-03-25 16:16:26 [ERROR]: (node:4856) [MONGOOSE] Warning: Duplicate schema index on {"agentId":1} found. This is often due to declaring an index using both "index: true" and "schema.index()". Please remove the duplicate index definition.
(Use `node --trace-warnings ...` to show where the warning was created)
2026-03-25 16:16:26 [ERROR]: (node:4856) [MONGOOSE] Warning: Duplicate schema index on {"id":1} found. This is often due to declaring an index using both "index: true" and "schema.index()". Please remove the duplicate index definition.
2026-03-25 16:16:26 [ERROR]: (node:4856) [MONGOOSE] Warning: Duplicate schema index on {"location_id":1} found. This is often due to declaring an index using both "index: true" and "schema.index()". Please remove the duplicate index definition.
2026-03-25 16:16:26 [ERROR]: (node:4856) [MONGOOSE] Warning: Duplicate schema index on {"slug":1} found. This is often due to declaring an index using both "index: true" and "schema.index()". Please remove the duplicate index definition.
2026-03-25 16:16:26 [ERROR]: (node:4856) [MONGOOSE] Warning: Duplicate schema index on {"location_id":1} found. This is often due to declaring an index using both "index: true" and "schema.index()". Please remove the duplicate index definition.
2026-03-25 16:16:26 [ERROR]: (node:4856) [MONGOOSE] Warning: Duplicate schema index on {"categoryName":1} found. This is often due to declaring an index using both "index: true" and "schema.index()". Please remove the duplicate index definition.
2026-03-25 16:16:44 [ERROR]: (node:11976) [MONGOOSE] Warning: Duplicate schema index on {"agentId":1} found. This is often due to declaring an index using both "index: true" and "schema.index()". Please remove the duplicate index definition.
(Use `node --trace-warnings ...` to show where the warning was created)
2026-03-25 16:16:44 [ERROR]: (node:11976) [MONGOOSE] Warning: Duplicate schema index on {"id":1} found. This is often due to declaring an index using both "index: true" and "schema.index()". Please remove the duplicate index definition.
2026-03-25 16:16:44 [ERROR]: (node:11976) [MONGOOSE] Warning: Duplicate schema index on {"location_id":1} found. This is often due to declaring an index using both "index: true" and "schema.index()". Please remove the duplicate index definition.
2026-03-25 16:16:44 [ERROR]: (node:11976) [MONGOOSE] Warning: Duplicate schema index on {"slug":1} found. This is often due to declaring an index using both "index: true" and "schema.index()". Please remove the duplicate index definition.
2026-03-25 16:16:44 [ERROR]: (node:11976) [MONGOOSE] Warning: Duplicate schema index on {"location_id":1} found. This is often due to declaring an index using both "index: true" and "schema.index()". Please remove the duplicate index definition.
2026-03-25 16:16:44 [ERROR]: (node:11976) [MONGOOSE] Warning: Duplicate schema index on {"categoryName":1} found. This is often due to declaring an index using both "index: true" and "schema.index()". Please remove the duplicate index definition.
2026-03-25 16:17:01 [ERROR]: (node:3936) [MONGOOSE] Warning: Duplicate schema index on {"agentId":1} found. This is often due to declaring an index using both "index: true" and "schema.index()". Please remove the duplicate index definition.
(Use `node --trace-warnings ...` to show where the warning was created)
2026-03-25 16:17:01 [ERROR]: (node:3936) [MONGOOSE] Warning: Duplicate schema index on {"id":1} found. This is often due to declaring an index using both "index: true" and "schema.index()". Please remove the duplicate index definition.
2026-03-25 16:17:01 [ERROR]: (node:3936) [MONGOOSE] Warning: Duplicate schema index on {"location_id":1} found. This is often due to declaring an index using both "index: true" and "schema.index()". Please remove the duplicate index definition.
2026-03-25 16:17:01 [ERROR]: (node:3936) [MONGOOSE] Warning: Duplicate schema index on {"slug":1} found. This is often due to declaring an index using both "index: true" and "schema.index()". Please remove the duplicate index definition.
2026-03-25 16:17:01 [ERROR]: (node:3936) [MONGOOSE] Warning: Duplicate schema index on {"location_id":1} found. This is often due to declaring an index using both "index: true" and "schema.index()". Please remove the duplicate index definition.
2026-03-25 16:17:01 [ERROR]: (node:3936) [MONGOOSE] Warning: Duplicate schema index on {"categoryName":1} found. This is often due to declaring an index using both "index: true" and "schema.index()". Please remove the duplicate index definition.
2026-03-25 16:59:43 [ERROR]: (node:12220) [MONGOOSE] Warning: Duplicate schema index on {"agentId":1} found. This is often due to declaring an index using both "index: true" and "schema.index()". Please remove the duplicate index definition.
(Use `node --trace-warnings ...` to show where the warning was created)
2026-03-25 16:59:43 [ERROR]: (node:12220) [MONGOOSE] Warning: Duplicate schema index on {"id":1} found. This is often due to declaring an index using both "index: true" and "schema.index()". Please remove the duplicate index definition.
2026-03-25 16:59:43 [ERROR]: (node:12220) [MONGOOSE] Warning: Duplicate schema index on {"location_id":1} found. This is often due to declaring an index using both "index: true" and "schema.index()". Please remove the duplicate index definition.
2026-03-25 16:59:43 [ERROR]: (node:12220) [MONGOOSE] Warning: Duplicate schema index on {"slug":1} found. This is often due to declaring an index using both "index: true" and "schema.index()". Please remove the duplicate index definition.
2026-03-25 16:59:43 [ERROR]: (node:12220) [MONGOOSE] Warning: Duplicate schema index on {"location_id":1} found. This is often due to declaring an index using both "index: true" and "schema.index()". Please remove the duplicate index definition.
2026-03-25 16:59:43 [ERROR]: (node:12220) [MONGOOSE] Warning: Duplicate schema index on {"categoryName":1} found. This is often due to declaring an index using both "index: true" and "schema.index()". Please remove the duplicate index definition.
2026-03-25 17:01:15 [ERROR]: (node:14248) [MONGOOSE] Warning: Duplicate schema index on {"agentId":1} found. This is often due to declaring an index using both "index: true" and "schema.index()". Please remove the duplicate index definition.
(Use `node --trace-warnings ...` to show where the warning was created)
2026-03-25 17:01:15 [ERROR]: (node:14248) [MONGOOSE] Warning: Duplicate schema index on {"id":1} found. This is often due to declaring an index using both "index: true" and "schema.index()". Please remove the duplicate index definition.
2026-03-25 17:01:15 [ERROR]: (node:14248) [MONGOOSE] Warning: Duplicate schema index on {"location_id":1} found. This is often due to declaring an index using both "index: true" and "schema.index()". Please remove the duplicate index definition.
2026-03-25 17:01:15 [ERROR]: (node:14248) [MONGOOSE] Warning: Duplicate schema index on {"slug":1} found. This is often due to declaring an index using both "index: true" and "schema.index()". Please remove the duplicate index definition.
2026-03-25 17:01:15 [ERROR]: (node:14248) [MONGOOSE] Warning: Duplicate schema index on {"location_id":1} found. This is often due to declaring an index using both "index: true" and "schema.index()". Please remove the duplicate index definition.
2026-03-25 17:01:15 [ERROR]: (node:14248) [MONGOOSE] Warning: Duplicate schema index on {"categoryName":1} found. This is often due to declaring an index using both "index: true" and "schema.index()". Please remove the duplicate index definition.
2026-03-25 17:01:36 [ERROR]: (node:8248) [MONGOOSE] Warning: Duplicate schema index on {"agentId":1} found. This is often due to declaring an index using both "index: true" and "schema.index()". Please remove the duplicate index definition.
(Use `node --trace-warnings ...` to show where the warning was created)
2026-03-25 17:01:36 [ERROR]: (node:8248) [MONGOOSE] Warning: Duplicate schema index on {"id":1} found. This is often due to declaring an index using both "index: true" and "schema.index()". Please remove the duplicate index definition.
2026-03-25 17:01:36 [ERROR]: (node:8248) [MONGOOSE] Warning: Duplicate schema index on {"location_id":1} found. This is often due to declaring an index using both "index: true" and "schema.index()". Please remove the duplicate index definition.
2026-03-25 17:01:36 [ERROR]: (node:8248) [MONGOOSE] Warning: Duplicate schema index on {"slug":1} found. This is often due to declaring an index using both "index: true" and "schema.index()". Please remove the duplicate index definition.
2026-03-25 17:01:36 [ERROR]: (node:8248) [MONGOOSE] Warning: Duplicate schema index on {"location_id":1} found. This is often due to declaring an index using both "index: true" and "schema.index()". Please remove the duplicate index definition.
2026-03-25 17:01:36 [ERROR]: (node:8248) [MONGOOSE] Warning: Duplicate schema index on {"categoryName":1} found. This is often due to declaring an index using both "index: true" and "schema.index()". Please remove the duplicate index definition.
2026-03-26 12:17:33 [ERROR]: (node:2512) [MONGOOSE] Warning: Duplicate schema index on {"agentId":1} found. This is often due to declaring an index using both "index: true" and "schema.index()". Please remove the duplicate index definition.
(Use `node --trace-warnings ...` to show where the warning was created)
2026-03-26 12:17:33 [ERROR]: (node:2512) [MONGOOSE] Warning: Duplicate schema index on {"id":1} found. This is often due to declaring an index using both "index: true" and "schema.index()". Please remove the duplicate index definition.
2026-03-26 12:17:33 [ERROR]: (node:2512) [MONGOOSE] Warning: Duplicate schema index on {"location_id":1} found. This is often due to declaring an index using both "index: true" and "schema.index()". Please remove the duplicate index definition.
2026-03-26 12:17:33 [ERROR]: (node:2512) [MONGOOSE] Warning: Duplicate schema index on {"slug":1} found. This is often due to declaring an index using both "index: true" and "schema.index()". Please remove the duplicate index definition.
2026-03-26 12:17:33 [ERROR]: (node:2512) [MONGOOSE] Warning: Duplicate schema index on {"location_id":1} found. This is often due to declaring an index using both "index: true" and "schema.index()". Please remove the duplicate index definition.
2026-03-26 12:17:33 [ERROR]: (node:2512) [MONGOOSE] Warning: Duplicate schema index on {"categoryName":1} found. This is often due to declaring an index using both "index: true" and "schema.index()". Please remove the duplicate index definition.
2026-03-26 12:21:05 [ERROR]: (node:15060) [MONGOOSE] Warning: Duplicate schema index on {"agentId":1} found. This is often due to declaring an index using both "index: true" and "schema.index()". Please remove the duplicate index definition.
(Use `node --trace-warnings ...` to show where the warning was created)
2026-03-26 12:21:05 [ERROR]: (node:15060) [MONGOOSE] Warning: Duplicate schema index on {"id":1} found. This is often due to declaring an index using both "index: true" and "schema.index()". Please remove the duplicate index definition.
2026-03-26 12:21:05 [ERROR]: (node:15060) [MONGOOSE] Warning: Duplicate schema index on {"location_id":1} found. This is often due to declaring an index using both "index: true" and "schema.index()". Please remove the duplicate index definition.
2026-03-26 12:21:05 [ERROR]: (node:15060) [MONGOOSE] Warning: Duplicate schema index on {"slug":1} found. This is often due to declaring an index using both "index: true" and "schema.index()". Please remove the duplicate index definition.
2026-03-26 12:21:05 [ERROR]: (node:15060) [MONGOOSE] Warning: Duplicate schema index on {"location_id":1} found. This is often due to declaring an index using both "index: true" and "schema.index()". Please remove the duplicate index definition.
2026-03-26 12:21:05 [ERROR]: (node:15060) [MONGOOSE] Warning: Duplicate schema index on {"categoryName":1} found. This is often due to declaring an index using both "index: true" and "schema.index()". Please remove the duplicate index definition.
2026-03-26 12:21:31 [ERROR]: (node:7204) [MONGOOSE] Warning: Duplicate schema index on {"agentId":1} found. This is often due to declaring an index using both "index: true" and "schema.index()". Please remove the duplicate index definition.
(Use `node --trace-warnings ...` to show where the warning was created)
2026-03-26 12:21:31 [ERROR]: (node:7204) [MONGOOSE] Warning: Duplicate schema index on {"id":1} found. This is often due to declaring an index using both "index: true" and "schema.index()". Please remove the duplicate index definition.
2026-03-26 12:21:31 [ERROR]: (node:7204) [MONGOOSE] Warning: Duplicate schema index on {"location_id":1} found. This is often due to declaring an index using both "index: true" and "schema.index()". Please remove the duplicate index definition.
2026-03-26 12:21:31 [ERROR]: (node:7204) [MONGOOSE] Warning: Duplicate schema index on {"slug":1} found. This is often due to declaring an index using both "index: true" and "schema.index()". Please remove the duplicate index definition.
2026-03-26 12:21:31 [ERROR]: (node:7204) [MONGOOSE] Warning: Duplicate schema index on {"location_id":1} found. This is often due to declaring an index using both "index: true" and "schema.index()". Please remove the duplicate index definition.
2026-03-26 12:21:31 [ERROR]: (node:7204) [MONGOOSE] Warning: Duplicate schema index on {"categoryName":1} found. This is often due to declaring an index using both "index: true" and "schema.index()". Please remove the duplicate index definition.
2026-03-26 12:24:51 [ERROR]: (node:15164) [MONGOOSE] Warning: Duplicate schema index on {"agentId":1} found. This is often due to declaring an index using both "index: true" and "schema.index()". Please remove the duplicate index definition.
(Use `node --trace-warnings ...` to show where the warning was created)
2026-03-26 12:24:51 [ERROR]: (node:15164) [MONGOOSE] Warning: Duplicate schema index on {"id":1} found. This is often due to declaring an index using both "index: true" and "schema.index()". Please remove the duplicate index definition.
2026-03-26 12:24:51 [ERROR]: (node:15164) [MONGOOSE] Warning: Duplicate schema index on {"location_id":1} found. This is often due to declaring an index using both "index: true" and "schema.index()". Please remove the duplicate index definition.
2026-03-26 12:24:51 [ERROR]: (node:15164) [MONGOOSE] Warning: Duplicate schema index on {"slug":1} found. This is often due to declaring an index using both "index: true" and "schema.index()". Please remove the duplicate index definition.
2026-03-26 12:24:51 [ERROR]: (node:15164) [MONGOOSE] Warning: Duplicate schema index on {"location_id":1} found. This is often due to declaring an index using both "index: true" and "schema.index()". Please remove the duplicate index definition.
2026-03-26 12:24:51 [ERROR]: (node:15164) [MONGOOSE] Warning: Duplicate schema index on {"categoryName":1} found. This is often due to declaring an index using both "index: true" and "schema.index()". Please remove the duplicate index definition.
2026-03-26 14:21:53 [ERROR]: (node:19504) [MONGOOSE] Warning: Duplicate schema index on {"agentId":1} found. This is often due to declaring an index using both "index: true" and "schema.index()". Please remove the duplicate index definition.
(Use `node --trace-warnings ...` to show where the warning was created)
2026-03-26 14:21:53 [ERROR]: (node:19504) [MONGOOSE] Warning: Duplicate schema index on {"id":1} found. This is often due to declaring an index using both "index: true" and "schema.index()". Please remove the duplicate index definition.
2026-03-26 14:21:53 [ERROR]: (node:19504) [MONGOOSE] Warning: Duplicate schema index on {"location_id":1} found. This is often due to declaring an index using both "index: true" and "schema.index()". Please remove the duplicate index definition.
2026-03-26 14:21:53 [ERROR]: (node:19504) [MONGOOSE] Warning: Duplicate schema index on {"slug":1} found. This is often due to declaring an index using both "index: true" and "schema.index()". Please remove the duplicate index definition.
2026-03-26 14:21:53 [ERROR]: (node:19504) [MONGOOSE] Warning: Duplicate schema index on {"location_id":1} found. This is often due to declaring an index using both "index: true" and "schema.index()". Please remove the duplicate index definition.
2026-03-26 14:21:53 [ERROR]: (node:19504) [MONGOOSE] Warning: Duplicate schema index on {"categoryName":1} found. This is often due to declaring an index using both "index: true" and "schema.index()". Please remove the duplicate index definition.
2026-03-26 14:21:58 [ERROR]: (node:9396) [MONGOOSE] Warning: Duplicate schema index on {"agentId":1} found. This is often due to declaring an index using both "index: true" and "schema.index()". Please remove the duplicate index definition.
(Use `node --trace-warnings ...` to show where the warning was created)
2026-03-26 14:21:58 [ERROR]: (node:9396) [MONGOOSE] Warning: Duplicate schema index on {"id":1} found. This is often due to declaring an index using both "index: true" and "schema.index()". Please remove the duplicate index definition.
2026-03-26 14:21:58 [ERROR]: (node:9396) [MONGOOSE] Warning: Duplicate schema index on {"location_id":1} found. This is often due to declaring an index using both "index: true" and "schema.index()". Please remove the duplicate index definition.
2026-03-26 14:21:58 [ERROR]: (node:9396) [MONGOOSE] Warning: Duplicate schema index on {"slug":1} found. This is often due to declaring an index using both "index: true" and "schema.index()". Please remove the duplicate index definition.
2026-03-26 14:21:58 [ERROR]: (node:9396) [MONGOOSE] Warning: Duplicate schema index on {"location_id":1} found. This is often due to declaring an index using both "index: true" and "schema.index()". Please remove the duplicate index definition.
2026-03-26 14:21:58 [ERROR]: (node:9396) [MONGOOSE] Warning: Duplicate schema index on {"categoryName":1} found. This is often due to declaring an index using both "index: true" and "schema.index()". Please remove the duplicate index definition.
2026-03-26 14:22:02 [ERROR]: (node:7912) [MONGOOSE] Warning: Duplicate schema index on {"agentId":1} found. This is often due to declaring an index using both "index: true" and "schema.index()". Please remove the duplicate index definition.
(Use `node --trace-warnings ...` to show where the warning was created)
2026-03-26 14:22:02 [ERROR]: (node:7912) [MONGOOSE] Warning: Duplicate schema index on {"id":1} found. This is often due to declaring an index using both "index: true" and "schema.index()". Please remove the duplicate index definition.
2026-03-26 14:22:02 [ERROR]: (node:7912) [MONGOOSE] Warning: Duplicate schema index on {"location_id":1} found. This is often due to declaring an index using both "index: true" and "schema.index()". Please remove the duplicate index definition.
2026-03-26 14:22:02 [ERROR]: (node:7912) [MONGOOSE] Warning: Duplicate schema index on {"slug":1} found. This is often due to declaring an index using both "index: true" and "schema.index()". Please remove the duplicate index definition.
2026-03-26 14:22:02 [ERROR]: (node:7912) [MONGOOSE] Warning: Duplicate schema index on {"location_id":1} found. This is often due to declaring an index using both "index: true" and "schema.index()". Please remove the duplicate index definition.
2026-03-26 14:22:02 [ERROR]: (node:7912) [MONGOOSE] Warning: Duplicate schema index on {"categoryName":1} found. This is often due to declaring an index using both "index: true" and "schema.index()". Please remove the duplicate index definition.
2026-03-26 14:22:06 [ERROR]: (node:20264) [MONGOOSE] Warning: Duplicate schema index on {"agentId":1} found. This is often due to declaring an index using both "index: true" and "schema.index()". Please remove the duplicate index definition.
(Use `node --trace-warnings ...` to show where the warning was created)
2026-03-26 14:22:07 [ERROR]: (node:20264) [MONGOOSE] Warning: Duplicate schema index on {"id":1} found. This is often due to declaring an index using both "index: true" and "schema.index()". Please remove the duplicate index definition.
2026-03-26 14:22:07 [ERROR]: (node:20264) [MONGOOSE] Warning: Duplicate schema index on {"location_id":1} found. This is often due to declaring an index using both "index: true" and "schema.index()". Please remove the duplicate index definition.
2026-03-26 14:22:07 [ERROR]: (node:20264) [MONGOOSE] Warning: Duplicate schema index on {"slug":1} found. This is often due to declaring an index using both "index: true" and "schema.index()". Please remove the duplicate index definition.
2026-03-26 14:22:07 [ERROR]: (node:20264) [MONGOOSE] Warning: Duplicate schema index on {"location_id":1} found. This is often due to declaring an index using both "index: true" and "schema.index()". Please remove the duplicate index definition.
2026-03-26 14:22:07 [ERROR]: (node:20264) [MONGOOSE] Warning: Duplicate schema index on {"categoryName":1} found. This is often due to declaring an index using both "index: true" and "schema.index()". Please remove the duplicate index definition.
2026-03-26 14:22:16 [ERROR]: (node:12892) [MONGOOSE] Warning: Duplicate schema index on {"agentId":1} found. This is often due to declaring an index using both "index: true" and "schema.index()". Please remove the duplicate index definition.
(Use `node --trace-warnings ...` to show where the warning was created)
2026-03-26 14:22:16 [ERROR]: (node:12892) [MONGOOSE] Warning: Duplicate schema index on {"id":1} found. This is often due to declaring an index using both "index: true" and "schema.index()". Please remove the duplicate index definition.
2026-03-26 14:22:16 [ERROR]: (node:12892) [MONGOOSE] Warning: Duplicate schema index on {"location_id":1} found. This is often due to declaring an index using both "index: true" and "schema.index()". Please remove the duplicate index definition.
2026-03-26 14:22:16 [ERROR]: (node:12892) [MONGOOSE] Warning: Duplicate schema index on {"slug":1} found. This is often due to declaring an index using both "index: true" and "schema.index()". Please remove the duplicate index definition.
2026-03-26 14:22:16 [ERROR]: (node:12892) [MONGOOSE] Warning: Duplicate schema index on {"location_id":1} found. This is often due to declaring an index using both "index: true" and "schema.index()". Please remove the duplicate index definition.
2026-03-26 14:22:16 [ERROR]: (node:12892) [MONGOOSE] Warning: Duplicate schema index on {"categoryName":1} found. This is often due to declaring an index using both "index: true" and "schema.index()". Please remove the duplicate index definition.
2026-03-26 14:22:20 [ERROR]: (node:4132) [MONGOOSE] Warning: Duplicate schema index on {"agentId":1} found. This is often due to declaring an index using both "index: true" and "schema.index()". Please remove the duplicate index definition.
(Use `node --trace-warnings ...` to show where the warning was created)
2026-03-26 14:22:20 [ERROR]: (node:4132) [MONGOOSE] Warning: Duplicate schema index on {"id":1} found. This is often due to declaring an index using both "index: true" and "schema.index()". Please remove the duplicate index definition.
2026-03-26 14:22:20 [ERROR]: (node:4132) [MONGOOSE] Warning: Duplicate schema index on {"location_id":1} found. This is often due to declaring an index using both "index: true" and "schema.index()". Please remove the duplicate index definition.
2026-03-26 14:22:20 [ERROR]: (node:4132) [MONGOOSE] Warning: Duplicate schema index on {"slug":1} found. This is often due to declaring an index using both "index: true" and "schema.index()". Please remove the duplicate index definition.
2026-03-26 14:22:20 [ERROR]: (node:4132) [MONGOOSE] Warning: Duplicate schema index on {"location_id":1} found. This is often due to declaring an index using both "index: true" and "schema.index()". Please remove the duplicate index definition.
2026-03-26 14:22:20 [ERROR]: (node:4132) [MONGOOSE] Warning: Duplicate schema index on {"categoryName":1} found. This is often due to declaring an index using both "index: true" and "schema.index()". Please remove the duplicate index definition.
2026-03-26 14:22:22 [ERROR]: (node:8284) [MONGOOSE] Warning: Duplicate schema index on {"agentId":1} found. This is often due to declaring an index using both "index: true" and "schema.index()". Please remove the duplicate index definition.
(Use `node --trace-warnings ...` to show where the warning was created)
2026-03-26 14:22:22 [ERROR]: (node:8284) [MONGOOSE] Warning: Duplicate schema index on {"id":1} found. This is often due to declaring an index using both "index: true" and "schema.index()". Please remove the duplicate index definition.
2026-03-26 14:22:22 [ERROR]: (node:8284) [MONGOOSE] Warning: Duplicate schema index on {"location_id":1} found. This is often due to declaring an index using both "index: true" and "schema.index()". Please remove the duplicate index definition.
2026-03-26 14:22:22 [ERROR]: (node:8284) [MONGOOSE] Warning: Duplicate schema index on {"slug":1} found. This is often due to declaring an index using both "index: true" and "schema.index()". Please remove the duplicate index definition.
2026-03-26 14:22:22 [ERROR]: (node:8284) [MONGOOSE] Warning: Duplicate schema index on {"location_id":1} found. This is often due to declaring an index using both "index: true" and "schema.index()". Please remove the duplicate index definition.
2026-03-26 14:22:22 [ERROR]: (node:8284) [MONGOOSE] Warning: Duplicate schema index on {"categoryName":1} found. This is often due to declaring an index using both "index: true" and "schema.index()". Please remove the duplicate index definition.
2026-03-26 14:22:55 [ERROR]: (node:3900) [MONGOOSE] Warning: Duplicate schema index on {"agentId":1} found. This is often due to declaring an index using both "index: true" and "schema.index()". Please remove the duplicate index definition.
(Use `node --trace-warnings ...` to show where the warning was created)
2026-03-26 14:22:55 [ERROR]: (node:3900) [MONGOOSE] Warning: Duplicate schema index on {"id":1} found. This is often due to declaring an index using both "index: true" and "schema.index()". Please remove the duplicate index definition.
2026-03-26 14:22:55 [ERROR]: (node:3900) [MONGOOSE] Warning: Duplicate schema index on {"location_id":1} found. This is often due to declaring an index using both "index: true" and "schema.index()". Please remove the duplicate index definition.
2026-03-26 14:22:55 [ERROR]: (node:3900) [MONGOOSE] Warning: Duplicate schema index on {"slug":1} found. This is often due to declaring an index using both "index: true" and "schema.index()". Please remove the duplicate index definition.
2026-03-26 14:22:55 [ERROR]: (node:3900) [MONGOOSE] Warning: Duplicate schema index on {"location_id":1} found. This is often due to declaring an index using both "index: true" and "schema.index()". Please remove the duplicate index definition.
2026-03-26 14:22:55 [ERROR]: (node:3900) [MONGOOSE] Warning: Duplicate schema index on {"categoryName":1} found. This is often due to declaring an index using both "index: true" and "schema.index()". Please remove the duplicate index definition.
2026-03-26 14:23:02 [ERROR]: (node:20028) [MONGOOSE] Warning: Duplicate schema index on {"agentId":1} found. This is often due to declaring an index using both "index: true" and "schema.index()". Please remove the duplicate index definition.
(Use `node --trace-warnings ...` to show where the warning was created)
2026-03-26 14:23:02 [ERROR]: (node:20028) [MONGOOSE] Warning: Duplicate schema index on {"id":1} found. This is often due to declaring an index using both "index: true" and "schema.index()". Please remove the duplicate index definition.
2026-03-26 14:23:02 [ERROR]: (node:20028) [MONGOOSE] Warning: Duplicate schema index on {"location_id":1} found. This is often due to declaring an index using both "index: true" and "schema.index()". Please remove the duplicate index definition.
2026-03-26 14:23:02 [ERROR]: (node:20028) [MONGOOSE] Warning: Duplicate schema index on {"slug":1} found. This is often due to declaring an index using both "index: true" and "schema.index()". Please remove the duplicate index definition.
2026-03-26 14:23:02 [ERROR]: (node:20028) [MONGOOSE] Warning: Duplicate schema index on {"location_id":1} found. This is often due to declaring an index using both "index: true" and "schema.index()". Please remove the duplicate index definition.
2026-03-26 14:23:02 [ERROR]: (node:20028) [MONGOOSE] Warning: Duplicate schema index on {"categoryName":1} found. This is often due to declaring an index using both "index: true" and "schema.index()". Please remove the duplicate index definition.
2026-03-26 14:23:35 [ERROR]: (node:16976) [MONGOOSE] Warning: Duplicate schema index on {"agentId":1} found. This is often due to declaring an index using both "index: true" and "schema.index()". Please remove the duplicate index definition.
(Use `node --trace-warnings ...` to show where the warning was created)
2026-03-26 14:23:35 [ERROR]: (node:16976) [MONGOOSE] Warning: Duplicate schema index on {"id":1} found. This is often due to declaring an index using both "index: true" and "schema.index()". Please remove the duplicate index definition.
2026-03-26 14:23:35 [ERROR]: (node:16976) [MONGOOSE] Warning: Duplicate schema index on {"location_id":1} found. This is often due to declaring an index using both "index: true" and "schema.index()". Please remove the duplicate index definition.
2026-03-26 14:23:35 [ERROR]: (node:16976) [MONGOOSE] Warning: Duplicate schema index on {"slug":1} found. This is often due to declaring an index using both "index: true" and "schema.index()". Please remove the duplicate index definition.
2026-03-26 14:23:35 [ERROR]: (node:16976) [MONGOOSE] Warning: Duplicate schema index on {"location_id":1} found. This is often due to declaring an index using both "index: true" and "schema.index()". Please remove the duplicate index definition.
2026-03-26 14:23:35 [ERROR]: (node:16976) [MONGOOSE] Warning: Duplicate schema index on {"categoryName":1} found. This is often due to declaring an index using both "index: true" and "schema.index()". Please remove the duplicate index definition.
2026-03-26 14:23:41 [ERROR]: (node:15056) [MONGOOSE] Warning: Duplicate schema index on {"agentId":1} found. This is often due to declaring an index using both "index: true" and "schema.index()". Please remove the duplicate index definition.
(Use `node --trace-warnings ...` to show where the warning was created)
2026-03-26 14:23:41 [ERROR]: (node:15056) [MONGOOSE] Warning: Duplicate schema index on {"id":1} found. This is often due to declaring an index using both "index: true" and "schema.index()". Please remove the duplicate index definition.
2026-03-26 14:23:41 [ERROR]: (node:15056) [MONGOOSE] Warning: Duplicate schema index on {"location_id":1} found. This is often due to declaring an index using both "index: true" and "schema.index()". Please remove the duplicate index definition.
2026-03-26 14:23:41 [ERROR]: (node:15056) [MONGOOSE] Warning: Duplicate schema index on {"slug":1} found. This is often due to declaring an index using both "index: true" and "schema.index()". Please remove the duplicate index definition.
2026-03-26 14:23:41 [ERROR]: (node:15056) [MONGOOSE] Warning: Duplicate schema index on {"location_id":1} found. This is often due to declaring an index using both "index: true" and "schema.index()". Please remove the duplicate index definition.
2026-03-26 14:23:41 [ERROR]: (node:15056) [MONGOOSE] Warning: Duplicate schema index on {"categoryName":1} found. This is often due to declaring an index using both "index: true" and "schema.index()". Please remove the duplicate index definition.
2026-03-26 14:23:43 [ERROR]: (node:3996) [MONGOOSE] Warning: Duplicate schema index on {"agentId":1} found. This is often due to declaring an index using both "index: true" and "schema.index()". Please remove the duplicate index definition.
(Use `node --trace-warnings ...` to show where the warning was created)
2026-03-26 14:23:43 [ERROR]: (node:3996) [MONGOOSE] Warning: Duplicate schema index on {"id":1} found. This is often due to declaring an index using both "index: true" and "schema.index()". Please remove the duplicate index definition.
2026-03-26 14:23:43 [ERROR]: (node:3996) [MONGOOSE] Warning: Duplicate schema index on {"location_id":1} found. This is often due to declaring an index using both "index: true" and "schema.index()". Please remove the duplicate index definition.
2026-03-26 14:23:43 [ERROR]: (node:3996) [MONGOOSE] Warning: Duplicate schema index on {"slug":1} found. This is often due to declaring an index using both "index: true" and "schema.index()". Please remove the duplicate index definition.
2026-03-26 14:23:43 [ERROR]: (node:3996) [MONGOOSE] Warning: Duplicate schema index on {"location_id":1} found. This is often due to declaring an index using both "index: true" and "schema.index()". Please remove the duplicate index definition.
2026-03-26 14:23:43 [ERROR]: (node:3996) [MONGOOSE] Warning: Duplicate schema index on {"categoryName":1} found. This is often due to declaring an index using both "index: true" and "schema.index()". Please remove the duplicate index definition.
2026-03-26 14:23:48 [ERROR]: (node:18176) [MONGOOSE] Warning: Duplicate schema index on {"agentId":1} found. This is often due to declaring an index using both "index: true" and "schema.index()". Please remove the duplicate index definition.
(Use `node --trace-warnings ...` to show where the warning was created)
2026-03-26 14:23:48 [ERROR]: (node:18176) [MONGOOSE] Warning: Duplicate schema index on {"id":1} found. This is often due to declaring an index using both "index: true" and "schema.index()". Please remove the duplicate index definition.
2026-03-26 14:23:48 [ERROR]: (node:18176) [MONGOOSE] Warning: Duplicate schema index on {"location_id":1} found. This is often due to declaring an index using both "index: true" and "schema.index()". Please remove the duplicate index definition.
2026-03-26 14:23:48 [ERROR]: (node:18176) [MONGOOSE] Warning: Duplicate schema index on {"slug":1} found. This is often due to declaring an index using both "index: true" and "schema.index()". Please remove the duplicate index definition.
2026-03-26 14:23:48 [ERROR]: (node:18176) [MONGOOSE] Warning: Duplicate schema index on {"location_id":1} found. This is often due to declaring an index using both "index: true" and "schema.index()". Please remove the duplicate index definition.
2026-03-26 14:23:48 [ERROR]: (node:18176) [MONGOOSE] Warning: Duplicate schema index on {"categoryName":1} found. This is often due to declaring an index using both "index: true" and "schema.index()". Please remove the duplicate index definition.
2026-03-26 14:25:39 [ERROR]: Error in ReferProperty: {}
2026-03-26 14:26:17 [ERROR]: (node:15632) [MONGOOSE] Warning: Duplicate schema index on {"agentId":1} found. This is often due to declaring an index using both "index: true" and "schema.index()". Please remove the duplicate index definition.
(Use `node --trace-warnings ...` to show where the warning was created)
2026-03-26 14:26:17 [ERROR]: (node:15632) [MONGOOSE] Warning: Duplicate schema index on {"id":1} found. This is often due to declaring an index using both "index: true" and "schema.index()". Please remove the duplicate index definition.
2026-03-26 14:26:17 [ERROR]: (node:15632) [MONGOOSE] Warning: Duplicate schema index on {"location_id":1} found. This is often due to declaring an index using both "index: true" and "schema.index()". Please remove the duplicate index definition.
2026-03-26 14:26:17 [ERROR]: (node:15632) [MONGOOSE] Warning: Duplicate schema index on {"slug":1} found. This is often due to declaring an index using both "index: true" and "schema.index()". Please remove the duplicate index definition.
2026-03-26 14:26:17 [ERROR]: (node:15632) [MONGOOSE] Warning: Duplicate schema index on {"location_id":1} found. This is often due to declaring an index using both "index: true" and "schema.index()". Please remove the duplicate index definition.
2026-03-26 14:26:17 [ERROR]: (node:15632) [MONGOOSE] Warning: Duplicate schema index on {"categoryName":1} found. This is often due to declaring an index using both "index: true" and "schema.index()". Please remove the duplicate index definition.
2026-03-26 14:26:22 [ERROR]: (node:11924) [MONGOOSE] Warning: Duplicate schema index on {"agentId":1} found. This is often due to declaring an index using both "index: true" and "schema.index()". Please remove the duplicate index definition.
(Use `node --trace-warnings ...` to show where the warning was created)
2026-03-26 14:26:22 [ERROR]: (node:11924) [MONGOOSE] Warning: Duplicate schema index on {"id":1} found. This is often due to declaring an index using both "index: true" and "schema.index()". Please remove the duplicate index definition.
2026-03-26 14:26:22 [ERROR]: (node:11924) [MONGOOSE] Warning: Duplicate schema index on {"location_id":1} found. This is often due to declaring an index using both "index: true" and "schema.index()". Please remove the duplicate index definition.
2026-03-26 14:26:22 [ERROR]: (node:11924) [MONGOOSE] Warning: Duplicate schema index on {"slug":1} found. This is often due to declaring an index using both "index: true" and "schema.index()". Please remove the duplicate index definition.
2026-03-26 14:26:22 [ERROR]: (node:11924) [MONGOOSE] Warning: Duplicate schema index on {"location_id":1} found. This is often due to declaring an index using both "index: true" and "schema.index()". Please remove the duplicate index definition.
2026-03-26 14:26:22 [ERROR]: (node:11924) [MONGOOSE] Warning: Duplicate schema index on {"categoryName":1} found. This is often due to declaring an index using both "index: true" and "schema.index()". Please remove the duplicate index definition.
2026-03-26 14:26:25 [ERROR]: (node:9936) [MONGOOSE] Warning: Duplicate schema index on {"agentId":1} found. This is often due to declaring an index using both "index: true" and "schema.index()". Please remove the duplicate index definition.
(Use `node --trace-warnings ...` to show where the warning was created)
2026-03-26 14:26:25 [ERROR]: (node:9936) [MONGOOSE] Warning: Duplicate schema index on {"id":1} found. This is often due to declaring an index using both "index: true" and "schema.index()". Please remove the duplicate index definition.
2026-03-26 14:26:25 [ERROR]: (node:9936) [MONGOOSE] Warning: Duplicate schema index on {"location_id":1} found. This is often due to declaring an index using both "index: true" and "schema.index()". Please remove the duplicate index definition.
2026-03-26 14:26:25 [ERROR]: (node:9936) [MONGOOSE] Warning: Duplicate schema index on {"slug":1} found. This is often due to declaring an index using both "index: true" and "schema.index()". Please remove the duplicate index definition.
2026-03-26 14:26:25 [ERROR]: (node:9936) [MONGOOSE] Warning: Duplicate schema index on {"location_id":1} found. This is often due to declaring an index using both "index: true" and "schema.index()". Please remove the duplicate index definition.
2026-03-26 14:26:25 [ERROR]: (node:9936) [MONGOOSE] Warning: Duplicate schema index on {"categoryName":1} found. This is often due to declaring an index using both "index: true" and "schema.index()". Please remove the duplicate index definition.
2026-03-26 14:26:32 [ERROR]: (node:19172) [MONGOOSE] Warning: Duplicate schema index on {"agentId":1} found. This is often due to declaring an index using both "index: true" and "schema.index()". Please remove the duplicate index definition.
(Use `node --trace-warnings ...` to show where the warning was created)
2026-03-26 14:26:32 [ERROR]: (node:19172) [MONGOOSE] Warning: Duplicate schema index on {"id":1} found. This is often due to declaring an index using both "index: true" and "schema.index()". Please remove the duplicate index definition.
2026-03-26 14:26:32 [ERROR]: (node:19172) [MONGOOSE] Warning: Duplicate schema index on {"location_id":1} found. This is often due to declaring an index using both "index: true" and "schema.index()". Please remove the duplicate index definition.
2026-03-26 14:26:32 [ERROR]: (node:19172) [MONGOOSE] Warning: Duplicate schema index on {"slug":1} found. This is often due to declaring an index using both "index: true" and "schema.index()". Please remove the duplicate index definition.
2026-03-26 14:26:32 [ERROR]: (node:19172) [MONGOOSE] Warning: Duplicate schema index on {"location_id":1} found. This is often due to declaring an index using both "index: true" and "schema.index()". Please remove the duplicate index definition.
2026-03-26 14:26:32 [ERROR]: (node:19172) [MONGOOSE] Warning: Duplicate schema index on {"categoryName":1} found. This is often due to declaring an index using both "index: true" and "schema.index()". Please remove the duplicate index definition.
2026-03-26 14:26:43 [ERROR]: Error in ReferProperty: {}
2026-03-26 14:27:07 [ERROR]: (node:5224) [MONGOOSE] Warning: Duplicate schema index on {"agentId":1} found. This is often due to declaring an index using both "index: true" and "schema.index()". Please remove the duplicate index definition.
(Use `node --trace-warnings ...` to show where the warning was created)
2026-03-26 14:27:07 [ERROR]: (node:5224) [MONGOOSE] Warning: Duplicate schema index on {"id":1} found. This is often due to declaring an index using both "index: true" and "schema.index()". Please remove the duplicate index definition.
2026-03-26 14:27:07 [ERROR]: (node:5224) [MONGOOSE] Warning: Duplicate schema index on {"location_id":1} found. This is often due to declaring an index using both "index: true" and "schema.index()". Please remove the duplicate index definition.
2026-03-26 14:27:07 [ERROR]: (node:5224) [MONGOOSE] Warning: Duplicate schema index on {"slug":1} found. This is often due to declaring an index using both "index: true" and "schema.index()". Please remove the duplicate index definition.
2026-03-26 14:27:07 [ERROR]: (node:5224) [MONGOOSE] Warning: Duplicate schema index on {"location_id":1} found. This is often due to declaring an index using both "index: true" and "schema.index()". Please remove the duplicate index definition.
2026-03-26 14:27:07 [ERROR]: (node:5224) [MONGOOSE] Warning: Duplicate schema index on {"categoryName":1} found. This is often due to declaring an index using both "index: true" and "schema.index()". Please remove the duplicate index definition.
2026-03-26 14:27:35 [ERROR]: (node:11940) [MONGOOSE] Warning: Duplicate schema index on {"agentId":1} found. This is often due to declaring an index using both "index: true" and "schema.index()". Please remove the duplicate index definition.
(Use `node --trace-warnings ...` to show where the warning was created)
2026-03-26 14:27:35 [ERROR]: (node:11940) [MONGOOSE] Warning: Duplicate schema index on {"id":1} found. This is often due to declaring an index using both "index: true" and "schema.index()". Please remove the duplicate index definition.
2026-03-26 14:27:35 [ERROR]: (node:11940) [MONGOOSE] Warning: Duplicate schema index on {"location_id":1} found. This is often due to declaring an index using both "index: true" and "schema.index()". Please remove the duplicate index definition.
2026-03-26 14:27:35 [ERROR]: (node:11940) [MONGOOSE] Warning: Duplicate schema index on {"slug":1} found. This is often due to declaring an index using both "index: true" and "schema.index()". Please remove the duplicate index definition.
2026-03-26 14:27:35 [ERROR]: (node:11940) [MONGOOSE] Warning: Duplicate schema index on {"location_id":1} found. This is often due to declaring an index using both "index: true" and "schema.index()". Please remove the duplicate index definition.
2026-03-26 14:27:35 [ERROR]: (node:11940) [MONGOOSE] Warning: Duplicate schema index on {"categoryName":1} found. This is often due to declaring an index using both "index: true" and "schema.index()". Please remove the duplicate index definition.
2026-03-26 14:27:37 [ERROR]: (node:13488) [MONGOOSE] Warning: Duplicate schema index on {"agentId":1} found. This is often due to declaring an index using both "index: true" and "schema.index()". Please remove the duplicate index definition.
(Use `node --trace-warnings ...` to show where the warning was created)
2026-03-26 14:27:37 [ERROR]: (node:13488) [MONGOOSE] Warning: Duplicate schema index on {"id":1} found. This is often due to declaring an index using both "index: true" and "schema.index()". Please remove the duplicate index definition.
2026-03-26 14:27:37 [ERROR]: (node:13488) [MONGOOSE] Warning: Duplicate schema index on {"location_id":1} found. This is often due to declaring an index using both "index: true" and "schema.index()". Please remove the duplicate index definition.
2026-03-26 14:27:37 [ERROR]: (node:13488) [MONGOOSE] Warning: Duplicate schema index on {"slug":1} found. This is often due to declaring an index using both "index: true" and "schema.index()". Please remove the duplicate index definition.
2026-03-26 14:27:37 [ERROR]: (node:13488) [MONGOOSE] Warning: Duplicate schema index on {"location_id":1} found. This is often due to declaring an index using both "index: true" and "schema.index()". Please remove the duplicate index definition.
2026-03-26 14:27:37 [ERROR]: (node:13488) [MONGOOSE] Warning: Duplicate schema index on {"categoryName":1} found. This is often due to declaring an index using both "index: true" and "schema.index()". Please remove the duplicate index definition.
2026-03-26 14:27:41 [ERROR]: (node:12676) [MONGOOSE] Warning: Duplicate schema index on {"agentId":1} found. This is often due to declaring an index using both "index: true" and "schema.index()". Please remove the duplicate index definition.
(Use `node --trace-warnings ...` to show where the warning was created)
2026-03-26 14:27:41 [ERROR]: (node:12676) [MONGOOSE] Warning: Duplicate schema index on {"id":1} found. This is often due to declaring an index using both "index: true" and "schema.index()". Please remove the duplicate index definition.
2026-03-26 14:27:41 [ERROR]: (node:12676) [MONGOOSE] Warning: Duplicate schema index on {"location_id":1} found. This is often due to declaring an index using both "index: true" and "schema.index()". Please remove the duplicate index definition.
2026-03-26 14:27:41 [ERROR]: (node:12676) [MONGOOSE] Warning: Duplicate schema index on {"slug":1} found. This is often due to declaring an index using both "index: true" and "schema.index()". Please remove the duplicate index definition.
2026-03-26 14:27:41 [ERROR]: (node:12676) [MONGOOSE] Warning: Duplicate schema index on {"location_id":1} found. This is often due to declaring an index using both "index: true" and "schema.index()". Please remove the duplicate index definition.
2026-03-26 14:27:41 [ERROR]: (node:12676) [MONGOOSE] Warning: Duplicate schema index on {"categoryName":1} found. This is often due to declaring an index using both "index: true" and "schema.index()". Please remove the duplicate index definition.
2026-03-26 14:27:44 [ERROR]: Error in ReferProperty: {}
2026-03-26 14:27:59 [ERROR]: (node:13940) [MONGOOSE] Warning: Duplicate schema index on {"agentId":1} found. This is often due to declaring an index using both "index: true" and "schema.index()". Please remove the duplicate index definition.
(Use `node --trace-warnings ...` to show where the warning was created)
2026-03-26 14:27:59 [ERROR]: (node:13940) [MONGOOSE] Warning: Duplicate schema index on {"id":1} found. This is often due to declaring an index using both "index: true" and "schema.index()". Please remove the duplicate index definition.
2026-03-26 14:27:59 [ERROR]: (node:13940) [MONGOOSE] Warning: Duplicate schema index on {"location_id":1} found. This is often due to declaring an index using both "index: true" and "schema.index()". Please remove the duplicate index definition.
2026-03-26 14:27:59 [ERROR]: (node:13940) [MONGOOSE] Warning: Duplicate schema index on {"slug":1} found. This is often due to declaring an index using both "index: true" and "schema.index()". Please remove the duplicate index definition.
2026-03-26 14:27:59 [ERROR]: (node:13940) [MONGOOSE] Warning: Duplicate schema index on {"location_id":1} found. This is often due to declaring an index using both "index: true" and "schema.index()". Please remove the duplicate index definition.
2026-03-26 14:27:59 [ERROR]: (node:13940) [MONGOOSE] Warning: Duplicate schema index on {"categoryName":1} found. This is often due to declaring an index using both "index: true" and "schema.index()". Please remove the duplicate index definition.
2026-03-26 14:29:08 [ERROR]: Error in ReferProperty: {
  "errors": {
    "referee.last_name": {
      "name": "ValidatorError",
      "message": "Path `referee.last_name` is required.",
      "properties": {
        "message": "Path `referee.last_name` is required.",
        "type": "required",
        "path": "referee.last_name"
      },
      "kind": "required",
      "path": "referee.last_name"
    },
    "referee.first_name": {
      "name": "ValidatorError",
      "message": "Path `referee.first_name` is required.",
      "properties": {
        "message": "Path `referee.first_name` is required.",
        "type": "required",
        "path": "referee.first_name"
      },
      "kind": "required",
      "path": "referee.first_name"
    }
  },
  "_message": "ReferralProperty validation failed",
  "name": "ValidationError",
  "message": "ReferralProperty validation failed: referee.last_name: Path `referee.last_name` is required., referee.first_name: Path `referee.first_name` is required."
}
2026-03-26 14:29:12 [ERROR]: Error in ReferProperty: {
  "errors": {
    "referee.last_name": {
      "name": "ValidatorError",
      "message": "Path `referee.last_name` is required.",
      "properties": {
        "message": "Path `referee.last_name` is required.",
        "type": "required",
        "path": "referee.last_name"
      },
      "kind": "required",
      "path": "referee.last_name"
    },
    "referee.first_name": {
      "name": "ValidatorError",
      "message": "Path `referee.first_name` is required.",
      "properties": {
        "message": "Path `referee.first_name` is required.",
        "type": "required",
        "path": "referee.first_name"
      },
      "kind": "required",
      "path": "referee.first_name"
    }
  },
  "_message": "ReferralProperty validation failed",
  "name": "ValidationError",
  "message": "ReferralProperty validation failed: referee.last_name: Path `referee.last_name` is required., referee.first_name: Path `referee.first_name` is required."
}
2026-03-26 14:29:40 [ERROR]: (node:14980) [MONGOOSE] Warning: Duplicate schema index on {"agentId":1} found. This is often due to declaring an index using both "index: true" and "schema.index()". Please remove the duplicate index definition.
(Use `node --trace-warnings ...` to show where the warning was created)
2026-03-26 14:29:40 [ERROR]: (node:14980) [MONGOOSE] Warning: Duplicate schema index on {"id":1} found. This is often due to declaring an index using both "index: true" and "schema.index()". Please remove the duplicate index definition.
2026-03-26 14:29:40 [ERROR]: (node:14980) [MONGOOSE] Warning: Duplicate schema index on {"location_id":1} found. This is often due to declaring an index using both "index: true" and "schema.index()". Please remove the duplicate index definition.
2026-03-26 14:29:40 [ERROR]: (node:14980) [MONGOOSE] Warning: Duplicate schema index on {"slug":1} found. This is often due to declaring an index using both "index: true" and "schema.index()". Please remove the duplicate index definition.
2026-03-26 14:29:40 [ERROR]: (node:14980) [MONGOOSE] Warning: Duplicate schema index on {"location_id":1} found. This is often due to declaring an index using both "index: true" and "schema.index()". Please remove the duplicate index definition.
2026-03-26 14:29:40 [ERROR]: (node:14980) [MONGOOSE] Warning: Duplicate schema index on {"categoryName":1} found. This is often due to declaring an index using both "index: true" and "schema.index()". Please remove the duplicate index definition.
2026-03-26 14:29:46 [ERROR]: Error in ReferProperty: {
  "errors": {
    "referee.last_name": {
      "name": "ValidatorError",
      "message": "Path `referee.last_name` is required.",
      "properties": {
        "message": "Path `referee.last_name` is required.",
        "type": "required",
        "path": "referee.last_name"
      },
      "kind": "required",
      "path": "referee.last_name"
    },
    "referee.first_name": {
      "name": "ValidatorError",
      "message": "Path `referee.first_name` is required.",
      "properties": {
        "message": "Path `referee.first_name` is required.",
        "type": "required",
        "path": "referee.first_name"
      },
      "kind": "required",
      "path": "referee.first_name"
    }
  },
  "_message": "ReferralProperty validation failed",
  "name": "ValidationError",
  "message": "ReferralProperty validation failed: referee.last_name: Path `referee.last_name` is required., referee.first_name: Path `referee.first_name` is required."
}
2026-03-26 14:33:38 [ERROR]: (node:3440) [MONGOOSE] Warning: Duplicate schema index on {"agentId":1} found. This is often due to declaring an index using both "index: true" and "schema.index()". Please remove the duplicate index definition.
(Use `node --trace-warnings ...` to show where the warning was created)
2026-03-26 14:33:38 [ERROR]: (node:3440) [MONGOOSE] Warning: Duplicate schema index on {"id":1} found. This is often due to declaring an index using both "index: true" and "schema.index()". Please remove the duplicate index definition.
2026-03-26 14:33:38 [ERROR]: (node:3440) [MONGOOSE] Warning: Duplicate schema index on {"location_id":1} found. This is often due to declaring an index using both "index: true" and "schema.index()". Please remove the duplicate index definition.
2026-03-26 14:33:38 [ERROR]: (node:3440) [MONGOOSE] Warning: Duplicate schema index on {"slug":1} found. This is often due to declaring an index using both "index: true" and "schema.index()". Please remove the duplicate index definition.
2026-03-26 14:33:38 [ERROR]: (node:3440) [MONGOOSE] Warning: Duplicate schema index on {"location_id":1} found. This is often due to declaring an index using both "index: true" and "schema.index()". Please remove the duplicate index definition.
2026-03-26 14:33:38 [ERROR]: (node:3440) [MONGOOSE] Warning: Duplicate schema index on {"categoryName":1} found. This is often due to declaring an index using both "index: true" and "schema.index()". Please remove the duplicate index definition.
2026-03-26 14:33:43 [ERROR]: (node:15000) [MONGOOSE] Warning: Duplicate schema index on {"agentId":1} found. This is often due to declaring an index using both "index: true" and "schema.index()". Please remove the duplicate index definition.
(Use `node --trace-warnings ...` to show where the warning was created)
2026-03-26 14:33:43 [ERROR]: (node:15000) [MONGOOSE] Warning: Duplicate schema index on {"id":1} found. This is often due to declaring an index using both "index: true" and "schema.index()". Please remove the duplicate index definition.
2026-03-26 14:33:43 [ERROR]: (node:15000) [MONGOOSE] Warning: Duplicate schema index on {"location_id":1} found. This is often due to declaring an index using both "index: true" and "schema.index()". Please remove the duplicate index definition.
2026-03-26 14:33:43 [ERROR]: (node:15000) [MONGOOSE] Warning: Duplicate schema index on {"slug":1} found. This is often due to declaring an index using both "index: true" and "schema.index()". Please remove the duplicate index definition.
2026-03-26 14:33:43 [ERROR]: (node:15000) [MONGOOSE] Warning: Duplicate schema index on {"location_id":1} found. This is often due to declaring an index using both "index: true" and "schema.index()". Please remove the duplicate index definition.
2026-03-26 14:33:43 [ERROR]: (node:15000) [MONGOOSE] Warning: Duplicate schema index on {"categoryName":1} found. This is often due to declaring an index using both "index: true" and "schema.index()". Please remove the duplicate index definition.
2026-03-26 14:33:50 [ERROR]: (node:10472) [MONGOOSE] Warning: Duplicate schema index on {"agentId":1} found. This is often due to declaring an index using both "index: true" and "schema.index()". Please remove the duplicate index definition.
(Use `node --trace-warnings ...` to show where the warning was created)
2026-03-26 14:33:50 [ERROR]: (node:10472) [MONGOOSE] Warning: Duplicate schema index on {"id":1} found. This is often due to declaring an index using both "index: true" and "schema.index()". Please remove the duplicate index definition.
2026-03-26 14:33:50 [ERROR]: (node:10472) [MONGOOSE] Warning: Duplicate schema index on {"location_id":1} found. This is often due to declaring an index using both "index: true" and "schema.index()". Please remove the duplicate index definition.
2026-03-26 14:33:50 [ERROR]: (node:10472) [MONGOOSE] Warning: Duplicate schema index on {"slug":1} found. This is often due to declaring an index using both "index: true" and "schema.index()". Please remove the duplicate index definition.
2026-03-26 14:33:50 [ERROR]: (node:10472) [MONGOOSE] Warning: Duplicate schema index on {"location_id":1} found. This is often due to declaring an index using both "index: true" and "schema.index()". Please remove the duplicate index definition.
2026-03-26 14:33:50 [ERROR]: (node:10472) [MONGOOSE] Warning: Duplicate schema index on {"categoryName":1} found. This is often due to declaring an index using both "index: true" and "schema.index()". Please remove the duplicate index definition.
2026-03-26 14:33:53 [ERROR]: (node:18360) [MONGOOSE] Warning: Duplicate schema index on {"agentId":1} found. This is often due to declaring an index using both "index: true" and "schema.index()". Please remove the duplicate index definition.
(Use `node --trace-warnings ...` to show where the warning was created)
2026-03-26 14:33:53 [ERROR]: (node:18360) [MONGOOSE] Warning: Duplicate schema index on {"id":1} found. This is often due to declaring an index using both "index: true" and "schema.index()". Please remove the duplicate index definition.
2026-03-26 14:33:53 [ERROR]: (node:18360) [MONGOOSE] Warning: Duplicate schema index on {"location_id":1} found. This is often due to declaring an index using both "index: true" and "schema.index()". Please remove the duplicate index definition.
2026-03-26 14:33:53 [ERROR]: (node:18360) [MONGOOSE] Warning: Duplicate schema index on {"slug":1} found. This is often due to declaring an index using both "index: true" and "schema.index()". Please remove the duplicate index definition.
2026-03-26 14:33:53 [ERROR]: (node:18360) [MONGOOSE] Warning: Duplicate schema index on {"location_id":1} found. This is often due to declaring an index using both "index: true" and "schema.index()". Please remove the duplicate index definition.
2026-03-26 14:33:53 [ERROR]: (node:18360) [MONGOOSE] Warning: Duplicate schema index on {"categoryName":1} found. This is often due to declaring an index using both "index: true" and "schema.index()". Please remove the duplicate index definition.
2026-03-26 14:33:57 [ERROR]: Error in ReferProperty: {
  "errors": {
    "referee.last_name": {
      "name": "ValidatorError",
      "message": "Path `referee.last_name` is required.",
      "properties": {
        "message": "Path `referee.last_name` is required.",
        "type": "required",
        "path": "referee.last_name"
      },
      "kind": "required",
      "path": "referee.last_name"
    },
    "referee.first_name": {
      "name": "ValidatorError",
      "message": "Path `referee.first_name` is required.",
      "properties": {
        "message": "Path `referee.first_name` is required.",
        "type": "required",
        "path": "referee.first_name"
      },
      "kind": "required",
      "path": "referee.first_name"
    }
  },
  "_message": "ReferralProperty validation failed",
  "name": "ValidationError",
  "message": "ReferralProperty validation failed: referee.last_name: Path `referee.last_name` is required., referee.first_name: Path `referee.first_name` is required."
}
2026-03-26 14:34:50 [ERROR]: (node:768) [MONGOOSE] Warning: Duplicate schema index on {"agentId":1} found. This is often due to declaring an index using both "index: true" and "schema.index()". Please remove the duplicate index definition.
(Use `node --trace-warnings ...` to show where the warning was created)
2026-03-26 14:34:50 [ERROR]: (node:768) [MONGOOSE] Warning: Duplicate schema index on {"id":1} found. This is often due to declaring an index using both "index: true" and "schema.index()". Please remove the duplicate index definition.
2026-03-26 14:34:50 [ERROR]: (node:768) [MONGOOSE] Warning: Duplicate schema index on {"location_id":1} found. This is often due to declaring an index using both "index: true" and "schema.index()". Please remove the duplicate index definition.
2026-03-26 14:34:50 [ERROR]: (node:768) [MONGOOSE] Warning: Duplicate schema index on {"slug":1} found. This is often due to declaring an index using both "index: true" and "schema.index()". Please remove the duplicate index definition.
2026-03-26 14:34:50 [ERROR]: (node:768) [MONGOOSE] Warning: Duplicate schema index on {"location_id":1} found. This is often due to declaring an index using both "index: true" and "schema.index()". Please remove the duplicate index definition.
2026-03-26 14:34:50 [ERROR]: (node:768) [MONGOOSE] Warning: Duplicate schema index on {"categoryName":1} found. This is often due to declaring an index using both "index: true" and "schema.index()". Please remove the duplicate index definition.
2026-03-26 14:34:58 [ERROR]: Error in ReferProperty: {}
2026-03-26 14:35:22 [ERROR]: (node:16580) [MONGOOSE] Warning: Duplicate schema index on {"agentId":1} found. This is often due to declaring an index using both "index: true" and "schema.index()". Please remove the duplicate index definition.
(Use `node --trace-warnings ...` to show where the warning was created)
2026-03-26 14:35:22 [ERROR]: (node:16580) [MONGOOSE] Warning: Duplicate schema index on {"id":1} found. This is often due to declaring an index using both "index: true" and "schema.index()". Please remove the duplicate index definition.
2026-03-26 14:35:22 [ERROR]: (node:16580) [MONGOOSE] Warning: Duplicate schema index on {"location_id":1} found. This is often due to declaring an index using both "index: true" and "schema.index()". Please remove the duplicate index definition.
2026-03-26 14:35:22 [ERROR]: (node:16580) [MONGOOSE] Warning: Duplicate schema index on {"slug":1} found. This is often due to declaring an index using both "index: true" and "schema.index()". Please remove the duplicate index definition.
2026-03-26 14:35:22 [ERROR]: (node:16580) [MONGOOSE] Warning: Duplicate schema index on {"location_id":1} found. This is often due to declaring an index using both "index: true" and "schema.index()". Please remove the duplicate index definition.
2026-03-26 14:35:22 [ERROR]: (node:16580) [MONGOOSE] Warning: Duplicate schema index on {"categoryName":1} found. This is often due to declaring an index using both "index: true" and "schema.index()". Please remove the duplicate index definition.
2026-03-26 14:35:27 [ERROR]: Error in ReferProperty: {}
2026-03-26 14:36:00 [ERROR]: (node:11048) [MONGOOSE] Warning: Duplicate schema index on {"agentId":1} found. This is often due to declaring an index using both "index: true" and "schema.index()". Please remove the duplicate index definition.
(Use `node --trace-warnings ...` to show where the warning was created)
2026-03-26 14:36:00 [ERROR]: (node:11048) [MONGOOSE] Warning: Duplicate schema index on {"id":1} found. This is often due to declaring an index using both "index: true" and "schema.index()". Please remove the duplicate index definition.
2026-03-26 14:36:00 [ERROR]: (node:11048) [MONGOOSE] Warning: Duplicate schema index on {"location_id":1} found. This is often due to declaring an index using both "index: true" and "schema.index()". Please remove the duplicate index definition.
2026-03-26 14:36:00 [ERROR]: (node:11048) [MONGOOSE] Warning: Duplicate schema index on {"slug":1} found. This is often due to declaring an index using both "index: true" and "schema.index()". Please remove the duplicate index definition.
2026-03-26 14:36:00 [ERROR]: (node:11048) [MONGOOSE] Warning: Duplicate schema index on {"location_id":1} found. This is often due to declaring an index using both "index: true" and "schema.index()". Please remove the duplicate index definition.
2026-03-26 14:36:00 [ERROR]: (node:11048) [MONGOOSE] Warning: Duplicate schema index on {"categoryName":1} found. This is often due to declaring an index using both "index: true" and "schema.index()". Please remove the duplicate index definition.
2026-03-26 14:36:10 [ERROR]: Error in ReferProperty: {}
2026-03-26 14:36:10 [ERROR]: Error [ERR_HTTP_HEADERS_SENT]: Cannot set headers after they are sent to the client
    at ServerResponse.setHeader (node:_http_outgoing:699:11)
    at ServerResponse.header (D:\Arabian Estate Backend 2\node_modules\express\lib\response.js:684:10)
    at ServerResponse.send (D:\Arabian Estate Backend 2\node_modules\express\lib\response.js:161:12)
    at ServerResponse.json (D:\Arabian Estate Backend 2\node_modules\express\lib\response.js:250:15)
    at ReferProperty (D:\Arabian Estate Backend 2\Controllers\ReferPropertyController.js:487:21)
    at process.processTicksAndRejections (node:internal/process/task_queues:105:5)
2026-03-26 15:36:49 [ERROR]: (node:9604) [MONGOOSE] Warning: Duplicate schema index on {"agentId":1} found. This is often due to declaring an index using both "index: true" and "schema.index()". Please remove the duplicate index definition.
(Use `node --trace-warnings ...` to show where the warning was created)
2026-03-26 15:36:49 [ERROR]: (node:9604) [MONGOOSE] Warning: Duplicate schema index on {"id":1} found. This is often due to declaring an index using both "index: true" and "schema.index()". Please remove the duplicate index definition.
2026-03-26 15:36:49 [ERROR]: (node:9604) [MONGOOSE] Warning: Duplicate schema index on {"location_id":1} found. This is often due to declaring an index using both "index: true" and "schema.index()". Please remove the duplicate index definition.
2026-03-26 15:36:49 [ERROR]: (node:9604) [MONGOOSE] Warning: Duplicate schema index on {"slug":1} found. This is often due to declaring an index using both "index: true" and "schema.index()". Please remove the duplicate index definition.
2026-03-26 15:36:49 [ERROR]: (node:9604) [MONGOOSE] Warning: Duplicate schema index on {"location_id":1} found. This is often due to declaring an index using both "index: true" and "schema.index()". Please remove the duplicate index definition.
2026-03-26 15:36:49 [ERROR]: (node:9604) [MONGOOSE] Warning: Duplicate schema index on {"categoryName":1} found. This is often due to declaring an index using both "index: true" and "schema.index()". Please remove the duplicate index definition.
2026-03-26 15:36:57 [ERROR]: (node:15712) [MONGOOSE] Warning: Duplicate schema index on {"agentId":1} found. This is often due to declaring an index using both "index: true" and "schema.index()". Please remove the duplicate index definition.
(Use `node --trace-warnings ...` to show where the warning was created)
2026-03-26 15:36:57 [ERROR]: (node:15712) [MONGOOSE] Warning: Duplicate schema index on {"id":1} found. This is often due to declaring an index using both "index: true" and "schema.index()". Please remove the duplicate index definition.
2026-03-26 15:36:57 [ERROR]: (node:15712) [MONGOOSE] Warning: Duplicate schema index on {"location_id":1} found. This is often due to declaring an index using both "index: true" and "schema.index()". Please remove the duplicate index definition.
2026-03-26 15:36:57 [ERROR]: (node:15712) [MONGOOSE] Warning: Duplicate schema index on {"slug":1} found. This is often due to declaring an index using both "index: true" and "schema.index()". Please remove the duplicate index definition.
2026-03-26 15:36:57 [ERROR]: (node:15712) [MONGOOSE] Warning: Duplicate schema index on {"location_id":1} found. This is often due to declaring an index using both "index: true" and "schema.index()". Please remove the duplicate index definition.
2026-03-26 15:36:57 [ERROR]: (node:15712) [MONGOOSE] Warning: Duplicate schema index on {"categoryName":1} found. This is often due to declaring an index using both "index: true" and "schema.index()". Please remove the duplicate index definition.
2026-03-26 15:37:06 [ERROR]: (node:18772) [MONGOOSE] Warning: Duplicate schema index on {"agentId":1} found. This is often due to declaring an index using both "index: true" and "schema.index()". Please remove the duplicate index definition.
(Use `node --trace-warnings ...` to show where the warning was created)
2026-03-26 15:37:06 [ERROR]: (node:18772) [MONGOOSE] Warning: Duplicate schema index on {"id":1} found. This is often due to declaring an index using both "index: true" and "schema.index()". Please remove the duplicate index definition.
2026-03-26 15:37:06 [ERROR]: (node:18772) [MONGOOSE] Warning: Duplicate schema index on {"location_id":1} found. This is often due to declaring an index using both "index: true" and "schema.index()". Please remove the duplicate index definition.
2026-03-26 15:37:06 [ERROR]: (node:18772) [MONGOOSE] Warning: Duplicate schema index on {"slug":1} found. This is often due to declaring an index using both "index: true" and "schema.index()". Please remove the duplicate index definition.
2026-03-26 15:37:06 [ERROR]: (node:18772) [MONGOOSE] Warning: Duplicate schema index on {"location_id":1} found. This is often due to declaring an index using both "index: true" and "schema.index()". Please remove the duplicate index definition.
2026-03-26 15:37:06 [ERROR]: (node:18772) [MONGOOSE] Warning: Duplicate schema index on {"categoryName":1} found. This is often due to declaring an index using both "index: true" and "schema.index()". Please remove the duplicate index definition.
2026-03-26 15:37:12 [ERROR]: (node:1096) [MONGOOSE] Warning: Duplicate schema index on {"agentId":1} found. This is often due to declaring an index using both "index: true" and "schema.index()". Please remove the duplicate index definition.
(Use `node --trace-warnings ...` to show where the warning was created)
2026-03-26 15:37:12 [ERROR]: (node:1096) [MONGOOSE] Warning: Duplicate schema index on {"id":1} found. This is often due to declaring an index using both "index: true" and "schema.index()". Please remove the duplicate index definition.
2026-03-26 15:37:12 [ERROR]: (node:1096) [MONGOOSE] Warning: Duplicate schema index on {"location_id":1} found. This is often due to declaring an index using both "index: true" and "schema.index()". Please remove the duplicate index definition.
2026-03-26 15:37:12 [ERROR]: (node:1096) [MONGOOSE] Warning: Duplicate schema index on {"slug":1} found. This is often due to declaring an index using both "index: true" and "schema.index()". Please remove the duplicate index definition.
2026-03-26 15:37:12 [ERROR]: (node:1096) [MONGOOSE] Warning: Duplicate schema index on {"location_id":1} found. This is often due to declaring an index using both "index: true" and "schema.index()". Please remove the duplicate index definition.
2026-03-26 15:37:12 [ERROR]: (node:1096) [MONGOOSE] Warning: Duplicate schema index on {"categoryName":1} found. This is often due to declaring an index using both "index: true" and "schema.index()". Please remove the duplicate index definition.
2026-03-26 15:37:15 [ERROR]: (node:19060) [MONGOOSE] Warning: Duplicate schema index on {"agentId":1} found. This is often due to declaring an index using both "index: true" and "schema.index()". Please remove the duplicate index definition.
(Use `node --trace-warnings ...` to show where the warning was created)
2026-03-26 15:37:15 [ERROR]: (node:19060) [MONGOOSE] Warning: Duplicate schema index on {"id":1} found. This is often due to declaring an index using both "index: true" and "schema.index()". Please remove the duplicate index definition.
2026-03-26 15:37:15 [ERROR]: (node:19060) [MONGOOSE] Warning: Duplicate schema index on {"location_id":1} found. This is often due to declaring an index using both "index: true" and "schema.index()". Please remove the duplicate index definition.
2026-03-26 15:37:15 [ERROR]: (node:19060) [MONGOOSE] Warning: Duplicate schema index on {"slug":1} found. This is often due to declaring an index using both "index: true" and "schema.index()". Please remove the duplicate index definition.
2026-03-26 15:37:15 [ERROR]: (node:19060) [MONGOOSE] Warning: Duplicate schema index on {"location_id":1} found. This is often due to declaring an index using both "index: true" and "schema.index()". Please remove the duplicate index definition.
2026-03-26 15:37:15 [ERROR]: (node:19060) [MONGOOSE] Warning: Duplicate schema index on {"categoryName":1} found. This is often due to declaring an index using both "index: true" and "schema.index()". Please remove the duplicate index definition.
2026-03-26 15:37:17 [ERROR]: (node:4508) [MONGOOSE] Warning: Duplicate schema index on {"agentId":1} found. This is often due to declaring an index using both "index: true" and "schema.index()". Please remove the duplicate index definition.
(Use `node --trace-warnings ...` to show where the warning was created)
2026-03-26 15:37:17 [ERROR]: (node:4508) [MONGOOSE] Warning: Duplicate schema index on {"id":1} found. This is often due to declaring an index using both "index: true" and "schema.index()". Please remove the duplicate index definition.
2026-03-26 15:37:17 [ERROR]: (node:4508) [MONGOOSE] Warning: Duplicate schema index on {"location_id":1} found. This is often due to declaring an index using both "index: true" and "schema.index()". Please remove the duplicate index definition.
2026-03-26 15:37:17 [ERROR]: (node:4508) [MONGOOSE] Warning: Duplicate schema index on {"slug":1} found. This is often due to declaring an index using both "index: true" and "schema.index()". Please remove the duplicate index definition.
2026-03-26 15:37:17 [ERROR]: (node:4508) [MONGOOSE] Warning: Duplicate schema index on {"location_id":1} found. This is often due to declaring an index using both "index: true" and "schema.index()". Please remove the duplicate index definition.
2026-03-26 15:37:17 [ERROR]: (node:4508) [MONGOOSE] Warning: Duplicate schema index on {"categoryName":1} found. This is often due to declaring an index using both "index: true" and "schema.index()". Please remove the duplicate index definition.
2026-03-26 15:37:23 [ERROR]: (node:15440) [MONGOOSE] Warning: Duplicate schema index on {"agentId":1} found. This is often due to declaring an index using both "index: true" and "schema.index()". Please remove the duplicate index definition.
(Use `node --trace-warnings ...` to show where the warning was created)
2026-03-26 15:37:23 [ERROR]: (node:15440) [MONGOOSE] Warning: Duplicate schema index on {"id":1} found. This is often due to declaring an index using both "index: true" and "schema.index()". Please remove the duplicate index definition.
2026-03-26 15:37:23 [ERROR]: (node:15440) [MONGOOSE] Warning: Duplicate schema index on {"location_id":1} found. This is often due to declaring an index using both "index: true" and "schema.index()". Please remove the duplicate index definition.
2026-03-26 15:37:23 [ERROR]: (node:15440) [MONGOOSE] Warning: Duplicate schema index on {"slug":1} found. This is often due to declaring an index using both "index: true" and "schema.index()". Please remove the duplicate index definition.
2026-03-26 15:37:23 [ERROR]: (node:15440) [MONGOOSE] Warning: Duplicate schema index on {"location_id":1} found. This is often due to declaring an index using both "index: true" and "schema.index()". Please remove the duplicate index definition.
2026-03-26 15:37:23 [ERROR]: (node:15440) [MONGOOSE] Warning: Duplicate schema index on {"categoryName":1} found. This is often due to declaring an index using both "index: true" and "schema.index()". Please remove the duplicate index definition.
2026-03-26 15:37:26 [ERROR]: (node:2488) [MONGOOSE] Warning: Duplicate schema index on {"agentId":1} found. This is often due to declaring an index using both "index: true" and "schema.index()". Please remove the duplicate index definition.
(Use `node --trace-warnings ...` to show where the warning was created)
2026-03-26 15:37:26 [ERROR]: (node:2488) [MONGOOSE] Warning: Duplicate schema index on {"id":1} found. This is often due to declaring an index using both "index: true" and "schema.index()". Please remove the duplicate index definition.
2026-03-26 15:37:26 [ERROR]: (node:2488) [MONGOOSE] Warning: Duplicate schema index on {"location_id":1} found. This is often due to declaring an index using both "index: true" and "schema.index()". Please remove the duplicate index definition.
2026-03-26 15:37:26 [ERROR]: (node:2488) [MONGOOSE] Warning: Duplicate schema index on {"slug":1} found. This is often due to declaring an index using both "index: true" and "schema.index()". Please remove the duplicate index definition.
2026-03-26 15:37:26 [ERROR]: (node:2488) [MONGOOSE] Warning: Duplicate schema index on {"location_id":1} found. This is often due to declaring an index using both "index: true" and "schema.index()". Please remove the duplicate index definition.
2026-03-26 15:37:26 [ERROR]: (node:2488) [MONGOOSE] Warning: Duplicate schema index on {"categoryName":1} found. This is often due to declaring an index using both "index: true" and "schema.index()". Please remove the duplicate index definition.
2026-03-26 15:37:53 [ERROR]: (node:8072) [MONGOOSE] Warning: Duplicate schema index on {"agentId":1} found. This is often due to declaring an index using both "index: true" and "schema.index()". Please remove the duplicate index definition.
(Use `node --trace-warnings ...` to show where the warning was created)
2026-03-26 15:37:53 [ERROR]: (node:8072) [MONGOOSE] Warning: Duplicate schema index on {"id":1} found. This is often due to declaring an index using both "index: true" and "schema.index()". Please remove the duplicate index definition.
2026-03-26 15:37:53 [ERROR]: (node:8072) [MONGOOSE] Warning: Duplicate schema index on {"location_id":1} found. This is often due to declaring an index using both "index: true" and "schema.index()". Please remove the duplicate index definition.
2026-03-26 15:37:53 [ERROR]: (node:8072) [MONGOOSE] Warning: Duplicate schema index on {"slug":1} found. This is often due to declaring an index using both "index: true" and "schema.index()". Please remove the duplicate index definition.
2026-03-26 15:37:53 [ERROR]: (node:8072) [MONGOOSE] Warning: Duplicate schema index on {"location_id":1} found. This is often due to declaring an index using both "index: true" and "schema.index()". Please remove the duplicate index definition.
2026-03-26 15:37:53 [ERROR]: (node:8072) [MONGOOSE] Warning: Duplicate schema index on {"categoryName":1} found. This is often due to declaring an index using both "index: true" and "schema.index()". Please remove the duplicate index definition.
2026-03-26 15:37:55 [ERROR]: (node:16344) [MONGOOSE] Warning: Duplicate schema index on {"agentId":1} found. This is often due to declaring an index using both "index: true" and "schema.index()". Please remove the duplicate index definition.
(Use `node --trace-warnings ...` to show where the warning was created)
2026-03-26 15:37:55 [ERROR]: (node:16344) [MONGOOSE] Warning: Duplicate schema index on {"id":1} found. This is often due to declaring an index using both "index: true" and "schema.index()". Please remove the duplicate index definition.
2026-03-26 15:37:55 [ERROR]: (node:16344) [MONGOOSE] Warning: Duplicate schema index on {"location_id":1} found. This is often due to declaring an index using both "index: true" and "schema.index()". Please remove the duplicate index definition.
2026-03-26 15:37:55 [ERROR]: (node:16344) [MONGOOSE] Warning: Duplicate schema index on {"slug":1} found. This is often due to declaring an index using both "index: true" and "schema.index()". Please remove the duplicate index definition.
2026-03-26 15:37:55 [ERROR]: (node:16344) [MONGOOSE] Warning: Duplicate schema index on {"location_id":1} found. This is often due to declaring an index using both "index: true" and "schema.index()". Please remove the duplicate index definition.
2026-03-26 15:37:55 [ERROR]: (node:16344) [MONGOOSE] Warning: Duplicate schema index on {"categoryName":1} found. This is often due to declaring an index using both "index: true" and "schema.index()". Please remove the duplicate index definition.
2026-03-26 15:40:06 [ERROR]: (node:10696) [MONGOOSE] Warning: Duplicate schema index on {"agentId":1} found. This is often due to declaring an index using both "index: true" and "schema.index()". Please remove the duplicate index definition.
(Use `node --trace-warnings ...` to show where the warning was created)
2026-03-26 15:40:06 [ERROR]: (node:10696) [MONGOOSE] Warning: Duplicate schema index on {"id":1} found. This is often due to declaring an index using both "index: true" and "schema.index()". Please remove the duplicate index definition.
2026-03-26 15:40:06 [ERROR]: (node:10696) [MONGOOSE] Warning: Duplicate schema index on {"location_id":1} found. This is often due to declaring an index using both "index: true" and "schema.index()". Please remove the duplicate index definition.
2026-03-26 15:40:06 [ERROR]: (node:10696) [MONGOOSE] Warning: Duplicate schema index on {"slug":1} found. This is often due to declaring an index using both "index: true" and "schema.index()". Please remove the duplicate index definition.
2026-03-26 15:40:06 [ERROR]: (node:10696) [MONGOOSE] Warning: Duplicate schema index on {"location_id":1} found. This is often due to declaring an index using both "index: true" and "schema.index()". Please remove the duplicate index definition.
2026-03-26 15:40:06 [ERROR]: (node:10696) [MONGOOSE] Warning: Duplicate schema index on {"categoryName":1} found. This is often due to declaring an index using both "index: true" and "schema.index()". Please remove the duplicate index definition.
2026-03-26 15:43:34 [ERROR]: (node:8264) [MONGOOSE] Warning: Duplicate schema index on {"agentId":1} found. This is often due to declaring an index using both "index: true" and "schema.index()". Please remove the duplicate index definition.
(Use `node --trace-warnings ...` to show where the warning was created)
2026-03-26 15:43:34 [ERROR]: (node:8264) [MONGOOSE] Warning: Duplicate schema index on {"id":1} found. This is often due to declaring an index using both "index: true" and "schema.index()". Please remove the duplicate index definition.
2026-03-26 15:43:34 [ERROR]: (node:8264) [MONGOOSE] Warning: Duplicate schema index on {"location_id":1} found. This is often due to declaring an index using both "index: true" and "schema.index()". Please remove the duplicate index definition.
2026-03-26 15:43:34 [ERROR]: (node:8264) [MONGOOSE] Warning: Duplicate schema index on {"slug":1} found. This is often due to declaring an index using both "index: true" and "schema.index()". Please remove the duplicate index definition.
2026-03-26 15:43:34 [ERROR]: (node:8264) [MONGOOSE] Warning: Duplicate schema index on {"location_id":1} found. This is often due to declaring an index using both "index: true" and "schema.index()". Please remove the duplicate index definition.
2026-03-26 15:43:34 [ERROR]: (node:8264) [MONGOOSE] Warning: Duplicate schema index on {"categoryName":1} found. This is often due to declaring an index using both "index: true" and "schema.index()". Please remove the duplicate index definition.
2026-03-26 15:47:17 [ERROR]: (node:5632) [MONGOOSE] Warning: Duplicate schema index on {"agentId":1} found. This is often due to declaring an index using both "index: true" and "schema.index()". Please remove the duplicate index definition.
(Use `node --trace-warnings ...` to show where the warning was created)
2026-03-26 15:47:17 [ERROR]: (node:5632) [MONGOOSE] Warning: Duplicate schema index on {"id":1} found. This is often due to declaring an index using both "index: true" and "schema.index()". Please remove the duplicate index definition.
2026-03-26 15:47:17 [ERROR]: (node:5632) [MONGOOSE] Warning: Duplicate schema index on {"location_id":1} found. This is often due to declaring an index using both "index: true" and "schema.index()". Please remove the duplicate index definition.
2026-03-26 15:47:17 [ERROR]: (node:5632) [MONGOOSE] Warning: Duplicate schema index on {"slug":1} found. This is often due to declaring an index using both "index: true" and "schema.index()". Please remove the duplicate index definition.
2026-03-26 15:47:17 [ERROR]: (node:5632) [MONGOOSE] Warning: Duplicate schema index on {"location_id":1} found. This is often due to declaring an index using both "index: true" and "schema.index()". Please remove the duplicate index definition.
2026-03-26 15:47:17 [ERROR]: (node:5632) [MONGOOSE] Warning: Duplicate schema index on {"categoryName":1} found. This is often due to declaring an index using both "index: true" and "schema.index()". Please remove the duplicate index definition.
2026-03-26 15:47:24 [ERROR]: (node:7584) [MONGOOSE] Warning: Duplicate schema index on {"agentId":1} found. This is often due to declaring an index using both "index: true" and "schema.index()". Please remove the duplicate index definition.
(Use `node --trace-warnings ...` to show where the warning was created)
2026-03-26 15:47:24 [ERROR]: (node:7584) [MONGOOSE] Warning: Duplicate schema index on {"id":1} found. This is often due to declaring an index using both "index: true" and "schema.index()". Please remove the duplicate index definition.
2026-03-26 15:47:24 [ERROR]: (node:7584) [MONGOOSE] Warning: Duplicate schema index on {"location_id":1} found. This is often due to declaring an index using both "index: true" and "schema.index()". Please remove the duplicate index definition.
2026-03-26 15:47:24 [ERROR]: (node:7584) [MONGOOSE] Warning: Duplicate schema index on {"slug":1} found. This is often due to declaring an index using both "index: true" and "schema.index()". Please remove the duplicate index definition.
2026-03-26 15:47:24 [ERROR]: (node:7584) [MONGOOSE] Warning: Duplicate schema index on {"location_id":1} found. This is often due to declaring an index using both "index: true" and "schema.index()". Please remove the duplicate index definition.
2026-03-26 15:47:24 [ERROR]: (node:7584) [MONGOOSE] Warning: Duplicate schema index on {"categoryName":1} found. This is often due to declaring an index using both "index: true" and "schema.index()". Please remove the duplicate index definition.
2026-03-26 15:47:30 [ERROR]: (node:16892) [MONGOOSE] Warning: Duplicate schema index on {"agentId":1} found. This is often due to declaring an index using both "index: true" and "schema.index()". Please remove the duplicate index definition.
(Use `node --trace-warnings ...` to show where the warning was created)
2026-03-26 15:47:30 [ERROR]: (node:16892) [MONGOOSE] Warning: Duplicate schema index on {"id":1} found. This is often due to declaring an index using both "index: true" and "schema.index()". Please remove the duplicate index definition.
2026-03-26 15:47:30 [ERROR]: (node:16892) [MONGOOSE] Warning: Duplicate schema index on {"location_id":1} found. This is often due to declaring an index using both "index: true" and "schema.index()". Please remove the duplicate index definition.
2026-03-26 15:47:30 [ERROR]: (node:16892) [MONGOOSE] Warning: Duplicate schema index on {"slug":1} found. This is often due to declaring an index using both "index: true" and "schema.index()". Please remove the duplicate index definition.
2026-03-26 15:47:30 [ERROR]: (node:16892) [MONGOOSE] Warning: Duplicate schema index on {"location_id":1} found. This is often due to declaring an index using both "index: true" and "schema.index()". Please remove the duplicate index definition.
2026-03-26 15:47:30 [ERROR]: (node:16892) [MONGOOSE] Warning: Duplicate schema index on {"categoryName":1} found. This is often due to declaring an index using both "index: true" and "schema.index()". Please remove the duplicate index definition.
2026-03-26 15:47:52 [ERROR]: (node:14208) [MONGOOSE] Warning: Duplicate schema index on {"agentId":1} found. This is often due to declaring an index using both "index: true" and "schema.index()". Please remove the duplicate index definition.
(Use `node --trace-warnings ...` to show where the warning was created)
2026-03-26 15:47:52 [ERROR]: (node:14208) [MONGOOSE] Warning: Duplicate schema index on {"id":1} found. This is often due to declaring an index using both "index: true" and "schema.index()". Please remove the duplicate index definition.
2026-03-26 15:47:52 [ERROR]: (node:14208) [MONGOOSE] Warning: Duplicate schema index on {"location_id":1} found. This is often due to declaring an index using both "index: true" and "schema.index()". Please remove the duplicate index definition.
2026-03-26 15:47:52 [ERROR]: (node:14208) [MONGOOSE] Warning: Duplicate schema index on {"slug":1} found. This is often due to declaring an index using both "index: true" and "schema.index()". Please remove the duplicate index definition.
2026-03-26 15:47:52 [ERROR]: (node:14208) [MONGOOSE] Warning: Duplicate schema index on {"location_id":1} found. This is often due to declaring an index using both "index: true" and "schema.index()". Please remove the duplicate index definition.
2026-03-26 15:47:52 [ERROR]: (node:14208) [MONGOOSE] Warning: Duplicate schema index on {"categoryName":1} found. This is often due to declaring an index using both "index: true" and "schema.index()". Please remove the duplicate index definition.
2026-03-26 15:48:09 [ERROR]: (node:7100) [MONGOOSE] Warning: Duplicate schema index on {"agentId":1} found. This is often due to declaring an index using both "index: true" and "schema.index()". Please remove the duplicate index definition.
(Use `node --trace-warnings ...` to show where the warning was created)
2026-03-26 15:48:09 [ERROR]: (node:7100) [MONGOOSE] Warning: Duplicate schema index on {"id":1} found. This is often due to declaring an index using both "index: true" and "schema.index()". Please remove the duplicate index definition.
2026-03-26 15:48:09 [ERROR]: (node:7100) [MONGOOSE] Warning: Duplicate schema index on {"location_id":1} found. This is often due to declaring an index using both "index: true" and "schema.index()". Please remove the duplicate index definition.
2026-03-26 15:48:09 [ERROR]: (node:7100) [MONGOOSE] Warning: Duplicate schema index on {"slug":1} found. This is often due to declaring an index using both "index: true" and "schema.index()". Please remove the duplicate index definition.
2026-03-26 15:48:09 [ERROR]: (node:7100) [MONGOOSE] Warning: Duplicate schema index on {"location_id":1} found. This is often due to declaring an index using both "index: true" and "schema.index()". Please remove the duplicate index definition.
2026-03-26 15:48:09 [ERROR]: (node:7100) [MONGOOSE] Warning: Duplicate schema index on {"categoryName":1} found. This is often due to declaring an index using both "index: true" and "schema.index()". Please remove the duplicate index definition.
2026-03-26 15:52:17 [ERROR]: (node:2772) [MONGOOSE] Warning: Duplicate schema index on {"agentId":1} found. This is often due to declaring an index using both "index: true" and "schema.index()". Please remove the duplicate index definition.
(Use `node --trace-warnings ...` to show where the warning was created)
2026-03-26 15:52:17 [ERROR]: (node:2772) [MONGOOSE] Warning: Duplicate schema index on {"id":1} found. This is often due to declaring an index using both "index: true" and "schema.index()". Please remove the duplicate index definition.
2026-03-26 15:52:17 [ERROR]: (node:2772) [MONGOOSE] Warning: Duplicate schema index on {"location_id":1} found. This is often due to declaring an index using both "index: true" and "schema.index()". Please remove the duplicate index definition.
2026-03-26 15:52:17 [ERROR]: (node:2772) [MONGOOSE] Warning: Duplicate schema index on {"slug":1} found. This is often due to declaring an index using both "index: true" and "schema.index()". Please remove the duplicate index definition.
2026-03-26 15:52:17 [ERROR]: (node:2772) [MONGOOSE] Warning: Duplicate schema index on {"location_id":1} found. This is often due to declaring an index using both "index: true" and "schema.index()". Please remove the duplicate index definition.
2026-03-26 15:52:17 [ERROR]: (node:2772) [MONGOOSE] Warning: Duplicate schema index on {"categoryName":1} found. This is often due to declaring an index using both "index: true" and "schema.index()". Please remove the duplicate index definition.
2026-03-26 15:52:19 [ERROR]: FINAL ERROR: {
  "errors": {
    "LargestContentfulPaintName": {
      "name": "ValidatorError",
      "message": "Path `LargestContentfulPaintName` is required.",
      "properties": {
        "message": "Path `LargestContentfulPaintName` is required.",
        "type": "required",
        "path": "LargestContentfulPaintName"
      },
      "kind": "required",
      "path": "LargestContentfulPaintName"
    }
  },
  "_message": "OffPlanContact validation failed",
  "name": "ValidationError",
  "message": "OffPlanContact validation failed: LargestContentfulPaintName: Path `LargestContentfulPaintName` is required."
}
2026-03-26 15:54:22 [ERROR]: (node:1448) [MONGOOSE] Warning: Duplicate schema index on {"agentId":1} found. This is often due to declaring an index using both "index: true" and "schema.index()". Please remove the duplicate index definition.
(Use `node --trace-warnings ...` to show where the warning was created)
2026-03-26 15:54:22 [ERROR]: (node:1448) [MONGOOSE] Warning: Duplicate schema index on {"id":1} found. This is often due to declaring an index using both "index: true" and "schema.index()". Please remove the duplicate index definition.
2026-03-26 15:54:22 [ERROR]: (node:1448) [MONGOOSE] Warning: Duplicate schema index on {"location_id":1} found. This is often due to declaring an index using both "index: true" and "schema.index()". Please remove the duplicate index definition.
2026-03-26 15:54:22 [ERROR]: (node:1448) [MONGOOSE] Warning: Duplicate schema index on {"slug":1} found. This is often due to declaring an index using both "index: true" and "schema.index()". Please remove the duplicate index definition.
2026-03-26 15:54:22 [ERROR]: (node:1448) [MONGOOSE] Warning: Duplicate schema index on {"location_id":1} found. This is often due to declaring an index using both "index: true" and "schema.index()". Please remove the duplicate index definition.
2026-03-26 15:54:22 [ERROR]: (node:1448) [MONGOOSE] Warning: Duplicate schema index on {"categoryName":1} found. This is often due to declaring an index using both "index: true" and "schema.index()". Please remove the duplicate index definition.
2026-03-26 15:54:25 [ERROR]: (node:10972) [MONGOOSE] Warning: Duplicate schema index on {"agentId":1} found. This is often due to declaring an index using both "index: true" and "schema.index()". Please remove the duplicate index definition.
(Use `node --trace-warnings ...` to show where the warning was created)
2026-03-26 15:54:25 [ERROR]: (node:10972) [MONGOOSE] Warning: Duplicate schema index on {"id":1} found. This is often due to declaring an index using both "index: true" and "schema.index()". Please remove the duplicate index definition.
2026-03-26 15:54:25 [ERROR]: (node:10972) [MONGOOSE] Warning: Duplicate schema index on {"location_id":1} found. This is often due to declaring an index using both "index: true" and "schema.index()". Please remove the duplicate index definition.
2026-03-26 15:54:25 [ERROR]: (node:10972) [MONGOOSE] Warning: Duplicate schema index on {"slug":1} found. This is often due to declaring an index using both "index: true" and "schema.index()". Please remove the duplicate index definition.
2026-03-26 15:54:25 [ERROR]: (node:10972) [MONGOOSE] Warning: Duplicate schema index on {"location_id":1} found. This is often due to declaring an index using both "index: true" and "schema.index()". Please remove the duplicate index definition.
2026-03-26 15:54:25 [ERROR]: (node:10972) [MONGOOSE] Warning: Duplicate schema index on {"categoryName":1} found. This is often due to declaring an index using both "index: true" and "schema.index()". Please remove the duplicate index definition.
2026-03-26 16:00:32 [ERROR]: (node:1096) [MONGOOSE] Warning: Duplicate schema index on {"agentId":1} found. This is often due to declaring an index using both "index: true" and "schema.index()". Please remove the duplicate index definition.
(Use `node --trace-warnings ...` to show where the warning was created)
2026-03-26 16:00:32 [ERROR]: (node:1096) [MONGOOSE] Warning: Duplicate schema index on {"id":1} found. This is often due to declaring an index using both "index: true" and "schema.index()". Please remove the duplicate index definition.
2026-03-26 16:00:32 [ERROR]: (node:1096) [MONGOOSE] Warning: Duplicate schema index on {"location_id":1} found. This is often due to declaring an index using both "index: true" and "schema.index()". Please remove the duplicate index definition.
2026-03-26 16:00:32 [ERROR]: (node:1096) [MONGOOSE] Warning: Duplicate schema index on {"slug":1} found. This is often due to declaring an index using both "index: true" and "schema.index()". Please remove the duplicate index definition.
2026-03-26 16:00:32 [ERROR]: (node:1096) [MONGOOSE] Warning: Duplicate schema index on {"location_id":1} found. This is often due to declaring an index using both "index: true" and "schema.index()". Please remove the duplicate index definition.
2026-03-26 16:00:32 [ERROR]: (node:1096) [MONGOOSE] Warning: Duplicate schema index on {"categoryName":1} found. This is often due to declaring an index using both "index: true" and "schema.index()". Please remove the duplicate index definition.
2026-03-26 16:00:36 [ERROR]: (node:7100) [MONGOOSE] Warning: Duplicate schema index on {"agentId":1} found. This is often due to declaring an index using both "index: true" and "schema.index()". Please remove the duplicate index definition.
(Use `node --trace-warnings ...` to show where the warning was created)
2026-03-26 16:00:36 [ERROR]: (node:7100) [MONGOOSE] Warning: Duplicate schema index on {"id":1} found. This is often due to declaring an index using both "index: true" and "schema.index()". Please remove the duplicate index definition.
2026-03-26 16:00:36 [ERROR]: (node:7100) [MONGOOSE] Warning: Duplicate schema index on {"location_id":1} found. This is often due to declaring an index using both "index: true" and "schema.index()". Please remove the duplicate index definition.
2026-03-26 16:00:36 [ERROR]: (node:7100) [MONGOOSE] Warning: Duplicate schema index on {"slug":1} found. This is often due to declaring an index using both "index: true" and "schema.index()". Please remove the duplicate index definition.
2026-03-26 16:00:36 [ERROR]: (node:7100) [MONGOOSE] Warning: Duplicate schema index on {"location_id":1} found. This is often due to declaring an index using both "index: true" and "schema.index()". Please remove the duplicate index definition.
2026-03-26 16:00:36 [ERROR]: (node:7100) [MONGOOSE] Warning: Duplicate schema index on {"categoryName":1} found. This is often due to declaring an index using both "index: true" and "schema.index()". Please remove the duplicate index definition.
2026-03-26 16:00:39 [ERROR]: (node:19992) [MONGOOSE] Warning: Duplicate schema index on {"agentId":1} found. This is often due to declaring an index using both "index: true" and "schema.index()". Please remove the duplicate index definition.
(Use `node --trace-warnings ...` to show where the warning was created)
2026-03-26 16:00:39 [ERROR]: (node:19992) [MONGOOSE] Warning: Duplicate schema index on {"id":1} found. This is often due to declaring an index using both "index: true" and "schema.index()". Please remove the duplicate index definition.
2026-03-26 16:00:39 [ERROR]: (node:19992) [MONGOOSE] Warning: Duplicate schema index on {"location_id":1} found. This is often due to declaring an index using both "index: true" and "schema.index()". Please remove the duplicate index definition.
2026-03-26 16:00:39 [ERROR]: (node:19992) [MONGOOSE] Warning: Duplicate schema index on {"slug":1} found. This is often due to declaring an index using both "index: true" and "schema.index()". Please remove the duplicate index definition.
2026-03-26 16:00:39 [ERROR]: (node:19992) [MONGOOSE] Warning: Duplicate schema index on {"location_id":1} found. This is often due to declaring an index using both "index: true" and "schema.index()". Please remove the duplicate index definition.
2026-03-26 16:00:39 [ERROR]: (node:19992) [MONGOOSE] Warning: Duplicate schema index on {"categoryName":1} found. This is often due to declaring an index using both "index: true" and "schema.index()". Please remove the duplicate index definition.
2026-03-26 16:00:45 [ERROR]: (node:5768) [MONGOOSE] Warning: Duplicate schema index on {"agentId":1} found. This is often due to declaring an index using both "index: true" and "schema.index()". Please remove the duplicate index definition.
(Use `node --trace-warnings ...` to show where the warning was created)
2026-03-26 16:00:45 [ERROR]: (node:5768) [MONGOOSE] Warning: Duplicate schema index on {"id":1} found. This is often due to declaring an index using both "index: true" and "schema.index()". Please remove the duplicate index definition.
2026-03-26 16:00:45 [ERROR]: (node:5768) [MONGOOSE] Warning: Duplicate schema index on {"location_id":1} found. This is often due to declaring an index using both "index: true" and "schema.index()". Please remove the duplicate index definition.
2026-03-26 16:00:45 [ERROR]: (node:5768) [MONGOOSE] Warning: Duplicate schema index on {"slug":1} found. This is often due to declaring an index using both "index: true" and "schema.index()". Please remove the duplicate index definition.
2026-03-26 16:00:45 [ERROR]: (node:5768) [MONGOOSE] Warning: Duplicate schema index on {"location_id":1} found. This is often due to declaring an index using both "index: true" and "schema.index()". Please remove the duplicate index definition.
2026-03-26 16:00:45 [ERROR]: (node:5768) [MONGOOSE] Warning: Duplicate schema index on {"categoryName":1} found. This is often due to declaring an index using both "index: true" and "schema.index()". Please remove the duplicate index definition.
2026-03-26 16:00:49 [ERROR]: (node:15608) [MONGOOSE] Warning: Duplicate schema index on {"agentId":1} found. This is often due to declaring an index using both "index: true" and "schema.index()". Please remove the duplicate index definition.
(Use `node --trace-warnings ...` to show where the warning was created)
2026-03-26 16:00:49 [ERROR]: (node:15608) [MONGOOSE] Warning: Duplicate schema index on {"id":1} found. This is often due to declaring an index using both "index: true" and "schema.index()". Please remove the duplicate index definition.
2026-03-26 16:00:49 [ERROR]: (node:15608) [MONGOOSE] Warning: Duplicate schema index on {"location_id":1} found. This is often due to declaring an index using both "index: true" and "schema.index()". Please remove the duplicate index definition.
2026-03-26 16:00:49 [ERROR]: (node:15608) [MONGOOSE] Warning: Duplicate schema index on {"slug":1} found. This is often due to declaring an index using both "index: true" and "schema.index()". Please remove the duplicate index definition.
2026-03-26 16:00:49 [ERROR]: (node:15608) [MONGOOSE] Warning: Duplicate schema index on {"location_id":1} found. This is often due to declaring an index using both "index: true" and "schema.index()". Please remove the duplicate index definition.
2026-03-26 16:00:49 [ERROR]: (node:15608) [MONGOOSE] Warning: Duplicate schema index on {"categoryName":1} found. This is often due to declaring an index using both "index: true" and "schema.index()". Please remove the duplicate index definition.
2026-03-26 16:00:53 [ERROR]: (node:11876) [MONGOOSE] Warning: Duplicate schema index on {"agentId":1} found. This is often due to declaring an index using both "index: true" and "schema.index()". Please remove the duplicate index definition.
(Use `node --trace-warnings ...` to show where the warning was created)
2026-03-26 16:00:53 [ERROR]: (node:11876) [MONGOOSE] Warning: Duplicate schema index on {"id":1} found. This is often due to declaring an index using both "index: true" and "schema.index()". Please remove the duplicate index definition.
2026-03-26 16:00:53 [ERROR]: (node:11876) [MONGOOSE] Warning: Duplicate schema index on {"location_id":1} found. This is often due to declaring an index using both "index: true" and "schema.index()". Please remove the duplicate index definition.
2026-03-26 16:00:53 [ERROR]: (node:11876) [MONGOOSE] Warning: Duplicate schema index on {"slug":1} found. This is often due to declaring an index using both "index: true" and "schema.index()". Please remove the duplicate index definition.
2026-03-26 16:00:53 [ERROR]: (node:11876) [MONGOOSE] Warning: Duplicate schema index on {"location_id":1} found. This is often due to declaring an index using both "index: true" and "schema.index()". Please remove the duplicate index definition.
2026-03-26 16:00:53 [ERROR]: (node:11876) [MONGOOSE] Warning: Duplicate schema index on {"categoryName":1} found. This is often due to declaring an index using both "index: true" and "schema.index()". Please remove the duplicate index definition.
2026-03-26 16:00:58 [ERROR]: (node:14544) [MONGOOSE] Warning: Duplicate schema index on {"agentId":1} found. This is often due to declaring an index using both "index: true" and "schema.index()". Please remove the duplicate index definition.
(Use `node --trace-warnings ...` to show where the warning was created)
2026-03-26 16:00:58 [ERROR]: (node:14544) [MONGOOSE] Warning: Duplicate schema index on {"id":1} found. This is often due to declaring an index using both "index: true" and "schema.index()". Please remove the duplicate index definition.
2026-03-26 16:00:58 [ERROR]: (node:14544) [MONGOOSE] Warning: Duplicate schema index on {"location_id":1} found. This is often due to declaring an index using both "index: true" and "schema.index()". Please remove the duplicate index definition.
2026-03-26 16:00:58 [ERROR]: (node:14544) [MONGOOSE] Warning: Duplicate schema index on {"slug":1} found. This is often due to declaring an index using both "index: true" and "schema.index()". Please remove the duplicate index definition.
2026-03-26 16:00:58 [ERROR]: (node:14544) [MONGOOSE] Warning: Duplicate schema index on {"location_id":1} found. This is often due to declaring an index using both "index: true" and "schema.index()". Please remove the duplicate index definition.
2026-03-26 16:00:58 [ERROR]: (node:14544) [MONGOOSE] Warning: Duplicate schema index on {"categoryName":1} found. This is often due to declaring an index using both "index: true" and "schema.index()". Please remove the duplicate index definition.
2026-03-26 16:21:31 [ERROR]: (node:1620) [MONGOOSE] Warning: Duplicate schema index on {"agentId":1} found. This is often due to declaring an index using both "index: true" and "schema.index()". Please remove the duplicate index definition.
(Use `node --trace-warnings ...` to show where the warning was created)
2026-03-26 16:21:31 [ERROR]: (node:1620) [MONGOOSE] Warning: Duplicate schema index on {"id":1} found. This is often due to declaring an index using both "index: true" and "schema.index()". Please remove the duplicate index definition.
2026-03-26 16:21:31 [ERROR]: (node:1620) [MONGOOSE] Warning: Duplicate schema index on {"location_id":1} found. This is often due to declaring an index using both "index: true" and "schema.index()". Please remove the duplicate index definition.
2026-03-26 16:21:31 [ERROR]: (node:1620) [MONGOOSE] Warning: Duplicate schema index on {"slug":1} found. This is often due to declaring an index using both "index: true" and "schema.index()". Please remove the duplicate index definition.
2026-03-26 16:21:31 [ERROR]: (node:1620) [MONGOOSE] Warning: Duplicate schema index on {"location_id":1} found. This is often due to declaring an index using both "index: true" and "schema.index()". Please remove the duplicate index definition.
2026-03-26 16:21:31 [ERROR]: (node:1620) [MONGOOSE] Warning: Duplicate schema index on {"categoryName":1} found. This is often due to declaring an index using both "index: true" and "schema.index()". Please remove the duplicate index definition.
2026-03-26 16:21:34 [ERROR]: (node:13048) [MONGOOSE] Warning: Duplicate schema index on {"agentId":1} found. This is often due to declaring an index using both "index: true" and "schema.index()". Please remove the duplicate index definition.
(Use `node --trace-warnings ...` to show where the warning was created)
2026-03-26 16:21:34 [ERROR]: (node:13048) [MONGOOSE] Warning: Duplicate schema index on {"id":1} found. This is often due to declaring an index using both "index: true" and "schema.index()". Please remove the duplicate index definition.
2026-03-26 16:21:34 [ERROR]: (node:13048) [MONGOOSE] Warning: Duplicate schema index on {"location_id":1} found. This is often due to declaring an index using both "index: true" and "schema.index()". Please remove the duplicate index definition.
2026-03-26 16:21:34 [ERROR]: (node:13048) [MONGOOSE] Warning: Duplicate schema index on {"slug":1} found. This is often due to declaring an index using both "index: true" and "schema.index()". Please remove the duplicate index definition.
2026-03-26 16:21:34 [ERROR]: (node:13048) [MONGOOSE] Warning: Duplicate schema index on {"location_id":1} found. This is often due to declaring an index using both "index: true" and "schema.index()". Please remove the duplicate index definition.
2026-03-26 16:21:34 [ERROR]: (node:13048) [MONGOOSE] Warning: Duplicate schema index on {"categoryName":1} found. This is often due to declaring an index using both "index: true" and "schema.index()". Please remove the duplicate index definition.
2026-03-26 16:21:51 [ERROR]: (node:19512) [MONGOOSE] Warning: Duplicate schema index on {"agentId":1} found. This is often due to declaring an index using both "index: true" and "schema.index()". Please remove the duplicate index definition.
(Use `node --trace-warnings ...` to show where the warning was created)
2026-03-26 16:21:51 [ERROR]: (node:19512) [MONGOOSE] Warning: Duplicate schema index on {"id":1} found. This is often due to declaring an index using both "index: true" and "schema.index()". Please remove the duplicate index definition.
2026-03-26 16:21:51 [ERROR]: (node:19512) [MONGOOSE] Warning: Duplicate schema index on {"location_id":1} found. This is often due to declaring an index using both "index: true" and "schema.index()". Please remove the duplicate index definition.
2026-03-26 16:21:51 [ERROR]: (node:19512) [MONGOOSE] Warning: Duplicate schema index on {"slug":1} found. This is often due to declaring an index using both "index: true" and "schema.index()". Please remove the duplicate index definition.
2026-03-26 16:21:51 [ERROR]: (node:19512) [MONGOOSE] Warning: Duplicate schema index on {"location_id":1} found. This is often due to declaring an index using both "index: true" and "schema.index()". Please remove the duplicate index definition.
2026-03-26 16:21:51 [ERROR]: (node:19512) [MONGOOSE] Warning: Duplicate schema index on {"categoryName":1} found. This is often due to declaring an index using both "index: true" and "schema.index()". Please remove the duplicate index definition.
2026-03-26 16:21:56 [ERROR]: (node:13756) [MONGOOSE] Warning: Duplicate schema index on {"agentId":1} found. This is often due to declaring an index using both "index: true" and "schema.index()". Please remove the duplicate index definition.
(Use `node --trace-warnings ...` to show where the warning was created)
2026-03-26 16:21:56 [ERROR]: (node:13756) [MONGOOSE] Warning: Duplicate schema index on {"id":1} found. This is often due to declaring an index using both "index: true" and "schema.index()". Please remove the duplicate index definition.
2026-03-26 16:21:56 [ERROR]: (node:13756) [MONGOOSE] Warning: Duplicate schema index on {"location_id":1} found. This is often due to declaring an index using both "index: true" and "schema.index()". Please remove the duplicate index definition.
2026-03-26 16:21:56 [ERROR]: (node:13756) [MONGOOSE] Warning: Duplicate schema index on {"slug":1} found. This is often due to declaring an index using both "index: true" and "schema.index()". Please remove the duplicate index definition.
2026-03-26 16:21:56 [ERROR]: (node:13756) [MONGOOSE] Warning: Duplicate schema index on {"location_id":1} found. This is often due to declaring an index using both "index: true" and "schema.index()". Please remove the duplicate index definition.
2026-03-26 16:21:56 [ERROR]: (node:13756) [MONGOOSE] Warning: Duplicate schema index on {"categoryName":1} found. This is often due to declaring an index using both "index: true" and "schema.index()". Please remove the duplicate index definition.
2026-03-26 16:21:58 [ERROR]: (node:8840) [MONGOOSE] Warning: Duplicate schema index on {"agentId":1} found. This is often due to declaring an index using both "index: true" and "schema.index()". Please remove the duplicate index definition.
(Use `node --trace-warnings ...` to show where the warning was created)
2026-03-26 16:21:58 [ERROR]: (node:8840) [MONGOOSE] Warning: Duplicate schema index on {"id":1} found. This is often due to declaring an index using both "index: true" and "schema.index()". Please remove the duplicate index definition.
2026-03-26 16:21:58 [ERROR]: (node:8840) [MONGOOSE] Warning: Duplicate schema index on {"location_id":1} found. This is often due to declaring an index using both "index: true" and "schema.index()". Please remove the duplicate index definition.
2026-03-26 16:21:58 [ERROR]: (node:8840) [MONGOOSE] Warning: Duplicate schema index on {"slug":1} found. This is often due to declaring an index using both "index: true" and "schema.index()". Please remove the duplicate index definition.
2026-03-26 16:21:58 [ERROR]: (node:8840) [MONGOOSE] Warning: Duplicate schema index on {"location_id":1} found. This is often due to declaring an index using both "index: true" and "schema.index()". Please remove the duplicate index definition.
2026-03-26 16:21:58 [ERROR]: (node:8840) [MONGOOSE] Warning: Duplicate schema index on {"categoryName":1} found. This is often due to declaring an index using both "index: true" and "schema.index()". Please remove the duplicate index definition.
2026-03-26 16:22:05 [ERROR]: (node:2108) [MONGOOSE] Warning: Duplicate schema index on {"agentId":1} found. This is often due to declaring an index using both "index: true" and "schema.index()". Please remove the duplicate index definition.
(Use `node --trace-warnings ...` to show where the warning was created)
2026-03-26 16:22:05 [ERROR]: (node:2108) [MONGOOSE] Warning: Duplicate schema index on {"id":1} found. This is often due to declaring an index using both "index: true" and "schema.index()". Please remove the duplicate index definition.
2026-03-26 16:22:05 [ERROR]: (node:2108) [MONGOOSE] Warning: Duplicate schema index on {"location_id":1} found. This is often due to declaring an index using both "index: true" and "schema.index()". Please remove the duplicate index definition.
2026-03-26 16:22:05 [ERROR]: (node:2108) [MONGOOSE] Warning: Duplicate schema index on {"slug":1} found. This is often due to declaring an index using both "index: true" and "schema.index()". Please remove the duplicate index definition.
2026-03-26 16:22:05 [ERROR]: (node:2108) [MONGOOSE] Warning: Duplicate schema index on {"location_id":1} found. This is often due to declaring an index using both "index: true" and "schema.index()". Please remove the duplicate index definition.
2026-03-26 16:22:05 [ERROR]: (node:2108) [MONGOOSE] Warning: Duplicate schema index on {"categoryName":1} found. This is often due to declaring an index using both "index: true" and "schema.index()". Please remove the duplicate index definition.
2026-03-26 16:22:14 [ERROR]: (node:6668) [MONGOOSE] Warning: Duplicate schema index on {"agentId":1} found. This is often due to declaring an index using both "index: true" and "schema.index()". Please remove the duplicate index definition.
(Use `node --trace-warnings ...` to show where the warning was created)
2026-03-26 16:22:14 [ERROR]: (node:6668) [MONGOOSE] Warning: Duplicate schema index on {"id":1} found. This is often due to declaring an index using both "index: true" and "schema.index()". Please remove the duplicate index definition.
2026-03-26 16:22:14 [ERROR]: (node:6668) [MONGOOSE] Warning: Duplicate schema index on {"location_id":1} found. This is often due to declaring an index using both "index: true" and "schema.index()". Please remove the duplicate index definition.
2026-03-26 16:22:14 [ERROR]: (node:6668) [MONGOOSE] Warning: Duplicate schema index on {"slug":1} found. This is often due to declaring an index using both "index: true" and "schema.index()". Please remove the duplicate index definition.
2026-03-26 16:22:14 [ERROR]: (node:6668) [MONGOOSE] Warning: Duplicate schema index on {"location_id":1} found. This is often due to declaring an index using both "index: true" and "schema.index()". Please remove the duplicate index definition.
2026-03-26 16:22:14 [ERROR]: (node:6668) [MONGOOSE] Warning: Duplicate schema index on {"categoryName":1} found. This is often due to declaring an index using both "index: true" and "schema.index()". Please remove the duplicate index definition.
2026-03-26 16:59:12 [ERROR]: (node:12892) [MONGOOSE] Warning: Duplicate schema index on {"agentId":1} found. This is often due to declaring an index using both "index: true" and "schema.index()". Please remove the duplicate index definition.
(Use `node --trace-warnings ...` to show where the warning was created)
2026-03-26 16:59:12 [ERROR]: (node:12892) [MONGOOSE] Warning: Duplicate schema index on {"id":1} found. This is often due to declaring an index using both "index: true" and "schema.index()". Please remove the duplicate index definition.
2026-03-26 16:59:12 [ERROR]: (node:12892) [MONGOOSE] Warning: Duplicate schema index on {"location_id":1} found. This is often due to declaring an index using both "index: true" and "schema.index()". Please remove the duplicate index definition.
2026-03-26 16:59:12 [ERROR]: (node:12892) [MONGOOSE] Warning: Duplicate schema index on {"slug":1} found. This is often due to declaring an index using both "index: true" and "schema.index()". Please remove the duplicate index definition.
2026-03-26 16:59:12 [ERROR]: (node:12892) [MONGOOSE] Warning: Duplicate schema index on {"location_id":1} found. This is often due to declaring an index using both "index: true" and "schema.index()". Please remove the duplicate index definition.
2026-03-26 16:59:12 [ERROR]: (node:12892) [MONGOOSE] Warning: Duplicate schema index on {"categoryName":1} found. This is often due to declaring an index using both "index: true" and "schema.index()". Please remove the duplicate index definition.
2026-03-26 16:59:15 [ERROR]: (node:17072) [MONGOOSE] Warning: Duplicate schema index on {"agentId":1} found. This is often due to declaring an index using both "index: true" and "schema.index()". Please remove the duplicate index definition.
(Use `node --trace-warnings ...` to show where the warning was created)
2026-03-26 16:59:16 [ERROR]: (node:17072) [MONGOOSE] Warning: Duplicate schema index on {"id":1} found. This is often due to declaring an index using both "index: true" and "schema.index()". Please remove the duplicate index definition.
2026-03-26 16:59:16 [ERROR]: (node:17072) [MONGOOSE] Warning: Duplicate schema index on {"location_id":1} found. This is often due to declaring an index using both "index: true" and "schema.index()". Please remove the duplicate index definition.
2026-03-26 16:59:16 [ERROR]: (node:17072) [MONGOOSE] Warning: Duplicate schema index on {"slug":1} found. This is often due to declaring an index using both "index: true" and "schema.index()". Please remove the duplicate index definition.
2026-03-26 16:59:16 [ERROR]: (node:17072) [MONGOOSE] Warning: Duplicate schema index on {"location_id":1} found. This is often due to declaring an index using both "index: true" and "schema.index()". Please remove the duplicate index definition.
2026-03-26 16:59:16 [ERROR]: (node:17072) [MONGOOSE] Warning: Duplicate schema index on {"categoryName":1} found. This is often due to declaring an index using both "index: true" and "schema.index()". Please remove the duplicate index definition.
2026-03-26 16:59:28 [ERROR]: (node:4508) [MONGOOSE] Warning: Duplicate schema index on {"agentId":1} found. This is often due to declaring an index using both "index: true" and "schema.index()". Please remove the duplicate index definition.
(Use `node --trace-warnings ...` to show where the warning was created)
2026-03-26 16:59:28 [ERROR]: (node:4508) [MONGOOSE] Warning: Duplicate schema index on {"id":1} found. This is often due to declaring an index using both "index: true" and "schema.index()". Please remove the duplicate index definition.
2026-03-26 16:59:28 [ERROR]: (node:4508) [MONGOOSE] Warning: Duplicate schema index on {"location_id":1} found. This is often due to declaring an index using both "index: true" and "schema.index()". Please remove the duplicate index definition.
2026-03-26 16:59:29 [ERROR]: (node:4508) [MONGOOSE] Warning: Duplicate schema index on {"slug":1} found. This is often due to declaring an index using both "index: true" and "schema.index()". Please remove the duplicate index definition.
2026-03-26 16:59:29 [ERROR]: (node:4508) [MONGOOSE] Warning: Duplicate schema index on {"location_id":1} found. This is often due to declaring an index using both "index: true" and "schema.index()". Please remove the duplicate index definition.
2026-03-26 16:59:29 [ERROR]: (node:4508) [MONGOOSE] Warning: Duplicate schema index on {"categoryName":1} found. This is often due to declaring an index using both "index: true" and "schema.index()". Please remove the duplicate index definition.
2026-03-26 16:59:31 [ERROR]: (node:5192) [MONGOOSE] Warning: Duplicate schema index on {"agentId":1} found. This is often due to declaring an index using both "index: true" and "schema.index()". Please remove the duplicate index definition.
(Use `node --trace-warnings ...` to show where the warning was created)
2026-03-26 16:59:31 [ERROR]: (node:5192) [MONGOOSE] Warning: Duplicate schema index on {"id":1} found. This is often due to declaring an index using both "index: true" and "schema.index()". Please remove the duplicate index definition.
2026-03-26 16:59:31 [ERROR]: (node:5192) [MONGOOSE] Warning: Duplicate schema index on {"location_id":1} found. This is often due to declaring an index using both "index: true" and "schema.index()". Please remove the duplicate index definition.
2026-03-26 16:59:31 [ERROR]: (node:5192) [MONGOOSE] Warning: Duplicate schema index on {"slug":1} found. This is often due to declaring an index using both "index: true" and "schema.index()". Please remove the duplicate index definition.
2026-03-26 16:59:31 [ERROR]: (node:5192) [MONGOOSE] Warning: Duplicate schema index on {"location_id":1} found. This is often due to declaring an index using both "index: true" and "schema.index()". Please remove the duplicate index definition.
2026-03-26 16:59:31 [ERROR]: (node:5192) [MONGOOSE] Warning: Duplicate schema index on {"categoryName":1} found. This is often due to declaring an index using both "index: true" and "schema.index()". Please remove the duplicate index definition.
2026-03-26 16:59:46 [ERROR]: (node:10888) [MONGOOSE] Warning: Duplicate schema index on {"agentId":1} found. This is often due to declaring an index using both "index: true" and "schema.index()". Please remove the duplicate index definition.
(Use `node --trace-warnings ...` to show where the warning was created)
2026-03-26 16:59:46 [ERROR]: (node:10888) [MONGOOSE] Warning: Duplicate schema index on {"id":1} found. This is often due to declaring an index using both "index: true" and "schema.index()". Please remove the duplicate index definition.
2026-03-26 16:59:46 [ERROR]: (node:10888) [MONGOOSE] Warning: Duplicate schema index on {"location_id":1} found. This is often due to declaring an index using both "index: true" and "schema.index()". Please remove the duplicate index definition.
2026-03-26 16:59:46 [ERROR]: (node:10888) [MONGOOSE] Warning: Duplicate schema index on {"slug":1} found. This is often due to declaring an index using both "index: true" and "schema.index()". Please remove the duplicate index definition.
2026-03-26 16:59:46 [ERROR]: (node:10888) [MONGOOSE] Warning: Duplicate schema index on {"location_id":1} found. This is often due to declaring an index using both "index: true" and "schema.index()". Please remove the duplicate index definition.
2026-03-26 16:59:46 [ERROR]: (node:10888) [MONGOOSE] Warning: Duplicate schema index on {"categoryName":1} found. This is often due to declaring an index using both "index: true" and "schema.index()". Please remove the duplicate index definition.
2026-03-26 16:59:48 [ERROR]: (node:13740) [MONGOOSE] Warning: Duplicate schema index on {"agentId":1} found. This is often due to declaring an index using both "index: true" and "schema.index()". Please remove the duplicate index definition.
(Use `node --trace-warnings ...` to show where the warning was created)
2026-03-26 16:59:48 [ERROR]: (node:13740) [MONGOOSE] Warning: Duplicate schema index on {"id":1} found. This is often due to declaring an index using both "index: true" and "schema.index()". Please remove the duplicate index definition.
2026-03-26 16:59:48 [ERROR]: (node:13740) [MONGOOSE] Warning: Duplicate schema index on {"location_id":1} found. This is often due to declaring an index using both "index: true" and "schema.index()". Please remove the duplicate index definition.
2026-03-26 16:59:48 [ERROR]: (node:13740) [MONGOOSE] Warning: Duplicate schema index on {"slug":1} found. This is often due to declaring an index using both "index: true" and "schema.index()". Please remove the duplicate index definition.
2026-03-26 16:59:48 [ERROR]: (node:13740) [MONGOOSE] Warning: Duplicate schema index on {"location_id":1} found. This is often due to declaring an index using both "index: true" and "schema.index()". Please remove the duplicate index definition.
2026-03-26 16:59:48 [ERROR]: (node:13740) [MONGOOSE] Warning: Duplicate schema index on {"categoryName":1} found. This is often due to declaring an index using both "index: true" and "schema.index()". Please remove the duplicate index definition.
2026-03-26 16:59:51 [ERROR]: (node:7860) [MONGOOSE] Warning: Duplicate schema index on {"agentId":1} found. This is often due to declaring an index using both "index: true" and "schema.index()". Please remove the duplicate index definition.
(Use `node --trace-warnings ...` to show where the warning was created)
2026-03-26 16:59:51 [ERROR]: (node:7860) [MONGOOSE] Warning: Duplicate schema index on {"id":1} found. This is often due to declaring an index using both "index: true" and "schema.index()". Please remove the duplicate index definition.
2026-03-26 16:59:51 [ERROR]: (node:7860) [MONGOOSE] Warning: Duplicate schema index on {"location_id":1} found. This is often due to declaring an index using both "index: true" and "schema.index()". Please remove the duplicate index definition.
2026-03-26 16:59:51 [ERROR]: (node:7860) [MONGOOSE] Warning: Duplicate schema index on {"slug":1} found. This is often due to declaring an index using both "index: true" and "schema.index()". Please remove the duplicate index definition.
2026-03-26 16:59:51 [ERROR]: (node:7860) [MONGOOSE] Warning: Duplicate schema index on {"location_id":1} found. This is often due to declaring an index using both "index: true" and "schema.index()". Please remove the duplicate index definition.
2026-03-26 16:59:51 [ERROR]: (node:7860) [MONGOOSE] Warning: Duplicate schema index on {"categoryName":1} found. This is often due to declaring an index using both "index: true" and "schema.index()". Please remove the duplicate index definition.
2026-03-26 16:59:55 [ERROR]: (node:17524) [MONGOOSE] Warning: Duplicate schema index on {"agentId":1} found. This is often due to declaring an index using both "index: true" and "schema.index()". Please remove the duplicate index definition.
(Use `node --trace-warnings ...` to show where the warning was created)
2026-03-26 16:59:55 [ERROR]: (node:17524) [MONGOOSE] Warning: Duplicate schema index on {"id":1} found. This is often due to declaring an index using both "index: true" and "schema.index()". Please remove the duplicate index definition.
2026-03-26 16:59:55 [ERROR]: (node:17524) [MONGOOSE] Warning: Duplicate schema index on {"location_id":1} found. This is often due to declaring an index using both "index: true" and "schema.index()". Please remove the duplicate index definition.
2026-03-26 16:59:55 [ERROR]: (node:17524) [MONGOOSE] Warning: Duplicate schema index on {"slug":1} found. This is often due to declaring an index using both "index: true" and "schema.index()". Please remove the duplicate index definition.
2026-03-26 16:59:55 [ERROR]: (node:17524) [MONGOOSE] Warning: Duplicate schema index on {"location_id":1} found. This is often due to declaring an index using both "index: true" and "schema.index()". Please remove the duplicate index definition.
2026-03-26 16:59:55 [ERROR]: (node:17524) [MONGOOSE] Warning: Duplicate schema index on {"categoryName":1} found. This is often due to declaring an index using both "index: true" and "schema.index()". Please remove the duplicate index definition.
2026-03-26 16:59:57 [ERROR]: (node:10644) [MONGOOSE] Warning: Duplicate schema index on {"agentId":1} found. This is often due to declaring an index using both "index: true" and "schema.index()". Please remove the duplicate index definition.
(Use `node --trace-warnings ...` to show where the warning was created)
2026-03-26 16:59:57 [ERROR]: (node:10644) [MONGOOSE] Warning: Duplicate schema index on {"id":1} found. This is often due to declaring an index using both "index: true" and "schema.index()". Please remove the duplicate index definition.
2026-03-26 16:59:57 [ERROR]: (node:10644) [MONGOOSE] Warning: Duplicate schema index on {"location_id":1} found. This is often due to declaring an index using both "index: true" and "schema.index()". Please remove the duplicate index definition.
2026-03-26 16:59:57 [ERROR]: (node:10644) [MONGOOSE] Warning: Duplicate schema index on {"slug":1} found. This is often due to declaring an index using both "index: true" and "schema.index()". Please remove the duplicate index definition.
2026-03-26 16:59:57 [ERROR]: (node:10644) [MONGOOSE] Warning: Duplicate schema index on {"location_id":1} found. This is often due to declaring an index using both "index: true" and "schema.index()". Please remove the duplicate index definition.
2026-03-26 16:59:57 [ERROR]: (node:10644) [MONGOOSE] Warning: Duplicate schema index on {"categoryName":1} found. This is often due to declaring an index using both "index: true" and "schema.index()". Please remove the duplicate index definition.
2026-03-26 17:00:02 [ERROR]: (node:11772) [MONGOOSE] Warning: Duplicate schema index on {"agentId":1} found. This is often due to declaring an index using both "index: true" and "schema.index()". Please remove the duplicate index definition.
(Use `node --trace-warnings ...` to show where the warning was created)
2026-03-26 17:00:02 [ERROR]: (node:11772) [MONGOOSE] Warning: Duplicate schema index on {"id":1} found. This is often due to declaring an index using both "index: true" and "schema.index()". Please remove the duplicate index definition.
2026-03-26 17:00:02 [ERROR]: (node:11772) [MONGOOSE] Warning: Duplicate schema index on {"location_id":1} found. This is often due to declaring an index using both "index: true" and "schema.index()". Please remove the duplicate index definition.
2026-03-26 17:00:02 [ERROR]: (node:11772) [MONGOOSE] Warning: Duplicate schema index on {"slug":1} found. This is often due to declaring an index using both "index: true" and "schema.index()". Please remove the duplicate index definition.
2026-03-26 17:00:02 [ERROR]: (node:11772) [MONGOOSE] Warning: Duplicate schema index on {"location_id":1} found. This is often due to declaring an index using both "index: true" and "schema.index()". Please remove the duplicate index definition.
2026-03-26 17:00:02 [ERROR]: (node:11772) [MONGOOSE] Warning: Duplicate schema index on {"categoryName":1} found. This is often due to declaring an index using both "index: true" and "schema.index()". Please remove the duplicate index definition.
2026-03-31 18:23:37 [ERROR]: (node:14036) [MONGOOSE] Warning: Duplicate schema index on {"agentId":1} found. This is often due to declaring an index using both "index: true" and "schema.index()". Please remove the duplicate index definition.
(Use `node --trace-warnings ...` to show where the warning was created)
2026-03-31 18:23:37 [ERROR]: (node:14036) [MONGOOSE] Warning: Duplicate schema index on {"id":1} found. This is often due to declaring an index using both "index: true" and "schema.index()". Please remove the duplicate index definition.
2026-03-31 18:23:37 [ERROR]: (node:14036) [MONGOOSE] Warning: Duplicate schema index on {"location_id":1} found. This is often due to declaring an index using both "index: true" and "schema.index()". Please remove the duplicate index definition.
2026-03-31 18:23:37 [ERROR]: (node:14036) [MONGOOSE] Warning: Duplicate schema index on {"slug":1} found. This is often due to declaring an index using both "index: true" and "schema.index()". Please remove the duplicate index definition.
2026-03-31 18:23:37 [ERROR]: (node:14036) [MONGOOSE] Warning: Duplicate schema index on {"location_id":1} found. This is often due to declaring an index using both "index: true" and "schema.index()". Please remove the duplicate index definition.
2026-03-31 18:23:37 [ERROR]: (node:14036) [MONGOOSE] Warning: Duplicate schema index on {"categoryName":1} found. This is often due to declaring an index using both "index: true" and "schema.index()". Please remove the duplicate index definition.
2026-03-31 18:24:06 [ERROR]: (node:18228) [MONGOOSE] Warning: Duplicate schema index on {"agentId":1} found. This is often due to declaring an index using both "index: true" and "schema.index()". Please remove the duplicate index definition.
(Use `node --trace-warnings ...` to show where the warning was created)
2026-03-31 18:24:06 [ERROR]: (node:18228) [MONGOOSE] Warning: Duplicate schema index on {"id":1} found. This is often due to declaring an index using both "index: true" and "schema.index()". Please remove the duplicate index definition.
2026-03-31 18:24:06 [ERROR]: (node:18228) [MONGOOSE] Warning: Duplicate schema index on {"location_id":1} found. This is often due to declaring an index using both "index: true" and "schema.index()". Please remove the duplicate index definition.
2026-03-31 18:24:06 [ERROR]: (node:18228) [MONGOOSE] Warning: Duplicate schema index on {"slug":1} found. This is often due to declaring an index using both "index: true" and "schema.index()". Please remove the duplicate index definition.
2026-03-31 18:24:06 [ERROR]: (node:18228) [MONGOOSE] Warning: Duplicate schema index on {"location_id":1} found. This is often due to declaring an index using both "index: true" and "schema.index()". Please remove the duplicate index definition.
2026-03-31 18:24:06 [ERROR]: (node:18228) [MONGOOSE] Warning: Duplicate schema index on {"categoryName":1} found. This is often due to declaring an index using both "index: true" and "schema.index()". Please remove the duplicate index definition.
2026-03-31 18:25:06 [ERROR]: (node:17224) [MONGOOSE] Warning: Duplicate schema index on {"agentId":1} found. This is often due to declaring an index using both "index: true" and "schema.index()". Please remove the duplicate index definition.
(Use `node --trace-warnings ...` to show where the warning was created)
2026-03-31 18:25:06 [ERROR]: (node:17224) [MONGOOSE] Warning: Duplicate schema index on {"id":1} found. This is often due to declaring an index using both "index: true" and "schema.index()". Please remove the duplicate index definition.
2026-03-31 18:25:06 [ERROR]: (node:17224) [MONGOOSE] Warning: Duplicate schema index on {"location_id":1} found. This is often due to declaring an index using both "index: true" and "schema.index()". Please remove the duplicate index definition.
2026-03-31 18:25:06 [ERROR]: (node:17224) [MONGOOSE] Warning: Duplicate schema index on {"slug":1} found. This is often due to declaring an index using both "index: true" and "schema.index()". Please remove the duplicate index definition.
2026-03-31 18:25:06 [ERROR]: (node:17224) [MONGOOSE] Warning: Duplicate schema index on {"location_id":1} found. This is often due to declaring an index using both "index: true" and "schema.index()". Please remove the duplicate index definition.
2026-03-31 18:25:06 [ERROR]: (node:17224) [MONGOOSE] Warning: Duplicate schema index on {"categoryName":1} found. This is often due to declaring an index using both "index: true" and "schema.index()". Please remove the duplicate index definition.
2026-04-03 12:20:23 [ERROR]: (node:15772) [MONGOOSE] Warning: Duplicate schema index on {"agentId":1} found. This is often due to declaring an index using both "index: true" and "schema.index()". Please remove the duplicate index definition.
(Use `node --trace-warnings ...` to show where the warning was created)
2026-04-03 12:20:23 [ERROR]: (node:15772) [MONGOOSE] Warning: Duplicate schema index on {"id":1} found. This is often due to declaring an index using both "index: true" and "schema.index()". Please remove the duplicate index definition.
2026-04-03 12:20:23 [ERROR]: (node:15772) [MONGOOSE] Warning: Duplicate schema index on {"location_id":1} found. This is often due to declaring an index using both "index: true" and "schema.index()". Please remove the duplicate index definition.
2026-04-03 12:20:23 [ERROR]: (node:15772) [MONGOOSE] Warning: Duplicate schema index on {"slug":1} found. This is often due to declaring an index using both "index: true" and "schema.index()". Please remove the duplicate index definition.
2026-04-03 12:20:23 [ERROR]: (node:15772) [MONGOOSE] Warning: Duplicate schema index on {"location_id":1} found. This is often due to declaring an index using both "index: true" and "schema.index()". Please remove the duplicate index definition.
2026-04-03 12:20:23 [ERROR]: (node:15772) [MONGOOSE] Warning: Duplicate schema index on {"categoryName":1} found. This is often due to declaring an index using both "index: true" and "schema.index()". Please remove the duplicate index definition.
2026-04-03 12:20:40 [ERROR]: (node:19032) [MONGOOSE] Warning: Duplicate schema index on {"agentId":1} found. This is often due to declaring an index using both "index: true" and "schema.index()". Please remove the duplicate index definition.
(Use `node --trace-warnings ...` to show where the warning was created)
2026-04-03 12:20:40 [ERROR]: (node:19032) [MONGOOSE] Warning: Duplicate schema index on {"id":1} found. This is often due to declaring an index using both "index: true" and "schema.index()". Please remove the duplicate index definition.
2026-04-03 12:20:40 [ERROR]: (node:19032) [MONGOOSE] Warning: Duplicate schema index on {"location_id":1} found. This is often due to declaring an index using both "index: true" and "schema.index()". Please remove the duplicate index definition.
2026-04-03 12:20:40 [ERROR]: (node:19032) [MONGOOSE] Warning: Duplicate schema index on {"slug":1} found. This is often due to declaring an index using both "index: true" and "schema.index()". Please remove the duplicate index definition.
2026-04-03 12:20:40 [ERROR]: (node:19032) [MONGOOSE] Warning: Duplicate schema index on {"location_id":1} found. This is often due to declaring an index using both "index: true" and "schema.index()". Please remove the duplicate index definition.
2026-04-03 12:20:40 [ERROR]: (node:19032) [MONGOOSE] Warning: Duplicate schema index on {"categoryName":1} found. This is often due to declaring an index using both "index: true" and "schema.index()". Please remove the duplicate index definition.
2026-04-15 12:42:11 [ERROR]: (node:10836) [MONGOOSE] Warning: Duplicate schema index on {"agentId":1} found. This is often due to declaring an index using both "index: true" and "schema.index()". Please remove the duplicate index definition.
(Use `node --trace-warnings ...` to show where the warning was created)
2026-04-15 12:42:11 [ERROR]: (node:10836) [MONGOOSE] Warning: Duplicate schema index on {"id":1} found. This is often due to declaring an index using both "index: true" and "schema.index()". Please remove the duplicate index definition.
2026-04-15 12:42:11 [ERROR]: (node:10836) [MONGOOSE] Warning: Duplicate schema index on {"location_id":1} found. This is often due to declaring an index using both "index: true" and "schema.index()". Please remove the duplicate index definition.
2026-04-15 12:42:11 [ERROR]: (node:10836) [MONGOOSE] Warning: Duplicate schema index on {"slug":1} found. This is often due to declaring an index using both "index: true" and "schema.index()". Please remove the duplicate index definition.
2026-04-15 12:42:11 [ERROR]: (node:10836) [MONGOOSE] Warning: Duplicate schema index on {"location_id":1} found. This is often due to declaring an index using both "index: true" and "schema.index()". Please remove the duplicate index definition.
2026-04-15 12:42:11 [ERROR]: (node:10836) [MONGOOSE] Warning: Duplicate schema index on {"categoryName":1} found. This is often due to declaring an index using both "index: true" and "schema.index()". Please remove the duplicate index definition.
2026-04-15 13:35:36 [ERROR]: (node:768) [MONGOOSE] Warning: Duplicate schema index on {"agentId":1} found. This is often due to declaring an index using both "index: true" and "schema.index()". Please remove the duplicate index definition.
(Use `node --trace-warnings ...` to show where the warning was created)
2026-04-15 13:35:36 [ERROR]: (node:768) [MONGOOSE] Warning: Duplicate schema index on {"id":1} found. This is often due to declaring an index using both "index: true" and "schema.index()". Please remove the duplicate index definition.
2026-04-15 13:35:36 [ERROR]: (node:768) [MONGOOSE] Warning: Duplicate schema index on {"location_id":1} found. This is often due to declaring an index using both "index: true" and "schema.index()". Please remove the duplicate index definition.
2026-04-15 13:35:36 [ERROR]: (node:768) [MONGOOSE] Warning: Duplicate schema index on {"slug":1} found. This is often due to declaring an index using both "index: true" and "schema.index()". Please remove the duplicate index definition.
2026-04-15 13:35:36 [ERROR]: (node:768) [MONGOOSE] Warning: Duplicate schema index on {"location_id":1} found. This is often due to declaring an index using both "index: true" and "schema.index()". Please remove the duplicate index definition.
2026-04-15 13:35:36 [ERROR]: (node:768) [MONGOOSE] Warning: Duplicate schema index on {"categoryName":1} found. This is often due to declaring an index using both "index: true" and "schema.index()". Please remove the duplicate index definition.
2026-04-15 13:35:46 [ERROR]: (node:808) [MONGOOSE] Warning: Duplicate schema index on {"agentId":1} found. This is often due to declaring an index using both "index: true" and "schema.index()". Please remove the duplicate index definition.
(Use `node --trace-warnings ...` to show where the warning was created)
2026-04-15 13:35:46 [ERROR]: (node:808) [MONGOOSE] Warning: Duplicate schema index on {"id":1} found. This is often due to declaring an index using both "index: true" and "schema.index()". Please remove the duplicate index definition.
2026-04-15 13:35:46 [ERROR]: (node:808) [MONGOOSE] Warning: Duplicate schema index on {"location_id":1} found. This is often due to declaring an index using both "index: true" and "schema.index()". Please remove the duplicate index definition.
2026-04-15 13:35:46 [ERROR]: (node:808) [MONGOOSE] Warning: Duplicate schema index on {"slug":1} found. This is often due to declaring an index using both "index: true" and "schema.index()". Please remove the duplicate index definition.
2026-04-15 13:35:46 [ERROR]: (node:808) [MONGOOSE] Warning: Duplicate schema index on {"location_id":1} found. This is often due to declaring an index using both "index: true" and "schema.index()". Please remove the duplicate index definition.
2026-04-15 13:35:46 [ERROR]: (node:808) [MONGOOSE] Warning: Duplicate schema index on {"categoryName":1} found. This is often due to declaring an index using both "index: true" and "schema.index()". Please remove the duplicate index definition.
2026-04-15 15:09:03 [ERROR]: (node:3456) [MONGOOSE] Warning: Duplicate schema index on {"agentId":1} found. This is often due to declaring an index using both "index: true" and "schema.index()". Please remove the duplicate index definition.
(Use `node --trace-warnings ...` to show where the warning was created)
2026-04-15 15:09:03 [ERROR]: (node:3456) [MONGOOSE] Warning: Duplicate schema index on {"id":1} found. This is often due to declaring an index using both "index: true" and "schema.index()". Please remove the duplicate index definition.
2026-04-15 15:09:03 [ERROR]: (node:3456) [MONGOOSE] Warning: Duplicate schema index on {"location_id":1} found. This is often due to declaring an index using both "index: true" and "schema.index()". Please remove the duplicate index definition.
2026-04-15 15:09:03 [ERROR]: (node:3456) [MONGOOSE] Warning: Duplicate schema index on {"slug":1} found. This is often due to declaring an index using both "index: true" and "schema.index()". Please remove the duplicate index definition.
2026-04-15 15:09:03 [ERROR]: (node:3456) [MONGOOSE] Warning: Duplicate schema index on {"location_id":1} found. This is often due to declaring an index using both "index: true" and "schema.index()". Please remove the duplicate index definition.
2026-04-15 15:09:03 [ERROR]: (node:3456) [MONGOOSE] Warning: Duplicate schema index on {"categoryName":1} found. This is often due to declaring an index using both "index: true" and "schema.index()". Please remove the duplicate index definition.
2026-04-15 15:16:33 [ERROR]: (node:15912) [MONGOOSE] Warning: Duplicate schema index on {"agentId":1} found. This is often due to declaring an index using both "index: true" and "schema.index()". Please remove the duplicate index definition.
(Use `node --trace-warnings ...` to show where the warning was created)
2026-04-15 15:16:33 [ERROR]: (node:15912) [MONGOOSE] Warning: Duplicate schema index on {"id":1} found. This is often due to declaring an index using both "index: true" and "schema.index()". Please remove the duplicate index definition.
2026-04-15 15:16:33 [ERROR]: (node:15912) [MONGOOSE] Warning: Duplicate schema index on {"location_id":1} found. This is often due to declaring an index using both "index: true" and "schema.index()". Please remove the duplicate index definition.
2026-04-15 15:16:33 [ERROR]: (node:15912) [MONGOOSE] Warning: Duplicate schema index on {"slug":1} found. This is often due to declaring an index using both "index: true" and "schema.index()". Please remove the duplicate index definition.
2026-04-15 15:16:33 [ERROR]: (node:15912) [MONGOOSE] Warning: Duplicate schema index on {"location_id":1} found. This is often due to declaring an index using both "index: true" and "schema.index()". Please remove the duplicate index definition.
2026-04-15 15:16:33 [ERROR]: (node:15912) [MONGOOSE] Warning: Duplicate schema index on {"categoryName":1} found. This is often due to declaring an index using both "index: true" and "schema.index()". Please remove the duplicate index definition.
2026-04-15 15:16:33 [ERROR]: (node:19300) [MONGOOSE] Warning: Duplicate schema index on {"agentId":1} found. This is often due to declaring an index using both "index: true" and "schema.index()". Please remove the duplicate index definition.
(Use `node --trace-warnings ...` to show where the warning was created)
2026-04-15 15:16:33 [ERROR]: (node:19300) [MONGOOSE] Warning: Duplicate schema index on {"id":1} found. This is often due to declaring an index using both "index: true" and "schema.index()". Please remove the duplicate index definition.
2026-04-15 15:16:33 [ERROR]: (node:19300) [MONGOOSE] Warning: Duplicate schema index on {"location_id":1} found. This is often due to declaring an index using both "index: true" and "schema.index()". Please remove the duplicate index definition.
2026-04-15 15:16:33 [ERROR]: (node:19300) [MONGOOSE] Warning: Duplicate schema index on {"slug":1} found. This is often due to declaring an index using both "index: true" and "schema.index()". Please remove the duplicate index definition.
2026-04-15 15:16:33 [ERROR]: (node:19300) [MONGOOSE] Warning: Duplicate schema index on {"location_id":1} found. This is often due to declaring an index using both "index: true" and "schema.index()". Please remove the duplicate index definition.
2026-04-15 15:16:33 [ERROR]: (node:19300) [MONGOOSE] Warning: Duplicate schema index on {"categoryName":1} found. This is often due to declaring an index using both "index: true" and "schema.index()". Please remove the duplicate index definition.
2026-04-15 15:16:37 [ERROR]: Error in trackRefer: {}
2026-04-15 15:16:48 [ERROR]: (node:6468) [MONGOOSE] Warning: Duplicate schema index on {"agentId":1} found. This is often due to declaring an index using both "index: true" and "schema.index()". Please remove the duplicate index definition.
(Use `node --trace-warnings ...` to show where the warning was created)
2026-04-15 15:16:48 [ERROR]: (node:6468) [MONGOOSE] Warning: Duplicate schema index on {"id":1} found. This is often due to declaring an index using both "index: true" and "schema.index()". Please remove the duplicate index definition.
2026-04-15 15:16:48 [ERROR]: (node:6468) [MONGOOSE] Warning: Duplicate schema index on {"location_id":1} found. This is often due to declaring an index using both "index: true" and "schema.index()". Please remove the duplicate index definition.
2026-04-15 15:16:48 [ERROR]: (node:6468) [MONGOOSE] Warning: Duplicate schema index on {"slug":1} found. This is often due to declaring an index using both "index: true" and "schema.index()". Please remove the duplicate index definition.
2026-04-15 15:16:48 [ERROR]: (node:6468) [MONGOOSE] Warning: Duplicate schema index on {"location_id":1} found. This is often due to declaring an index using both "index: true" and "schema.index()". Please remove the duplicate index definition.
2026-04-15 15:16:48 [ERROR]: (node:6468) [MONGOOSE] Warning: Duplicate schema index on {"categoryName":1} found. This is often due to declaring an index using both "index: true" and "schema.index()". Please remove the duplicate index definition.
2026-04-15 15:16:48 [ERROR]: (node:16644) [MONGOOSE] Warning: Duplicate schema index on {"agentId":1} found. This is often due to declaring an index using both "index: true" and "schema.index()". Please remove the duplicate index definition.
(Use `node --trace-warnings ...` to show where the warning was created)
2026-04-15 15:16:48 [ERROR]: (node:16644) [MONGOOSE] Warning: Duplicate schema index on {"id":1} found. This is often due to declaring an index using both "index: true" and "schema.index()". Please remove the duplicate index definition.
2026-04-15 15:16:48 [ERROR]: (node:16644) [MONGOOSE] Warning: Duplicate schema index on {"location_id":1} found. This is often due to declaring an index using both "index: true" and "schema.index()". Please remove the duplicate index definition.
2026-04-15 15:16:48 [ERROR]: (node:16644) [MONGOOSE] Warning: Duplicate schema index on {"slug":1} found. This is often due to declaring an index using both "index: true" and "schema.index()". Please remove the duplicate index definition.
2026-04-15 15:16:48 [ERROR]: (node:16644) [MONGOOSE] Warning: Duplicate schema index on {"location_id":1} found. This is often due to declaring an index using both "index: true" and "schema.index()". Please remove the duplicate index definition.
2026-04-15 15:16:48 [ERROR]: (node:16644) [MONGOOSE] Warning: Duplicate schema index on {"categoryName":1} found. This is often due to declaring an index using both "index: true" and "schema.index()". Please remove the duplicate index definition.
2026-04-15 15:16:52 [ERROR]: (node:4360) [MONGOOSE] Warning: Duplicate schema index on {"agentId":1} found. This is often due to declaring an index using both "index: true" and "schema.index()". Please remove the duplicate index definition.
(Use `node --trace-warnings ...` to show where the warning was created)
2026-04-15 15:16:52 [ERROR]: (node:4360) [MONGOOSE] Warning: Duplicate schema index on {"id":1} found. This is often due to declaring an index using both "index: true" and "schema.index()". Please remove the duplicate index definition.
2026-04-15 15:16:52 [ERROR]: (node:4360) [MONGOOSE] Warning: Duplicate schema index on {"location_id":1} found. This is often due to declaring an index using both "index: true" and "schema.index()". Please remove the duplicate index definition.
2026-04-15 15:16:52 [ERROR]: (node:4360) [MONGOOSE] Warning: Duplicate schema index on {"slug":1} found. This is often due to declaring an index using both "index: true" and "schema.index()". Please remove the duplicate index definition.
2026-04-15 15:16:52 [ERROR]: (node:4360) [MONGOOSE] Warning: Duplicate schema index on {"location_id":1} found. This is often due to declaring an index using both "index: true" and "schema.index()". Please remove the duplicate index definition.
2026-04-15 15:16:52 [ERROR]: (node:4360) [MONGOOSE] Warning: Duplicate schema index on {"categoryName":1} found. This is often due to declaring an index using both "index: true" and "schema.index()". Please remove the duplicate index definition.
2026-04-15 15:16:52 [ERROR]: (node:13980) [MONGOOSE] Warning: Duplicate schema index on {"agentId":1} found. This is often due to declaring an index using both "index: true" and "schema.index()". Please remove the duplicate index definition.
(Use `node --trace-warnings ...` to show where the warning was created)
2026-04-15 15:16:52 [ERROR]: (node:13980) [MONGOOSE] Warning: Duplicate schema index on {"id":1} found. This is often due to declaring an index using both "index: true" and "schema.index()". Please remove the duplicate index definition.
2026-04-15 15:16:52 [ERROR]: (node:13980) [MONGOOSE] Warning: Duplicate schema index on {"location_id":1} found. This is often due to declaring an index using both "index: true" and "schema.index()". Please remove the duplicate index definition.
2026-04-15 15:16:52 [ERROR]: (node:13980) [MONGOOSE] Warning: Duplicate schema index on {"slug":1} found. This is often due to declaring an index using both "index: true" and "schema.index()". Please remove the duplicate index definition.
2026-04-15 15:16:52 [ERROR]: (node:13980) [MONGOOSE] Warning: Duplicate schema index on {"location_id":1} found. This is often due to declaring an index using both "index: true" and "schema.index()". Please remove the duplicate index definition.
2026-04-15 15:16:52 [ERROR]: (node:13980) [MONGOOSE] Warning: Duplicate schema index on {"categoryName":1} found. This is often due to declaring an index using both "index: true" and "schema.index()". Please remove the duplicate index definition.
2026-04-15 15:16:55 [ERROR]: (node:16252) [MONGOOSE] Warning: Duplicate schema index on {"agentId":1} found. This is often due to declaring an index using both "index: true" and "schema.index()". Please remove the duplicate index definition.
(Use `node --trace-warnings ...` to show where the warning was created)
2026-04-15 15:16:55 [ERROR]: (node:16252) [MONGOOSE] Warning: Duplicate schema index on {"id":1} found. This is often due to declaring an index using both "index: true" and "schema.index()". Please remove the duplicate index definition.
2026-04-15 15:16:55 [ERROR]: (node:16252) [MONGOOSE] Warning: Duplicate schema index on {"location_id":1} found. This is often due to declaring an index using both "index: true" and "schema.index()". Please remove the duplicate index definition.
2026-04-15 15:16:55 [ERROR]: (node:16252) [MONGOOSE] Warning: Duplicate schema index on {"slug":1} found. This is often due to declaring an index using both "index: true" and "schema.index()". Please remove the duplicate index definition.
2026-04-15 15:16:55 [ERROR]: (node:16252) [MONGOOSE] Warning: Duplicate schema index on {"location_id":1} found. This is often due to declaring an index using both "index: true" and "schema.index()". Please remove the duplicate index definition.
2026-04-15 15:16:55 [ERROR]: (node:16252) [MONGOOSE] Warning: Duplicate schema index on {"categoryName":1} found. This is often due to declaring an index using both "index: true" and "schema.index()". Please remove the duplicate index definition.
2026-04-15 15:16:55 [ERROR]: (node:17172) [MONGOOSE] Warning: Duplicate schema index on {"agentId":1} found. This is often due to declaring an index using both "index: true" and "schema.index()". Please remove the duplicate index definition.
(Use `node --trace-warnings ...` to show where the warning was created)
2026-04-15 15:16:55 [ERROR]: (node:17172) [MONGOOSE] Warning: Duplicate schema index on {"id":1} found. This is often due to declaring an index using both "index: true" and "schema.index()". Please remove the duplicate index definition.
2026-04-15 15:16:55 [ERROR]: (node:17172) [MONGOOSE] Warning: Duplicate schema index on {"location_id":1} found. This is often due to declaring an index using both "index: true" and "schema.index()". Please remove the duplicate index definition.
2026-04-15 15:16:55 [ERROR]: (node:17172) [MONGOOSE] Warning: Duplicate schema index on {"slug":1} found. This is often due to declaring an index using both "index: true" and "schema.index()". Please remove the duplicate index definition.
2026-04-15 15:16:55 [ERROR]: (node:17172) [MONGOOSE] Warning: Duplicate schema index on {"location_id":1} found. This is often due to declaring an index using both "index: true" and "schema.index()". Please remove the duplicate index definition.
2026-04-15 15:16:55 [ERROR]: (node:17172) [MONGOOSE] Warning: Duplicate schema index on {"categoryName":1} found. This is often due to declaring an index using both "index: true" and "schema.index()". Please remove the duplicate index definition.
2026-04-15 15:22:28 [ERROR]: (node:9320) [MONGOOSE] Warning: Duplicate schema index on {"agentId":1} found. This is often due to declaring an index using both "index: true" and "schema.index()". Please remove the duplicate index definition.
(Use `node --trace-warnings ...` to show where the warning was created)
2026-04-15 15:22:28 [ERROR]: (node:9320) [MONGOOSE] Warning: Duplicate schema index on {"id":1} found. This is often due to declaring an index using both "index: true" and "schema.index()". Please remove the duplicate index definition.
2026-04-15 15:22:28 [ERROR]: (node:9320) [MONGOOSE] Warning: Duplicate schema index on {"location_id":1} found. This is often due to declaring an index using both "index: true" and "schema.index()". Please remove the duplicate index definition.
2026-04-15 15:22:28 [ERROR]: (node:9320) [MONGOOSE] Warning: Duplicate schema index on {"slug":1} found. This is often due to declaring an index using both "index: true" and "schema.index()". Please remove the duplicate index definition.
2026-04-15 15:22:28 [ERROR]: (node:9320) [MONGOOSE] Warning: Duplicate schema index on {"location_id":1} found. This is often due to declaring an index using both "index: true" and "schema.index()". Please remove the duplicate index definition.
2026-04-15 15:22:28 [ERROR]: (node:9320) [MONGOOSE] Warning: Duplicate schema index on {"categoryName":1} found. This is often due to declaring an index using both "index: true" and "schema.index()". Please remove the duplicate index definition.
2026-04-15 15:22:28 [ERROR]: (node:19500) [MONGOOSE] Warning: Duplicate schema index on {"agentId":1} found. This is often due to declaring an index using both "index: true" and "schema.index()". Please remove the duplicate index definition.
(Use `node --trace-warnings ...` to show where the warning was created)
2026-04-15 15:22:28 [ERROR]: (node:19500) [MONGOOSE] Warning: Duplicate schema index on {"id":1} found. This is often due to declaring an index using both "index: true" and "schema.index()". Please remove the duplicate index definition.
2026-04-15 15:22:28 [ERROR]: (node:19500) [MONGOOSE] Warning: Duplicate schema index on {"location_id":1} found. This is often due to declaring an index using both "index: true" and "schema.index()". Please remove the duplicate index definition.
2026-04-15 15:22:28 [ERROR]: (node:19500) [MONGOOSE] Warning: Duplicate schema index on {"slug":1} found. This is often due to declaring an index using both "index: true" and "schema.index()". Please remove the duplicate index definition.
2026-04-15 15:22:28 [ERROR]: (node:19500) [MONGOOSE] Warning: Duplicate schema index on {"location_id":1} found. This is often due to declaring an index using both "index: true" and "schema.index()". Please remove the duplicate index definition.
2026-04-15 15:22:28 [ERROR]: (node:19500) [MONGOOSE] Warning: Duplicate schema index on {"categoryName":1} found. This is often due to declaring an index using both "index: true" and "schema.index()". Please remove the duplicate index definition.
2026-04-15 15:22:34 [ERROR]: (node:3908) [MONGOOSE] Warning: Duplicate schema index on {"agentId":1} found. This is often due to declaring an index using both "index: true" and "schema.index()". Please remove the duplicate index definition.
(Use `node --trace-warnings ...` to show where the warning was created)
2026-04-15 15:22:34 [ERROR]: (node:3908) [MONGOOSE] Warning: Duplicate schema index on {"id":1} found. This is often due to declaring an index using both "index: true" and "schema.index()". Please remove the duplicate index definition.
2026-04-15 15:22:34 [ERROR]: (node:3908) [MONGOOSE] Warning: Duplicate schema index on {"location_id":1} found. This is often due to declaring an index using both "index: true" and "schema.index()". Please remove the duplicate index definition.
2026-04-15 15:22:34 [ERROR]: (node:3908) [MONGOOSE] Warning: Duplicate schema index on {"slug":1} found. This is often due to declaring an index using both "index: true" and "schema.index()". Please remove the duplicate index definition.
2026-04-15 15:22:34 [ERROR]: (node:3908) [MONGOOSE] Warning: Duplicate schema index on {"location_id":1} found. This is often due to declaring an index using both "index: true" and "schema.index()". Please remove the duplicate index definition.
2026-04-15 15:22:34 [ERROR]: (node:3908) [MONGOOSE] Warning: Duplicate schema index on {"categoryName":1} found. This is often due to declaring an index using both "index: true" and "schema.index()". Please remove the duplicate index definition.
2026-04-15 15:22:34 [ERROR]: (node:7748) [MONGOOSE] Warning: Duplicate schema index on {"agentId":1} found. This is often due to declaring an index using both "index: true" and "schema.index()". Please remove the duplicate index definition.
(Use `node --trace-warnings ...` to show where the warning was created)
2026-04-15 15:22:34 [ERROR]: (node:7748) [MONGOOSE] Warning: Duplicate schema index on {"id":1} found. This is often due to declaring an index using both "index: true" and "schema.index()". Please remove the duplicate index definition.
2026-04-15 15:22:34 [ERROR]: (node:7748) [MONGOOSE] Warning: Duplicate schema index on {"location_id":1} found. This is often due to declaring an index using both "index: true" and "schema.index()". Please remove the duplicate index definition.
2026-04-15 15:22:34 [ERROR]: (node:7748) [MONGOOSE] Warning: Duplicate schema index on {"slug":1} found. This is often due to declaring an index using both "index: true" and "schema.index()". Please remove the duplicate index definition.
2026-04-15 15:22:34 [ERROR]: (node:7748) [MONGOOSE] Warning: Duplicate schema index on {"location_id":1} found. This is often due to declaring an index using both "index: true" and "schema.index()". Please remove the duplicate index definition.
2026-04-15 15:22:34 [ERROR]: (node:7748) [MONGOOSE] Warning: Duplicate schema index on {"categoryName":1} found. This is often due to declaring an index using both "index: true" and "schema.index()". Please remove the duplicate index definition.
2026-04-15 15:22:49 [ERROR]: (node:4304) [MONGOOSE] Warning: Duplicate schema index on {"agentId":1} found. This is often due to declaring an index using both "index: true" and "schema.index()". Please remove the duplicate index definition.
(Use `node --trace-warnings ...` to show where the warning was created)
2026-04-15 15:22:49 [ERROR]: (node:4304) [MONGOOSE] Warning: Duplicate schema index on {"id":1} found. This is often due to declaring an index using both "index: true" and "schema.index()". Please remove the duplicate index definition.
2026-04-15 15:22:49 [ERROR]: (node:4304) [MONGOOSE] Warning: Duplicate schema index on {"location_id":1} found. This is often due to declaring an index using both "index: true" and "schema.index()". Please remove the duplicate index definition.
2026-04-15 15:22:49 [ERROR]: (node:4304) [MONGOOSE] Warning: Duplicate schema index on {"slug":1} found. This is often due to declaring an index using both "index: true" and "schema.index()". Please remove the duplicate index definition.
2026-04-15 15:22:49 [ERROR]: (node:4304) [MONGOOSE] Warning: Duplicate schema index on {"location_id":1} found. This is often due to declaring an index using both "index: true" and "schema.index()". Please remove the duplicate index definition.
2026-04-15 15:22:49 [ERROR]: (node:4304) [MONGOOSE] Warning: Duplicate schema index on {"categoryName":1} found. This is often due to declaring an index using both "index: true" and "schema.index()". Please remove the duplicate index definition.
2026-04-15 15:22:49 [ERROR]: (node:19608) [MONGOOSE] Warning: Duplicate schema index on {"agentId":1} found. This is often due to declaring an index using both "index: true" and "schema.index()". Please remove the duplicate index definition.
(Use `node --trace-warnings ...` to show where the warning was created)
2026-04-15 15:22:49 [ERROR]: (node:19608) [MONGOOSE] Warning: Duplicate schema index on {"id":1} found. This is often due to declaring an index using both "index: true" and "schema.index()". Please remove the duplicate index definition.
2026-04-15 15:22:49 [ERROR]: (node:19608) [MONGOOSE] Warning: Duplicate schema index on {"location_id":1} found. This is often due to declaring an index using both "index: true" and "schema.index()". Please remove the duplicate index definition.
2026-04-15 15:22:49 [ERROR]: (node:19608) [MONGOOSE] Warning: Duplicate schema index on {"slug":1} found. This is often due to declaring an index using both "index: true" and "schema.index()". Please remove the duplicate index definition.
2026-04-15 15:22:49 [ERROR]: (node:19608) [MONGOOSE] Warning: Duplicate schema index on {"location_id":1} found. This is often due to declaring an index using both "index: true" and "schema.index()". Please remove the duplicate index definition.
2026-04-15 15:22:49 [ERROR]: (node:19608) [MONGOOSE] Warning: Duplicate schema index on {"categoryName":1} found. This is often due to declaring an index using both "index: true" and "schema.index()". Please remove the duplicate index definition.
2026-04-15 15:23:09 [ERROR]: (node:9756) [MONGOOSE] Warning: Duplicate schema index on {"agentId":1} found. This is often due to declaring an index using both "index: true" and "schema.index()". Please remove the duplicate index definition.
(Use `node --trace-warnings ...` to show where the warning was created)
2026-04-15 15:23:09 [ERROR]: (node:9756) [MONGOOSE] Warning: Duplicate schema index on {"id":1} found. This is often due to declaring an index using both "index: true" and "schema.index()". Please remove the duplicate index definition.
2026-04-15 15:23:09 [ERROR]: (node:9756) [MONGOOSE] Warning: Duplicate schema index on {"location_id":1} found. This is often due to declaring an index using both "index: true" and "schema.index()". Please remove the duplicate index definition.
2026-04-15 15:23:09 [ERROR]: (node:9756) [MONGOOSE] Warning: Duplicate schema index on {"slug":1} found. This is often due to declaring an index using both "index: true" and "schema.index()". Please remove the duplicate index definition.
2026-04-15 15:23:09 [ERROR]: (node:9756) [MONGOOSE] Warning: Duplicate schema index on {"location_id":1} found. This is often due to declaring an index using both "index: true" and "schema.index()". Please remove the duplicate index definition.
2026-04-15 15:23:09 [ERROR]: (node:9756) [MONGOOSE] Warning: Duplicate schema index on {"categoryName":1} found. This is often due to declaring an index using both "index: true" and "schema.index()". Please remove the duplicate index definition.
2026-04-15 15:28:48 [ERROR]: (node:5156) [MONGOOSE] Warning: Duplicate schema index on {"agentId":1} found. This is often due to declaring an index using both "index: true" and "schema.index()". Please remove the duplicate index definition.
(Use `node --trace-warnings ...` to show where the warning was created)
2026-04-15 15:28:48 [ERROR]: (node:5156) [MONGOOSE] Warning: Duplicate schema index on {"id":1} found. This is often due to declaring an index using both "index: true" and "schema.index()". Please remove the duplicate index definition.
2026-04-15 15:28:48 [ERROR]: (node:5156) [MONGOOSE] Warning: Duplicate schema index on {"location_id":1} found. This is often due to declaring an index using both "index: true" and "schema.index()". Please remove the duplicate index definition.
2026-04-15 15:28:48 [ERROR]: (node:5156) [MONGOOSE] Warning: Duplicate schema index on {"slug":1} found. This is often due to declaring an index using both "index: true" and "schema.index()". Please remove the duplicate index definition.
2026-04-15 15:28:48 [ERROR]: (node:5156) [MONGOOSE] Warning: Duplicate schema index on {"location_id":1} found. This is often due to declaring an index using both "index: true" and "schema.index()". Please remove the duplicate index definition.
2026-04-15 15:28:48 [ERROR]: (node:5156) [MONGOOSE] Warning: Duplicate schema index on {"categoryName":1} found. This is often due to declaring an index using both "index: true" and "schema.index()". Please remove the duplicate index definition.
2026-04-15 15:28:48 [ERROR]: (node:16776) [MONGOOSE] Warning: Duplicate schema index on {"agentId":1} found. This is often due to declaring an index using both "index: true" and "schema.index()". Please remove the duplicate index definition.
(Use `node --trace-warnings ...` to show where the warning was created)
2026-04-15 15:28:48 [ERROR]: (node:16776) [MONGOOSE] Warning: Duplicate schema index on {"id":1} found. This is often due to declaring an index using both "index: true" and "schema.index()". Please remove the duplicate index definition.
2026-04-15 15:28:48 [ERROR]: (node:16776) [MONGOOSE] Warning: Duplicate schema index on {"location_id":1} found. This is often due to declaring an index using both "index: true" and "schema.index()". Please remove the duplicate index definition.
2026-04-15 15:28:48 [ERROR]: (node:16776) [MONGOOSE] Warning: Duplicate schema index on {"slug":1} found. This is often due to declaring an index using both "index: true" and "schema.index()". Please remove the duplicate index definition.
2026-04-15 15:28:48 [ERROR]: (node:16776) [MONGOOSE] Warning: Duplicate schema index on {"location_id":1} found. This is often due to declaring an index using both "index: true" and "schema.index()". Please remove the duplicate index definition.
2026-04-15 15:28:48 [ERROR]: (node:16776) [MONGOOSE] Warning: Duplicate schema index on {"categoryName":1} found. This is often due to declaring an index using both "index: true" and "schema.index()". Please remove the duplicate index definition.
2026-04-15 15:29:10 [ERROR]: (node:12980) [MONGOOSE] Warning: Duplicate schema index on {"agentId":1} found. This is often due to declaring an index using both "index: true" and "schema.index()". Please remove the duplicate index definition.
(Use `node --trace-warnings ...` to show where the warning was created)
2026-04-15 15:29:10 [ERROR]: (node:12980) [MONGOOSE] Warning: Duplicate schema index on {"id":1} found. This is often due to declaring an index using both "index: true" and "schema.index()". Please remove the duplicate index definition.
2026-04-15 15:29:10 [ERROR]: (node:12980) [MONGOOSE] Warning: Duplicate schema index on {"location_id":1} found. This is often due to declaring an index using both "index: true" and "schema.index()". Please remove the duplicate index definition.
2026-04-15 15:29:10 [ERROR]: (node:12980) [MONGOOSE] Warning: Duplicate schema index on {"slug":1} found. This is often due to declaring an index using both "index: true" and "schema.index()". Please remove the duplicate index definition.
2026-04-15 15:29:10 [ERROR]: (node:12980) [MONGOOSE] Warning: Duplicate schema index on {"location_id":1} found. This is often due to declaring an index using both "index: true" and "schema.index()". Please remove the duplicate index definition.
2026-04-15 15:29:10 [ERROR]: (node:12980) [MONGOOSE] Warning: Duplicate schema index on {"categoryName":1} found. This is often due to declaring an index using both "index: true" and "schema.index()". Please remove the duplicate index definition.
2026-04-15 15:29:10 [ERROR]: (node:7540) [MONGOOSE] Warning: Duplicate schema index on {"agentId":1} found. This is often due to declaring an index using both "index: true" and "schema.index()". Please remove the duplicate index definition.
(Use `node --trace-warnings ...` to show where the warning was created)
2026-04-15 15:29:10 [ERROR]: (node:7540) [MONGOOSE] Warning: Duplicate schema index on {"id":1} found. This is often due to declaring an index using both "index: true" and "schema.index()". Please remove the duplicate index definition.
2026-04-15 15:29:10 [ERROR]: (node:7540) [MONGOOSE] Warning: Duplicate schema index on {"location_id":1} found. This is often due to declaring an index using both "index: true" and "schema.index()". Please remove the duplicate index definition.
2026-04-15 15:29:10 [ERROR]: (node:7540) [MONGOOSE] Warning: Duplicate schema index on {"slug":1} found. This is often due to declaring an index using both "index: true" and "schema.index()". Please remove the duplicate index definition.
2026-04-15 15:29:10 [ERROR]: (node:7540) [MONGOOSE] Warning: Duplicate schema index on {"location_id":1} found. This is often due to declaring an index using both "index: true" and "schema.index()". Please remove the duplicate index definition.
2026-04-15 15:29:10 [ERROR]: (node:7540) [MONGOOSE] Warning: Duplicate schema index on {"categoryName":1} found. This is often due to declaring an index using both "index: true" and "schema.index()". Please remove the duplicate index definition.
2026-04-15 15:31:28 [ERROR]: (node:18968) [MONGOOSE] Warning: Duplicate schema index on {"agentId":1} found. This is often due to declaring an index using both "index: true" and "schema.index()". Please remove the duplicate index definition.
(Use `node --trace-warnings ...` to show where the warning was created)
2026-04-15 15:31:28 [ERROR]: (node:18968) [MONGOOSE] Warning: Duplicate schema index on {"id":1} found. This is often due to declaring an index using both "index: true" and "schema.index()". Please remove the duplicate index definition.
2026-04-15 15:31:28 [ERROR]: (node:18968) [MONGOOSE] Warning: Duplicate schema index on {"location_id":1} found. This is often due to declaring an index using both "index: true" and "schema.index()". Please remove the duplicate index definition.
2026-04-15 15:31:28 [ERROR]: (node:18968) [MONGOOSE] Warning: Duplicate schema index on {"slug":1} found. This is often due to declaring an index using both "index: true" and "schema.index()". Please remove the duplicate index definition.
2026-04-15 15:31:28 [ERROR]: (node:18968) [MONGOOSE] Warning: Duplicate schema index on {"location_id":1} found. This is often due to declaring an index using both "index: true" and "schema.index()". Please remove the duplicate index definition.
2026-04-15 15:31:28 [ERROR]: (node:18968) [MONGOOSE] Warning: Duplicate schema index on {"categoryName":1} found. This is often due to declaring an index using both "index: true" and "schema.index()". Please remove the duplicate index definition.
2026-04-15 15:31:28 [ERROR]: (node:16036) [MONGOOSE] Warning: Duplicate schema index on {"agentId":1} found. This is often due to declaring an index using both "index: true" and "schema.index()". Please remove the duplicate index definition.
(Use `node --trace-warnings ...` to show where the warning was created)
2026-04-15 15:31:28 [ERROR]: (node:16036) [MONGOOSE] Warning: Duplicate schema index on {"id":1} found. This is often due to declaring an index using both "index: true" and "schema.index()". Please remove the duplicate index definition.
2026-04-15 15:31:28 [ERROR]: (node:16036) [MONGOOSE] Warning: Duplicate schema index on {"location_id":1} found. This is often due to declaring an index using both "index: true" and "schema.index()". Please remove the duplicate index definition.
2026-04-15 15:31:28 [ERROR]: (node:16036) [MONGOOSE] Warning: Duplicate schema index on {"slug":1} found. This is often due to declaring an index using both "index: true" and "schema.index()". Please remove the duplicate index definition.
2026-04-15 15:31:28 [ERROR]: (node:16036) [MONGOOSE] Warning: Duplicate schema index on {"location_id":1} found. This is often due to declaring an index using both "index: true" and "schema.index()". Please remove the duplicate index definition.
2026-04-15 15:31:28 [ERROR]: (node:16036) [MONGOOSE] Warning: Duplicate schema index on {"categoryName":1} found. This is often due to declaring an index using both "index: true" and "schema.index()". Please remove the duplicate index definition.
2026-04-15 15:32:29 [ERROR]: (node:2636) [MONGOOSE] Warning: Duplicate schema index on {"agentId":1} found. This is often due to declaring an index using both "index: true" and "schema.index()". Please remove the duplicate index definition.
(Use `node --trace-warnings ...` to show where the warning was created)
2026-04-15 15:32:29 [ERROR]: (node:2636) [MONGOOSE] Warning: Duplicate schema index on {"id":1} found. This is often due to declaring an index using both "index: true" and "schema.index()". Please remove the duplicate index definition.
2026-04-15 15:32:29 [ERROR]: (node:2636) [MONGOOSE] Warning: Duplicate schema index on {"location_id":1} found. This is often due to declaring an index using both "index: true" and "schema.index()". Please remove the duplicate index definition.
2026-04-15 15:32:29 [ERROR]: (node:2636) [MONGOOSE] Warning: Duplicate schema index on {"slug":1} found. This is often due to declaring an index using both "index: true" and "schema.index()". Please remove the duplicate index definition.
2026-04-15 15:32:29 [ERROR]: (node:2636) [MONGOOSE] Warning: Duplicate schema index on {"location_id":1} found. This is often due to declaring an index using both "index: true" and "schema.index()". Please remove the duplicate index definition.
2026-04-15 15:32:29 [ERROR]: (node:2636) [MONGOOSE] Warning: Duplicate schema index on {"categoryName":1} found. This is often due to declaring an index using both "index: true" and "schema.index()". Please remove the duplicate index definition.
2026-04-15 15:32:29 [ERROR]: (node:8992) [MONGOOSE] Warning: Duplicate schema index on {"agentId":1} found. This is often due to declaring an index using both "index: true" and "schema.index()". Please remove the duplicate index definition.
(Use `node --trace-warnings ...` to show where the warning was created)
2026-04-15 15:32:29 [ERROR]: (node:8992) [MONGOOSE] Warning: Duplicate schema index on {"id":1} found. This is often due to declaring an index using both "index: true" and "schema.index()". Please remove the duplicate index definition.
2026-04-15 15:32:29 [ERROR]: (node:8992) [MONGOOSE] Warning: Duplicate schema index on {"location_id":1} found. This is often due to declaring an index using both "index: true" and "schema.index()". Please remove the duplicate index definition.
2026-04-15 15:32:29 [ERROR]: (node:8992) [MONGOOSE] Warning: Duplicate schema index on {"slug":1} found. This is often due to declaring an index using both "index: true" and "schema.index()". Please remove the duplicate index definition.
2026-04-15 15:32:29 [ERROR]: (node:8992) [MONGOOSE] Warning: Duplicate schema index on {"location_id":1} found. This is often due to declaring an index using both "index: true" and "schema.index()". Please remove the duplicate index definition.
2026-04-15 15:32:29 [ERROR]: (node:8992) [MONGOOSE] Warning: Duplicate schema index on {"categoryName":1} found. This is often due to declaring an index using both "index: true" and "schema.index()". Please remove the duplicate index definition.
2026-04-15 15:33:18 [ERROR]: (node:18028) [MONGOOSE] Warning: Duplicate schema index on {"agentId":1} found. This is often due to declaring an index using both "index: true" and "schema.index()". Please remove the duplicate index definition.
(Use `node --trace-warnings ...` to show where the warning was created)
2026-04-15 15:33:18 [ERROR]: (node:18028) [MONGOOSE] Warning: Duplicate schema index on {"id":1} found. This is often due to declaring an index using both "index: true" and "schema.index()". Please remove the duplicate index definition.
2026-04-15 15:33:18 [ERROR]: (node:18028) [MONGOOSE] Warning: Duplicate schema index on {"location_id":1} found. This is often due to declaring an index using both "index: true" and "schema.index()". Please remove the duplicate index definition.
2026-04-15 15:33:18 [ERROR]: (node:18028) [MONGOOSE] Warning: Duplicate schema index on {"slug":1} found. This is often due to declaring an index using both "index: true" and "schema.index()". Please remove the duplicate index definition.
2026-04-15 15:33:18 [ERROR]: (node:18028) [MONGOOSE] Warning: Duplicate schema index on {"location_id":1} found. This is often due to declaring an index using both "index: true" and "schema.index()". Please remove the duplicate index definition.
2026-04-15 15:33:18 [ERROR]: (node:18028) [MONGOOSE] Warning: Duplicate schema index on {"categoryName":1} found. This is often due to declaring an index using both "index: true" and "schema.index()". Please remove the duplicate index definition.
2026-04-15 15:33:18 [ERROR]: (node:16796) [MONGOOSE] Warning: Duplicate schema index on {"agentId":1} found. This is often due to declaring an index using both "index: true" and "schema.index()". Please remove the duplicate index definition.
(Use `node --trace-warnings ...` to show where the warning was created)
2026-04-15 15:33:18 [ERROR]: (node:16796) [MONGOOSE] Warning: Duplicate schema index on {"id":1} found. This is often due to declaring an index using both "index: true" and "schema.index()". Please remove the duplicate index definition.
2026-04-15 15:33:18 [ERROR]: (node:16796) [MONGOOSE] Warning: Duplicate schema index on {"location_id":1} found. This is often due to declaring an index using both "index: true" and "schema.index()". Please remove the duplicate index definition.
2026-04-15 15:33:18 [ERROR]: (node:16796) [MONGOOSE] Warning: Duplicate schema index on {"slug":1} found. This is often due to declaring an index using both "index: true" and "schema.index()". Please remove the duplicate index definition.
2026-04-15 15:33:18 [ERROR]: (node:16796) [MONGOOSE] Warning: Duplicate schema index on {"location_id":1} found. This is often due to declaring an index using both "index: true" and "schema.index()". Please remove the duplicate index definition.
2026-04-15 15:33:18 [ERROR]: (node:16796) [MONGOOSE] Warning: Duplicate schema index on {"categoryName":1} found. This is often due to declaring an index using both "index: true" and "schema.index()". Please remove the duplicate index definition.
2026-04-15 15:33:21 [ERROR]: (node:20212) [MONGOOSE] Warning: Duplicate schema index on {"agentId":1} found. This is often due to declaring an index using both "index: true" and "schema.index()". Please remove the duplicate index definition.
(Use `node --trace-warnings ...` to show where the warning was created)
2026-04-15 15:33:21 [ERROR]: (node:20212) [MONGOOSE] Warning: Duplicate schema index on {"id":1} found. This is often due to declaring an index using both "index: true" and "schema.index()". Please remove the duplicate index definition.
2026-04-15 15:33:21 [ERROR]: (node:20212) [MONGOOSE] Warning: Duplicate schema index on {"location_id":1} found. This is often due to declaring an index using both "index: true" and "schema.index()". Please remove the duplicate index definition.
2026-04-15 15:33:21 [ERROR]: (node:20212) [MONGOOSE] Warning: Duplicate schema index on {"slug":1} found. This is often due to declaring an index using both "index: true" and "schema.index()". Please remove the duplicate index definition.
2026-04-15 15:33:21 [ERROR]: (node:20212) [MONGOOSE] Warning: Duplicate schema index on {"location_id":1} found. This is often due to declaring an index using both "index: true" and "schema.index()". Please remove the duplicate index definition.
2026-04-15 15:33:21 [ERROR]: (node:20212) [MONGOOSE] Warning: Duplicate schema index on {"categoryName":1} found. This is often due to declaring an index using both "index: true" and "schema.index()". Please remove the duplicate index definition.
2026-04-15 15:33:21 [ERROR]: (node:12164) [MONGOOSE] Warning: Duplicate schema index on {"agentId":1} found. This is often due to declaring an index using both "index: true" and "schema.index()". Please remove the duplicate index definition.
(Use `node --trace-warnings ...` to show where the warning was created)
2026-04-15 15:33:21 [ERROR]: (node:12164) [MONGOOSE] Warning: Duplicate schema index on {"id":1} found. This is often due to declaring an index using both "index: true" and "schema.index()". Please remove the duplicate index definition.
2026-04-15 15:33:21 [ERROR]: (node:12164) [MONGOOSE] Warning: Duplicate schema index on {"location_id":1} found. This is often due to declaring an index using both "index: true" and "schema.index()". Please remove the duplicate index definition.
2026-04-15 15:33:21 [ERROR]: (node:12164) [MONGOOSE] Warning: Duplicate schema index on {"slug":1} found. This is often due to declaring an index using both "index: true" and "schema.index()". Please remove the duplicate index definition.
2026-04-15 15:33:21 [ERROR]: (node:12164) [MONGOOSE] Warning: Duplicate schema index on {"location_id":1} found. This is often due to declaring an index using both "index: true" and "schema.index()". Please remove the duplicate index definition.
2026-04-15 15:33:21 [ERROR]: (node:12164) [MONGOOSE] Warning: Duplicate schema index on {"categoryName":1} found. This is often due to declaring an index using both "index: true" and "schema.index()". Please remove the duplicate index definition.
2026-04-15 15:34:06 [ERROR]: (node:11940) [MONGOOSE] Warning: Duplicate schema index on {"agentId":1} found. This is often due to declaring an index using both "index: true" and "schema.index()". Please remove the duplicate index definition.
(Use `node --trace-warnings ...` to show where the warning was created)
2026-04-15 15:34:06 [ERROR]: (node:19308) [MONGOOSE] Warning: Duplicate schema index on {"agentId":1} found. This is often due to declaring an index using both "index: true" and "schema.index()". Please remove the duplicate index definition.
(Use `node --trace-warnings ...` to show where the warning was created)
2026-04-15 15:34:06 [ERROR]: (node:11940) [MONGOOSE] Warning: Duplicate schema index on {"id":1} found. This is often due to declaring an index using both "index: true" and "schema.index()". Please remove the duplicate index definition.
2026-04-15 15:34:06 [ERROR]: (node:11940) [MONGOOSE] Warning: Duplicate schema index on {"location_id":1} found. This is often due to declaring an index using both "index: true" and "schema.index()". Please remove the duplicate index definition.
2026-04-15 15:34:06 [ERROR]: (node:11940) [MONGOOSE] Warning: Duplicate schema index on {"slug":1} found. This is often due to declaring an index using both "index: true" and "schema.index()". Please remove the duplicate index definition.
2026-04-15 15:34:06 [ERROR]: (node:11940) [MONGOOSE] Warning: Duplicate schema index on {"location_id":1} found. This is often due to declaring an index using both "index: true" and "schema.index()". Please remove the duplicate index definition.
2026-04-15 15:34:06 [ERROR]: (node:11940) [MONGOOSE] Warning: Duplicate schema index on {"categoryName":1} found. This is often due to declaring an index using both "index: true" and "schema.index()". Please remove the duplicate index definition.
2026-04-15 15:34:06 [ERROR]: (node:19308) [MONGOOSE] Warning: Duplicate schema index on {"id":1} found. This is often due to declaring an index using both "index: true" and "schema.index()". Please remove the duplicate index definition.
2026-04-15 15:34:06 [ERROR]: (node:19308) [MONGOOSE] Warning: Duplicate schema index on {"location_id":1} found. This is often due to declaring an index using both "index: true" and "schema.index()". Please remove the duplicate index definition.
2026-04-15 15:34:06 [ERROR]: (node:19308) [MONGOOSE] Warning: Duplicate schema index on {"slug":1} found. This is often due to declaring an index using both "index: true" and "schema.index()". Please remove the duplicate index definition.
2026-04-15 15:34:06 [ERROR]: (node:19308) [MONGOOSE] Warning: Duplicate schema index on {"location_id":1} found. This is often due to declaring an index using both "index: true" and "schema.index()". Please remove the duplicate index definition.
2026-04-15 15:34:06 [ERROR]: (node:19308) [MONGOOSE] Warning: Duplicate schema index on {"categoryName":1} found. This is often due to declaring an index using both "index: true" and "schema.index()". Please remove the duplicate index definition.
2026-04-15 15:34:46 [ERROR]: (node:14032) [MONGOOSE] Warning: Duplicate schema index on {"agentId":1} found. This is often due to declaring an index using both "index: true" and "schema.index()". Please remove the duplicate index definition.
(Use `node --trace-warnings ...` to show where the warning was created)
2026-04-15 15:34:46 [ERROR]: (node:14032) [MONGOOSE] Warning: Duplicate schema index on {"id":1} found. This is often due to declaring an index using both "index: true" and "schema.index()". Please remove the duplicate index definition.
2026-04-15 15:34:46 [ERROR]: (node:14032) [MONGOOSE] Warning: Duplicate schema index on {"location_id":1} found. This is often due to declaring an index using both "index: true" and "schema.index()". Please remove the duplicate index definition.
2026-04-15 15:34:46 [ERROR]: (node:14032) [MONGOOSE] Warning: Duplicate schema index on {"slug":1} found. This is often due to declaring an index using both "index: true" and "schema.index()". Please remove the duplicate index definition.
2026-04-15 15:34:46 [ERROR]: (node:14032) [MONGOOSE] Warning: Duplicate schema index on {"location_id":1} found. This is often due to declaring an index using both "index: true" and "schema.index()". Please remove the duplicate index definition.
2026-04-15 15:34:46 [ERROR]: (node:14032) [MONGOOSE] Warning: Duplicate schema index on {"categoryName":1} found. This is often due to declaring an index using both "index: true" and "schema.index()". Please remove the duplicate index definition.
2026-04-15 15:34:46 [ERROR]: (node:6736) [MONGOOSE] Warning: Duplicate schema index on {"agentId":1} found. This is often due to declaring an index using both "index: true" and "schema.index()". Please remove the duplicate index definition.
(Use `node --trace-warnings ...` to show where the warning was created)
2026-04-15 15:34:46 [ERROR]: (node:6736) [MONGOOSE] Warning: Duplicate schema index on {"id":1} found. This is often due to declaring an index using both "index: true" and "schema.index()". Please remove the duplicate index definition.
2026-04-15 15:34:46 [ERROR]: (node:6736) [MONGOOSE] Warning: Duplicate schema index on {"location_id":1} found. This is often due to declaring an index using both "index: true" and "schema.index()". Please remove the duplicate index definition.
2026-04-15 15:34:46 [ERROR]: (node:6736) [MONGOOSE] Warning: Duplicate schema index on {"slug":1} found. This is often due to declaring an index using both "index: true" and "schema.index()". Please remove the duplicate index definition.
2026-04-15 15:34:46 [ERROR]: (node:6736) [MONGOOSE] Warning: Duplicate schema index on {"location_id":1} found. This is often due to declaring an index using both "index: true" and "schema.index()". Please remove the duplicate index definition.
2026-04-15 15:34:46 [ERROR]: (node:6736) [MONGOOSE] Warning: Duplicate schema index on {"categoryName":1} found. This is often due to declaring an index using both "index: true" and "schema.index()". Please remove the duplicate index definition.
2026-04-15 15:34:55 [ERROR]: (node:13948) [MONGOOSE] Warning: Duplicate schema index on {"agentId":1} found. This is often due to declaring an index using both "index: true" and "schema.index()". Please remove the duplicate index definition.
(Use `node --trace-warnings ...` to show where the warning was created)
2026-04-15 15:34:55 [ERROR]: (node:13948) [MONGOOSE] Warning: Duplicate schema index on {"id":1} found. This is often due to declaring an index using both "index: true" and "schema.index()". Please remove the duplicate index definition.
2026-04-15 15:34:55 [ERROR]: (node:13948) [MONGOOSE] Warning: Duplicate schema index on {"location_id":1} found. This is often due to declaring an index using both "index: true" and "schema.index()". Please remove the duplicate index definition.
2026-04-15 15:34:55 [ERROR]: (node:13948) [MONGOOSE] Warning: Duplicate schema index on {"slug":1} found. This is often due to declaring an index using both "index: true" and "schema.index()". Please remove the duplicate index definition.
2026-04-15 15:34:55 [ERROR]: (node:13948) [MONGOOSE] Warning: Duplicate schema index on {"location_id":1} found. This is often due to declaring an index using both "index: true" and "schema.index()". Please remove the duplicate index definition.
2026-04-15 15:34:55 [ERROR]: (node:13948) [MONGOOSE] Warning: Duplicate schema index on {"categoryName":1} found. This is often due to declaring an index using both "index: true" and "schema.index()". Please remove the duplicate index definition.
2026-04-15 15:34:55 [ERROR]: (node:12796) [MONGOOSE] Warning: Duplicate schema index on {"agentId":1} found. This is often due to declaring an index using both "index: true" and "schema.index()". Please remove the duplicate index definition.
(Use `node --trace-warnings ...` to show where the warning was created)
2026-04-15 15:34:55 [ERROR]: (node:12796) [MONGOOSE] Warning: Duplicate schema index on {"id":1} found. This is often due to declaring an index using both "index: true" and "schema.index()". Please remove the duplicate index definition.
2026-04-15 15:34:55 [ERROR]: (node:12796) [MONGOOSE] Warning: Duplicate schema index on {"location_id":1} found. This is often due to declaring an index using both "index: true" and "schema.index()". Please remove the duplicate index definition.
2026-04-15 15:34:55 [ERROR]: (node:12796) [MONGOOSE] Warning: Duplicate schema index on {"slug":1} found. This is often due to declaring an index using both "index: true" and "schema.index()". Please remove the duplicate index definition.
2026-04-15 15:34:55 [ERROR]: (node:12796) [MONGOOSE] Warning: Duplicate schema index on {"location_id":1} found. This is often due to declaring an index using both "index: true" and "schema.index()". Please remove the duplicate index definition.
2026-04-15 15:34:55 [ERROR]: (node:12796) [MONGOOSE] Warning: Duplicate schema index on {"categoryName":1} found. This is often due to declaring an index using both "index: true" and "schema.index()". Please remove the duplicate index definition.
2026-04-15 15:34:58 [ERROR]: (node:20224) [MONGOOSE] Warning: Duplicate schema index on {"agentId":1} found. This is often due to declaring an index using both "index: true" and "schema.index()". Please remove the duplicate index definition.
(Use `node --trace-warnings ...` to show where the warning was created)
2026-04-15 15:34:58 [ERROR]: (node:19108) [MONGOOSE] Warning: Duplicate schema index on {"agentId":1} found. This is often due to declaring an index using both "index: true" and "schema.index()". Please remove the duplicate index definition.
(Use `node --trace-warnings ...` to show where the warning was created)
2026-04-15 15:34:58 [ERROR]: (node:19108) [MONGOOSE] Warning: Duplicate schema index on {"id":1} found. This is often due to declaring an index using both "index: true" and "schema.index()". Please remove the duplicate index definition.
2026-04-15 15:34:58 [ERROR]: (node:19108) [MONGOOSE] Warning: Duplicate schema index on {"location_id":1} found. This is often due to declaring an index using both "index: true" and "schema.index()". Please remove the duplicate index definition.
2026-04-15 15:34:58 [ERROR]: (node:19108) [MONGOOSE] Warning: Duplicate schema index on {"slug":1} found. This is often due to declaring an index using both "index: true" and "schema.index()". Please remove the duplicate index definition.
2026-04-15 15:34:58 [ERROR]: (node:19108) [MONGOOSE] Warning: Duplicate schema index on {"location_id":1} found. This is often due to declaring an index using both "index: true" and "schema.index()". Please remove the duplicate index definition.
2026-04-15 15:34:58 [ERROR]: (node:19108) [MONGOOSE] Warning: Duplicate schema index on {"categoryName":1} found. This is often due to declaring an index using both "index: true" and "schema.index()". Please remove the duplicate index definition.
2026-04-15 15:34:58 [ERROR]: (node:20224) [MONGOOSE] Warning: Duplicate schema index on {"id":1} found. This is often due to declaring an index using both "index: true" and "schema.index()". Please remove the duplicate index definition.
2026-04-15 15:34:58 [ERROR]: (node:20224) [MONGOOSE] Warning: Duplicate schema index on {"location_id":1} found. This is often due to declaring an index using both "index: true" and "schema.index()". Please remove the duplicate index definition.
2026-04-15 15:34:58 [ERROR]: (node:20224) [MONGOOSE] Warning: Duplicate schema index on {"slug":1} found. This is often due to declaring an index using both "index: true" and "schema.index()". Please remove the duplicate index definition.
2026-04-15 15:34:58 [ERROR]: (node:20224) [MONGOOSE] Warning: Duplicate schema index on {"location_id":1} found. This is often due to declaring an index using both "index: true" and "schema.index()". Please remove the duplicate index definition.
2026-04-15 15:34:58 [ERROR]: (node:20224) [MONGOOSE] Warning: Duplicate schema index on {"categoryName":1} found. This is often due to declaring an index using both "index: true" and "schema.index()". Please remove the duplicate index definition.
2026-04-15 15:35:06 [ERROR]: (node:16944) [MONGOOSE] Warning: Duplicate schema index on {"agentId":1} found. This is often due to declaring an index using both "index: true" and "schema.index()". Please remove the duplicate index definition.
(Use `node --trace-warnings ...` to show where the warning was created)
2026-04-15 15:35:06 [ERROR]: (node:16944) [MONGOOSE] Warning: Duplicate schema index on {"id":1} found. This is often due to declaring an index using both "index: true" and "schema.index()". Please remove the duplicate index definition.
2026-04-15 15:35:06 [ERROR]: (node:16944) [MONGOOSE] Warning: Duplicate schema index on {"location_id":1} found. This is often due to declaring an index using both "index: true" and "schema.index()". Please remove the duplicate index definition.
2026-04-15 15:35:06 [ERROR]: (node:16944) [MONGOOSE] Warning: Duplicate schema index on {"slug":1} found. This is often due to declaring an index using both "index: true" and "schema.index()". Please remove the duplicate index definition.
2026-04-15 15:35:06 [ERROR]: (node:16944) [MONGOOSE] Warning: Duplicate schema index on {"location_id":1} found. This is often due to declaring an index using both "index: true" and "schema.index()". Please remove the duplicate index definition.
2026-04-15 15:35:06 [ERROR]: (node:16944) [MONGOOSE] Warning: Duplicate schema index on {"categoryName":1} found. This is often due to declaring an index using both "index: true" and "schema.index()". Please remove the duplicate index definition.
2026-04-15 15:35:06 [ERROR]: (node:7924) [MONGOOSE] Warning: Duplicate schema index on {"agentId":1} found. This is often due to declaring an index using both "index: true" and "schema.index()". Please remove the duplicate index definition.
(Use `node --trace-warnings ...` to show where the warning was created)
2026-04-15 15:35:06 [ERROR]: (node:7924) [MONGOOSE] Warning: Duplicate schema index on {"id":1} found. This is often due to declaring an index using both "index: true" and "schema.index()". Please remove the duplicate index definition.
2026-04-15 15:35:06 [ERROR]: (node:7924) [MONGOOSE] Warning: Duplicate schema index on {"location_id":1} found. This is often due to declaring an index using both "index: true" and "schema.index()". Please remove the duplicate index definition.
2026-04-15 15:35:06 [ERROR]: (node:7924) [MONGOOSE] Warning: Duplicate schema index on {"slug":1} found. This is often due to declaring an index using both "index: true" and "schema.index()". Please remove the duplicate index definition.
2026-04-15 15:35:06 [ERROR]: (node:7924) [MONGOOSE] Warning: Duplicate schema index on {"location_id":1} found. This is often due to declaring an index using both "index: true" and "schema.index()". Please remove the duplicate index definition.
2026-04-15 15:35:06 [ERROR]: (node:7924) [MONGOOSE] Warning: Duplicate schema index on {"categoryName":1} found. This is often due to declaring an index using both "index: true" and "schema.index()". Please remove the duplicate index definition.
2026-04-15 15:37:41 [ERROR]: (node:20292) [MONGOOSE] Warning: Duplicate schema index on {"agentId":1} found. This is often due to declaring an index using both "index: true" and "schema.index()". Please remove the duplicate index definition.
(Use `node --trace-warnings ...` to show where the warning was created)
2026-04-15 15:37:41 [ERROR]: (node:20292) [MONGOOSE] Warning: Duplicate schema index on {"id":1} found. This is often due to declaring an index using both "index: true" and "schema.index()". Please remove the duplicate index definition.
2026-04-15 15:37:41 [ERROR]: (node:20292) [MONGOOSE] Warning: Duplicate schema index on {"location_id":1} found. This is often due to declaring an index using both "index: true" and "schema.index()". Please remove the duplicate index definition.
2026-04-15 15:37:41 [ERROR]: (node:20292) [MONGOOSE] Warning: Duplicate schema index on {"slug":1} found. This is often due to declaring an index using both "index: true" and "schema.index()". Please remove the duplicate index definition.
2026-04-15 15:37:41 [ERROR]: (node:20292) [MONGOOSE] Warning: Duplicate schema index on {"location_id":1} found. This is often due to declaring an index using both "index: true" and "schema.index()". Please remove the duplicate index definition.
2026-04-15 15:37:41 [ERROR]: (node:20292) [MONGOOSE] Warning: Duplicate schema index on {"categoryName":1} found. This is often due to declaring an index using both "index: true" and "schema.index()". Please remove the duplicate index definition.
2026-04-15 15:37:41 [ERROR]: (node:18148) [MONGOOSE] Warning: Duplicate schema index on {"agentId":1} found. This is often due to declaring an index using both "index: true" and "schema.index()". Please remove the duplicate index definition.
(Use `node --trace-warnings ...` to show where the warning was created)
2026-04-15 15:37:41 [ERROR]: (node:18148) [MONGOOSE] Warning: Duplicate schema index on {"id":1} found. This is often due to declaring an index using both "index: true" and "schema.index()". Please remove the duplicate index definition.
2026-04-15 15:37:41 [ERROR]: (node:18148) [MONGOOSE] Warning: Duplicate schema index on {"location_id":1} found. This is often due to declaring an index using both "index: true" and "schema.index()". Please remove the duplicate index definition.
2026-04-15 15:37:41 [ERROR]: (node:18148) [MONGOOSE] Warning: Duplicate schema index on {"slug":1} found. This is often due to declaring an index using both "index: true" and "schema.index()". Please remove the duplicate index definition.
2026-04-15 15:37:41 [ERROR]: (node:18148) [MONGOOSE] Warning: Duplicate schema index on {"location_id":1} found. This is often due to declaring an index using both "index: true" and "schema.index()". Please remove the duplicate index definition.
2026-04-15 15:37:41 [ERROR]: (node:18148) [MONGOOSE] Warning: Duplicate schema index on {"categoryName":1} found. This is often due to declaring an index using both "index: true" and "schema.index()". Please remove the duplicate index definition.
2026-04-15 15:37:46 [ERROR]: (node:18196) [MONGOOSE] Warning: Duplicate schema index on {"agentId":1} found. This is often due to declaring an index using both "index: true" and "schema.index()". Please remove the duplicate index definition.
(Use `node --trace-warnings ...` to show where the warning was created)
2026-04-15 15:37:46 [ERROR]: (node:18196) [MONGOOSE] Warning: Duplicate schema index on {"id":1} found. This is often due to declaring an index using both "index: true" and "schema.index()". Please remove the duplicate index definition.
2026-04-15 15:37:46 [ERROR]: (node:18196) [MONGOOSE] Warning: Duplicate schema index on {"location_id":1} found. This is often due to declaring an index using both "index: true" and "schema.index()". Please remove the duplicate index definition.
2026-04-15 15:37:46 [ERROR]: (node:18196) [MONGOOSE] Warning: Duplicate schema index on {"slug":1} found. This is often due to declaring an index using both "index: true" and "schema.index()". Please remove the duplicate index definition.
2026-04-15 15:37:46 [ERROR]: (node:18196) [MONGOOSE] Warning: Duplicate schema index on {"location_id":1} found. This is often due to declaring an index using both "index: true" and "schema.index()". Please remove the duplicate index definition.
2026-04-15 15:37:46 [ERROR]: (node:18196) [MONGOOSE] Warning: Duplicate schema index on {"categoryName":1} found. This is often due to declaring an index using both "index: true" and "schema.index()". Please remove the duplicate index definition.
2026-04-15 15:37:46 [ERROR]: (node:3512) [MONGOOSE] Warning: Duplicate schema index on {"agentId":1} found. This is often due to declaring an index using both "index: true" and "schema.index()". Please remove the duplicate index definition.
(Use `node --trace-warnings ...` to show where the warning was created)
2026-04-15 15:37:46 [ERROR]: (node:3512) [MONGOOSE] Warning: Duplicate schema index on {"id":1} found. This is often due to declaring an index using both "index: true" and "schema.index()". Please remove the duplicate index definition.
2026-04-15 15:37:46 [ERROR]: (node:3512) [MONGOOSE] Warning: Duplicate schema index on {"location_id":1} found. This is often due to declaring an index using both "index: true" and "schema.index()". Please remove the duplicate index definition.
2026-04-15 15:37:46 [ERROR]: (node:3512) [MONGOOSE] Warning: Duplicate schema index on {"slug":1} found. This is often due to declaring an index using both "index: true" and "schema.index()". Please remove the duplicate index definition.
2026-04-15 15:37:46 [ERROR]: (node:3512) [MONGOOSE] Warning: Duplicate schema index on {"location_id":1} found. This is often due to declaring an index using both "index: true" and "schema.index()". Please remove the duplicate index definition.
2026-04-15 15:37:46 [ERROR]: (node:3512) [MONGOOSE] Warning: Duplicate schema index on {"categoryName":1} found. This is often due to declaring an index using both "index: true" and "schema.index()". Please remove the duplicate index definition.
2026-04-15 15:37:55 [ERROR]: (node:3156) [MONGOOSE] Warning: Duplicate schema index on {"agentId":1} found. This is often due to declaring an index using both "index: true" and "schema.index()". Please remove the duplicate index definition.
(Use `node --trace-warnings ...` to show where the warning was created)
2026-04-15 15:37:55 [ERROR]: (node:3156) [MONGOOSE] Warning: Duplicate schema index on {"id":1} found. This is often due to declaring an index using both "index: true" and "schema.index()". Please remove the duplicate index definition.
2026-04-15 15:37:55 [ERROR]: (node:3156) [MONGOOSE] Warning: Duplicate schema index on {"location_id":1} found. This is often due to declaring an index using both "index: true" and "schema.index()". Please remove the duplicate index definition.
2026-04-15 15:37:55 [ERROR]: (node:3156) [MONGOOSE] Warning: Duplicate schema index on {"slug":1} found. This is often due to declaring an index using both "index: true" and "schema.index()". Please remove the duplicate index definition.
2026-04-15 15:37:55 [ERROR]: (node:3156) [MONGOOSE] Warning: Duplicate schema index on {"location_id":1} found. This is often due to declaring an index using both "index: true" and "schema.index()". Please remove the duplicate index definition.
2026-04-15 15:37:55 [ERROR]: (node:3156) [MONGOOSE] Warning: Duplicate schema index on {"categoryName":1} found. This is often due to declaring an index using both "index: true" and "schema.index()". Please remove the duplicate index definition.
2026-04-15 15:37:55 [ERROR]: (node:10696) [MONGOOSE] Warning: Duplicate schema index on {"agentId":1} found. This is often due to declaring an index using both "index: true" and "schema.index()". Please remove the duplicate index definition.
(Use `node --trace-warnings ...` to show where the warning was created)
2026-04-15 15:37:55 [ERROR]: (node:10696) [MONGOOSE] Warning: Duplicate schema index on {"id":1} found. This is often due to declaring an index using both "index: true" and "schema.index()". Please remove the duplicate index definition.
2026-04-15 15:37:55 [ERROR]: (node:10696) [MONGOOSE] Warning: Duplicate schema index on {"location_id":1} found. This is often due to declaring an index using both "index: true" and "schema.index()". Please remove the duplicate index definition.
2026-04-15 15:37:55 [ERROR]: (node:10696) [MONGOOSE] Warning: Duplicate schema index on {"slug":1} found. This is often due to declaring an index using both "index: true" and "schema.index()". Please remove the duplicate index definition.
2026-04-15 15:37:55 [ERROR]: (node:10696) [MONGOOSE] Warning: Duplicate schema index on {"location_id":1} found. This is often due to declaring an index using both "index: true" and "schema.index()". Please remove the duplicate index definition.
2026-04-15 15:37:55 [ERROR]: (node:10696) [MONGOOSE] Warning: Duplicate schema index on {"categoryName":1} found. This is often due to declaring an index using both "index: true" and "schema.index()". Please remove the duplicate index definition.
2026-04-15 15:38:36 [ERROR]: (node:13984) [MONGOOSE] Warning: Duplicate schema index on {"agentId":1} found. This is often due to declaring an index using both "index: true" and "schema.index()". Please remove the duplicate index definition.
(Use `node --trace-warnings ...` to show where the warning was created)
2026-04-15 15:38:36 [ERROR]: (node:13984) [MONGOOSE] Warning: Duplicate schema index on {"id":1} found. This is often due to declaring an index using both "index: true" and "schema.index()". Please remove the duplicate index definition.
2026-04-15 15:38:36 [ERROR]: (node:13984) [MONGOOSE] Warning: Duplicate schema index on {"location_id":1} found. This is often due to declaring an index using both "index: true" and "schema.index()". Please remove the duplicate index definition.
2026-04-15 15:38:36 [ERROR]: (node:13984) [MONGOOSE] Warning: Duplicate schema index on {"slug":1} found. This is often due to declaring an index using both "index: true" and "schema.index()". Please remove the duplicate index definition.
2026-04-15 15:38:36 [ERROR]: (node:13984) [MONGOOSE] Warning: Duplicate schema index on {"location_id":1} found. This is often due to declaring an index using both "index: true" and "schema.index()". Please remove the duplicate index definition.
2026-04-15 15:38:36 [ERROR]: (node:13984) [MONGOOSE] Warning: Duplicate schema index on {"categoryName":1} found. This is often due to declaring an index using both "index: true" and "schema.index()". Please remove the duplicate index definition.
2026-04-15 15:38:36 [ERROR]: (node:10160) [MONGOOSE] Warning: Duplicate schema index on {"agentId":1} found. This is often due to declaring an index using both "index: true" and "schema.index()". Please remove the duplicate index definition.
(Use `node --trace-warnings ...` to show where the warning was created)
2026-04-15 15:38:36 [ERROR]: (node:10160) [MONGOOSE] Warning: Duplicate schema index on {"id":1} found. This is often due to declaring an index using both "index: true" and "schema.index()". Please remove the duplicate index definition.
2026-04-15 15:38:36 [ERROR]: (node:10160) [MONGOOSE] Warning: Duplicate schema index on {"location_id":1} found. This is often due to declaring an index using both "index: true" and "schema.index()". Please remove the duplicate index definition.
2026-04-15 15:38:36 [ERROR]: (node:10160) [MONGOOSE] Warning: Duplicate schema index on {"slug":1} found. This is often due to declaring an index using both "index: true" and "schema.index()". Please remove the duplicate index definition.
2026-04-15 15:38:36 [ERROR]: (node:10160) [MONGOOSE] Warning: Duplicate schema index on {"location_id":1} found. This is often due to declaring an index using both "index: true" and "schema.index()". Please remove the duplicate index definition.
2026-04-15 15:38:36 [ERROR]: (node:10160) [MONGOOSE] Warning: Duplicate schema index on {"categoryName":1} found. This is often due to declaring an index using both "index: true" and "schema.index()". Please remove the duplicate index definition.
2026-04-15 15:38:42 [ERROR]: (node:16052) [MONGOOSE] Warning: Duplicate schema index on {"agentId":1} found. This is often due to declaring an index using both "index: true" and "schema.index()". Please remove the duplicate index definition.
(Use `node --trace-warnings ...` to show where the warning was created)
2026-04-15 15:38:42 [ERROR]: (node:16052) [MONGOOSE] Warning: Duplicate schema index on {"id":1} found. This is often due to declaring an index using both "index: true" and "schema.index()". Please remove the duplicate index definition.
2026-04-15 15:38:42 [ERROR]: (node:16052) [MONGOOSE] Warning: Duplicate schema index on {"location_id":1} found. This is often due to declaring an index using both "index: true" and "schema.index()". Please remove the duplicate index definition.
2026-04-15 15:38:42 [ERROR]: (node:16052) [MONGOOSE] Warning: Duplicate schema index on {"slug":1} found. This is often due to declaring an index using both "index: true" and "schema.index()". Please remove the duplicate index definition.
2026-04-15 15:38:42 [ERROR]: (node:16052) [MONGOOSE] Warning: Duplicate schema index on {"location_id":1} found. This is often due to declaring an index using both "index: true" and "schema.index()". Please remove the duplicate index definition.
2026-04-15 15:38:42 [ERROR]: (node:16052) [MONGOOSE] Warning: Duplicate schema index on {"categoryName":1} found. This is often due to declaring an index using both "index: true" and "schema.index()". Please remove the duplicate index definition.
2026-04-15 15:38:42 [ERROR]: (node:13788) [MONGOOSE] Warning: Duplicate schema index on {"agentId":1} found. This is often due to declaring an index using both "index: true" and "schema.index()". Please remove the duplicate index definition.
(Use `node --trace-warnings ...` to show where the warning was created)
2026-04-15 15:38:42 [ERROR]: (node:13788) [MONGOOSE] Warning: Duplicate schema index on {"id":1} found. This is often due to declaring an index using both "index: true" and "schema.index()". Please remove the duplicate index definition.
2026-04-15 15:38:42 [ERROR]: (node:13788) [MONGOOSE] Warning: Duplicate schema index on {"location_id":1} found. This is often due to declaring an index using both "index: true" and "schema.index()". Please remove the duplicate index definition.
2026-04-15 15:38:42 [ERROR]: (node:13788) [MONGOOSE] Warning: Duplicate schema index on {"slug":1} found. This is often due to declaring an index using both "index: true" and "schema.index()". Please remove the duplicate index definition.
2026-04-15 15:38:42 [ERROR]: (node:13788) [MONGOOSE] Warning: Duplicate schema index on {"location_id":1} found. This is often due to declaring an index using both "index: true" and "schema.index()". Please remove the duplicate index definition.
2026-04-15 15:38:42 [ERROR]: (node:13788) [MONGOOSE] Warning: Duplicate schema index on {"categoryName":1} found. This is often due to declaring an index using both "index: true" and "schema.index()". Please remove the duplicate index definition.
2026-04-15 15:39:10 [ERROR]: (node:9108) [MONGOOSE] Warning: Duplicate schema index on {"agentId":1} found. This is often due to declaring an index using both "index: true" and "schema.index()". Please remove the duplicate index definition.
(Use `node --trace-warnings ...` to show where the warning was created)
2026-04-15 15:39:10 [ERROR]: (node:9108) [MONGOOSE] Warning: Duplicate schema index on {"id":1} found. This is often due to declaring an index using both "index: true" and "schema.index()". Please remove the duplicate index definition.
2026-04-15 15:39:10 [ERROR]: (node:9108) [MONGOOSE] Warning: Duplicate schema index on {"location_id":1} found. This is often due to declaring an index using both "index: true" and "schema.index()". Please remove the duplicate index definition.
2026-04-15 15:39:10 [ERROR]: (node:9108) [MONGOOSE] Warning: Duplicate schema index on {"slug":1} found. This is often due to declaring an index using both "index: true" and "schema.index()". Please remove the duplicate index definition.
2026-04-15 15:39:10 [ERROR]: (node:9108) [MONGOOSE] Warning: Duplicate schema index on {"location_id":1} found. This is often due to declaring an index using both "index: true" and "schema.index()". Please remove the duplicate index definition.
2026-04-15 15:39:10 [ERROR]: (node:9108) [MONGOOSE] Warning: Duplicate schema index on {"categoryName":1} found. This is often due to declaring an index using both "index: true" and "schema.index()". Please remove the duplicate index definition.
2026-04-15 15:39:10 [ERROR]: (node:7840) [MONGOOSE] Warning: Duplicate schema index on {"agentId":1} found. This is often due to declaring an index using both "index: true" and "schema.index()". Please remove the duplicate index definition.
(Use `node --trace-warnings ...` to show where the warning was created)
2026-04-15 15:39:10 [ERROR]: (node:7840) [MONGOOSE] Warning: Duplicate schema index on {"id":1} found. This is often due to declaring an index using both "index: true" and "schema.index()". Please remove the duplicate index definition.
2026-04-15 15:39:10 [ERROR]: (node:7840) [MONGOOSE] Warning: Duplicate schema index on {"location_id":1} found. This is often due to declaring an index using both "index: true" and "schema.index()". Please remove the duplicate index definition.
2026-04-15 15:39:10 [ERROR]: (node:7840) [MONGOOSE] Warning: Duplicate schema index on {"slug":1} found. This is often due to declaring an index using both "index: true" and "schema.index()". Please remove the duplicate index definition.
2026-04-15 15:39:10 [ERROR]: (node:7840) [MONGOOSE] Warning: Duplicate schema index on {"location_id":1} found. This is often due to declaring an index using both "index: true" and "schema.index()". Please remove the duplicate index definition.
2026-04-15 15:39:10 [ERROR]: (node:7840) [MONGOOSE] Warning: Duplicate schema index on {"categoryName":1} found. This is often due to declaring an index using both "index: true" and "schema.index()". Please remove the duplicate index definition.
2026-04-15 15:39:35 [ERROR]: (node:15616) [MONGOOSE] Warning: Duplicate schema index on {"agentId":1} found. This is often due to declaring an index using both "index: true" and "schema.index()". Please remove the duplicate index definition.
(Use `node --trace-warnings ...` to show where the warning was created)
2026-04-15 15:39:35 [ERROR]: (node:15616) [MONGOOSE] Warning: Duplicate schema index on {"id":1} found. This is often due to declaring an index using both "index: true" and "schema.index()". Please remove the duplicate index definition.
2026-04-15 15:39:35 [ERROR]: (node:15616) [MONGOOSE] Warning: Duplicate schema index on {"location_id":1} found. This is often due to declaring an index using both "index: true" and "schema.index()". Please remove the duplicate index definition.
2026-04-15 15:39:35 [ERROR]: (node:15616) [MONGOOSE] Warning: Duplicate schema index on {"slug":1} found. This is often due to declaring an index using both "index: true" and "schema.index()". Please remove the duplicate index definition.
2026-04-15 15:39:35 [ERROR]: (node:15616) [MONGOOSE] Warning: Duplicate schema index on {"location_id":1} found. This is often due to declaring an index using both "index: true" and "schema.index()". Please remove the duplicate index definition.
2026-04-15 15:39:35 [ERROR]: (node:15616) [MONGOOSE] Warning: Duplicate schema index on {"categoryName":1} found. This is often due to declaring an index using both "index: true" and "schema.index()". Please remove the duplicate index definition.
2026-04-15 15:39:35 [ERROR]: (node:17904) [MONGOOSE] Warning: Duplicate schema index on {"agentId":1} found. This is often due to declaring an index using both "index: true" and "schema.index()". Please remove the duplicate index definition.
(Use `node --trace-warnings ...` to show where the warning was created)
2026-04-15 15:39:35 [ERROR]: (node:17904) [MONGOOSE] Warning: Duplicate schema index on {"id":1} found. This is often due to declaring an index using both "index: true" and "schema.index()". Please remove the duplicate index definition.
2026-04-15 15:39:35 [ERROR]: (node:17904) [MONGOOSE] Warning: Duplicate schema index on {"location_id":1} found. This is often due to declaring an index using both "index: true" and "schema.index()". Please remove the duplicate index definition.
2026-04-15 15:39:35 [ERROR]: (node:17904) [MONGOOSE] Warning: Duplicate schema index on {"slug":1} found. This is often due to declaring an index using both "index: true" and "schema.index()". Please remove the duplicate index definition.
2026-04-15 15:39:35 [ERROR]: (node:17904) [MONGOOSE] Warning: Duplicate schema index on {"location_id":1} found. This is often due to declaring an index using both "index: true" and "schema.index()". Please remove the duplicate index definition.
2026-04-15 15:39:35 [ERROR]: (node:17904) [MONGOOSE] Warning: Duplicate schema index on {"categoryName":1} found. This is often due to declaring an index using both "index: true" and "schema.index()". Please remove the duplicate index definition.
2026-04-15 15:39:42 [ERROR]: (node:19276) [MONGOOSE] Warning: Duplicate schema index on {"agentId":1} found. This is often due to declaring an index using both "index: true" and "schema.index()". Please remove the duplicate index definition.
(Use `node --trace-warnings ...` to show where the warning was created)
2026-04-15 15:39:42 [ERROR]: (node:19276) [MONGOOSE] Warning: Duplicate schema index on {"id":1} found. This is often due to declaring an index using both "index: true" and "schema.index()". Please remove the duplicate index definition.
2026-04-15 15:39:42 [ERROR]: (node:19276) [MONGOOSE] Warning: Duplicate schema index on {"location_id":1} found. This is often due to declaring an index using both "index: true" and "schema.index()". Please remove the duplicate index definition.
2026-04-15 15:39:42 [ERROR]: (node:19276) [MONGOOSE] Warning: Duplicate schema index on {"slug":1} found. This is often due to declaring an index using both "index: true" and "schema.index()". Please remove the duplicate index definition.
2026-04-15 15:39:42 [ERROR]: (node:19276) [MONGOOSE] Warning: Duplicate schema index on {"location_id":1} found. This is often due to declaring an index using both "index: true" and "schema.index()". Please remove the duplicate index definition.
2026-04-15 15:39:42 [ERROR]: (node:19276) [MONGOOSE] Warning: Duplicate schema index on {"categoryName":1} found. This is often due to declaring an index using both "index: true" and "schema.index()". Please remove the duplicate index definition.
2026-04-15 15:39:42 [ERROR]: (node:17664) [MONGOOSE] Warning: Duplicate schema index on {"agentId":1} found. This is often due to declaring an index using both "index: true" and "schema.index()". Please remove the duplicate index definition.
(Use `node --trace-warnings ...` to show where the warning was created)
2026-04-15 15:39:42 [ERROR]: (node:17664) [MONGOOSE] Warning: Duplicate schema index on {"id":1} found. This is often due to declaring an index using both "index: true" and "schema.index()". Please remove the duplicate index definition.
2026-04-15 15:39:42 [ERROR]: (node:17664) [MONGOOSE] Warning: Duplicate schema index on {"location_id":1} found. This is often due to declaring an index using both "index: true" and "schema.index()". Please remove the duplicate index definition.
2026-04-15 15:39:42 [ERROR]: (node:17664) [MONGOOSE] Warning: Duplicate schema index on {"slug":1} found. This is often due to declaring an index using both "index: true" and "schema.index()". Please remove the duplicate index definition.
2026-04-15 15:39:42 [ERROR]: (node:17664) [MONGOOSE] Warning: Duplicate schema index on {"location_id":1} found. This is often due to declaring an index using both "index: true" and "schema.index()". Please remove the duplicate index definition.
2026-04-15 15:39:42 [ERROR]: (node:17664) [MONGOOSE] Warning: Duplicate schema index on {"categoryName":1} found. This is often due to declaring an index using both "index: true" and "schema.index()". Please remove the duplicate index definition.
2026-04-15 15:39:54 [ERROR]: (node:19988) [MONGOOSE] Warning: Duplicate schema index on {"agentId":1} found. This is often due to declaring an index using both "index: true" and "schema.index()". Please remove the duplicate index definition.
(Use `node --trace-warnings ...` to show where the warning was created)
2026-04-15 15:39:54 [ERROR]: (node:19988) [MONGOOSE] Warning: Duplicate schema index on {"id":1} found. This is often due to declaring an index using both "index: true" and "schema.index()". Please remove the duplicate index definition.
2026-04-15 15:39:54 [ERROR]: (node:19988) [MONGOOSE] Warning: Duplicate schema index on {"location_id":1} found. This is often due to declaring an index using both "index: true" and "schema.index()". Please remove the duplicate index definition.
2026-04-15 15:39:54 [ERROR]: (node:19988) [MONGOOSE] Warning: Duplicate schema index on {"slug":1} found. This is often due to declaring an index using both "index: true" and "schema.index()". Please remove the duplicate index definition.
2026-04-15 15:39:54 [ERROR]: (node:19988) [MONGOOSE] Warning: Duplicate schema index on {"location_id":1} found. This is often due to declaring an index using both "index: true" and "schema.index()". Please remove the duplicate index definition.
2026-04-15 15:39:54 [ERROR]: (node:19988) [MONGOOSE] Warning: Duplicate schema index on {"categoryName":1} found. This is often due to declaring an index using both "index: true" and "schema.index()". Please remove the duplicate index definition.
2026-04-15 15:39:54 [ERROR]: (node:10500) [MONGOOSE] Warning: Duplicate schema index on {"agentId":1} found. This is often due to declaring an index using both "index: true" and "schema.index()". Please remove the duplicate index definition.
(Use `node --trace-warnings ...` to show where the warning was created)
2026-04-15 15:39:54 [ERROR]: (node:10500) [MONGOOSE] Warning: Duplicate schema index on {"id":1} found. This is often due to declaring an index using both "index: true" and "schema.index()". Please remove the duplicate index definition.
2026-04-15 15:39:54 [ERROR]: (node:10500) [MONGOOSE] Warning: Duplicate schema index on {"location_id":1} found. This is often due to declaring an index using both "index: true" and "schema.index()". Please remove the duplicate index definition.
2026-04-15 15:39:54 [ERROR]: (node:10500) [MONGOOSE] Warning: Duplicate schema index on {"slug":1} found. This is often due to declaring an index using both "index: true" and "schema.index()". Please remove the duplicate index definition.
2026-04-15 15:39:54 [ERROR]: (node:10500) [MONGOOSE] Warning: Duplicate schema index on {"location_id":1} found. This is often due to declaring an index using both "index: true" and "schema.index()". Please remove the duplicate index definition.
2026-04-15 15:39:54 [ERROR]: (node:10500) [MONGOOSE] Warning: Duplicate schema index on {"categoryName":1} found. This is often due to declaring an index using both "index: true" and "schema.index()". Please remove the duplicate index definition.
2026-04-15 15:41:08 [ERROR]: (node:18624) [MONGOOSE] Warning: Duplicate schema index on {"agentId":1} found. This is often due to declaring an index using both "index: true" and "schema.index()". Please remove the duplicate index definition.
(Use `node --trace-warnings ...` to show where the warning was created)
2026-04-15 15:41:08 [ERROR]: (node:18624) [MONGOOSE] Warning: Duplicate schema index on {"id":1} found. This is often due to declaring an index using both "index: true" and "schema.index()". Please remove the duplicate index definition.
2026-04-15 15:41:08 [ERROR]: (node:18624) [MONGOOSE] Warning: Duplicate schema index on {"location_id":1} found. This is often due to declaring an index using both "index: true" and "schema.index()". Please remove the duplicate index definition.
2026-04-15 15:41:08 [ERROR]: (node:18624) [MONGOOSE] Warning: Duplicate schema index on {"slug":1} found. This is often due to declaring an index using both "index: true" and "schema.index()". Please remove the duplicate index definition.
2026-04-15 15:41:08 [ERROR]: (node:18624) [MONGOOSE] Warning: Duplicate schema index on {"location_id":1} found. This is often due to declaring an index using both "index: true" and "schema.index()". Please remove the duplicate index definition.
2026-04-15 15:41:08 [ERROR]: (node:18624) [MONGOOSE] Warning: Duplicate schema index on {"categoryName":1} found. This is often due to declaring an index using both "index: true" and "schema.index()". Please remove the duplicate index definition.
2026-04-15 15:41:08 [ERROR]: (node:17684) [MONGOOSE] Warning: Duplicate schema index on {"agentId":1} found. This is often due to declaring an index using both "index: true" and "schema.index()". Please remove the duplicate index definition.
(Use `node --trace-warnings ...` to show where the warning was created)
2026-04-15 15:41:08 [ERROR]: (node:17684) [MONGOOSE] Warning: Duplicate schema index on {"id":1} found. This is often due to declaring an index using both "index: true" and "schema.index()". Please remove the duplicate index definition.
2026-04-15 15:41:08 [ERROR]: (node:17684) [MONGOOSE] Warning: Duplicate schema index on {"location_id":1} found. This is often due to declaring an index using both "index: true" and "schema.index()". Please remove the duplicate index definition.
2026-04-15 15:41:08 [ERROR]: (node:17684) [MONGOOSE] Warning: Duplicate schema index on {"slug":1} found. This is often due to declaring an index using both "index: true" and "schema.index()". Please remove the duplicate index definition.
2026-04-15 15:41:08 [ERROR]: (node:17684) [MONGOOSE] Warning: Duplicate schema index on {"location_id":1} found. This is often due to declaring an index using both "index: true" and "schema.index()". Please remove the duplicate index definition.
2026-04-15 15:41:08 [ERROR]: (node:17684) [MONGOOSE] Warning: Duplicate schema index on {"categoryName":1} found. This is often due to declaring an index using both "index: true" and "schema.index()". Please remove the duplicate index definition.
2026-04-15 15:41:17 [ERROR]: (node:19152) [MONGOOSE] Warning: Duplicate schema index on {"agentId":1} found. This is often due to declaring an index using both "index: true" and "schema.index()". Please remove the duplicate index definition.
(Use `node --trace-warnings ...` to show where the warning was created)
2026-04-15 15:41:17 [ERROR]: (node:19152) [MONGOOSE] Warning: Duplicate schema index on {"id":1} found. This is often due to declaring an index using both "index: true" and "schema.index()". Please remove the duplicate index definition.
2026-04-15 15:41:17 [ERROR]: (node:19152) [MONGOOSE] Warning: Duplicate schema index on {"location_id":1} found. This is often due to declaring an index using both "index: true" and "schema.index()". Please remove the duplicate index definition.
2026-04-15 15:41:17 [ERROR]: (node:19152) [MONGOOSE] Warning: Duplicate schema index on {"slug":1} found. This is often due to declaring an index using both "index: true" and "schema.index()". Please remove the duplicate index definition.
2026-04-15 15:41:17 [ERROR]: (node:19152) [MONGOOSE] Warning: Duplicate schema index on {"location_id":1} found. This is often due to declaring an index using both "index: true" and "schema.index()". Please remove the duplicate index definition.
2026-04-15 15:41:17 [ERROR]: (node:19152) [MONGOOSE] Warning: Duplicate schema index on {"categoryName":1} found. This is often due to declaring an index using both "index: true" and "schema.index()". Please remove the duplicate index definition.
2026-04-15 15:41:55 [ERROR]: (node:9108) [MONGOOSE] Warning: Duplicate schema index on {"agentId":1} found. This is often due to declaring an index using both "index: true" and "schema.index()". Please remove the duplicate index definition.
(Use `node --trace-warnings ...` to show where the warning was created)
2026-04-15 15:41:55 [ERROR]: (node:9108) [MONGOOSE] Warning: Duplicate schema index on {"id":1} found. This is often due to declaring an index using both "index: true" and "schema.index()". Please remove the duplicate index definition.
2026-04-15 15:41:55 [ERROR]: (node:9108) [MONGOOSE] Warning: Duplicate schema index on {"location_id":1} found. This is often due to declaring an index using both "index: true" and "schema.index()". Please remove the duplicate index definition.
2026-04-15 15:41:55 [ERROR]: (node:9108) [MONGOOSE] Warning: Duplicate schema index on {"slug":1} found. This is often due to declaring an index using both "index: true" and "schema.index()". Please remove the duplicate index definition.
2026-04-15 15:41:55 [ERROR]: (node:9108) [MONGOOSE] Warning: Duplicate schema index on {"location_id":1} found. This is often due to declaring an index using both "index: true" and "schema.index()". Please remove the duplicate index definition.
2026-04-15 15:41:55 [ERROR]: (node:9108) [MONGOOSE] Warning: Duplicate schema index on {"categoryName":1} found. This is often due to declaring an index using both "index: true" and "schema.index()". Please remove the duplicate index definition.
2026-04-15 15:41:55 [ERROR]: (node:9448) [MONGOOSE] Warning: Duplicate schema index on {"agentId":1} found. This is often due to declaring an index using both "index: true" and "schema.index()". Please remove the duplicate index definition.
(Use `node --trace-warnings ...` to show where the warning was created)
2026-04-15 15:41:55 [ERROR]: (node:9448) [MONGOOSE] Warning: Duplicate schema index on {"id":1} found. This is often due to declaring an index using both "index: true" and "schema.index()". Please remove the duplicate index definition.
2026-04-15 15:41:55 [ERROR]: (node:9448) [MONGOOSE] Warning: Duplicate schema index on {"location_id":1} found. This is often due to declaring an index using both "index: true" and "schema.index()". Please remove the duplicate index definition.
2026-04-15 15:41:55 [ERROR]: (node:9448) [MONGOOSE] Warning: Duplicate schema index on {"slug":1} found. This is often due to declaring an index using both "index: true" and "schema.index()". Please remove the duplicate index definition.
2026-04-15 15:41:55 [ERROR]: (node:9448) [MONGOOSE] Warning: Duplicate schema index on {"location_id":1} found. This is often due to declaring an index using both "index: true" and "schema.index()". Please remove the duplicate index definition.
2026-04-15 15:41:55 [ERROR]: (node:9448) [MONGOOSE] Warning: Duplicate schema index on {"categoryName":1} found. This is often due to declaring an index using both "index: true" and "schema.index()". Please remove the duplicate index definition.
2026-04-15 15:48:47 [ERROR]: (node:9360) [MONGOOSE] Warning: Duplicate schema index on {"agentId":1} found. This is often due to declaring an index using both "index: true" and "schema.index()". Please remove the duplicate index definition.
(Use `node --trace-warnings ...` to show where the warning was created)
2026-04-15 15:48:47 [ERROR]: (node:17856) [MONGOOSE] Warning: Duplicate schema index on {"agentId":1} found. This is often due to declaring an index using both "index: true" and "schema.index()". Please remove the duplicate index definition.
(Use `node --trace-warnings ...` to show where the warning was created)
2026-04-15 15:48:47 [ERROR]: (node:9360) [MONGOOSE] Warning: Duplicate schema index on {"id":1} found. This is often due to declaring an index using both "index: true" and "schema.index()". Please remove the duplicate index definition.
2026-04-15 15:48:47 [ERROR]: (node:9360) [MONGOOSE] Warning: Duplicate schema index on {"location_id":1} found. This is often due to declaring an index using both "index: true" and "schema.index()". Please remove the duplicate index definition.
2026-04-15 15:48:47 [ERROR]: (node:9360) [MONGOOSE] Warning: Duplicate schema index on {"slug":1} found. This is often due to declaring an index using both "index: true" and "schema.index()". Please remove the duplicate index definition.
2026-04-15 15:48:47 [ERROR]: (node:9360) [MONGOOSE] Warning: Duplicate schema index on {"location_id":1} found. This is often due to declaring an index using both "index: true" and "schema.index()". Please remove the duplicate index definition.
2026-04-15 15:48:47 [ERROR]: (node:9360) [MONGOOSE] Warning: Duplicate schema index on {"categoryName":1} found. This is often due to declaring an index using both "index: true" and "schema.index()". Please remove the duplicate index definition.
2026-04-15 15:48:47 [ERROR]: (node:17856) [MONGOOSE] Warning: Duplicate schema index on {"id":1} found. This is often due to declaring an index using both "index: true" and "schema.index()". Please remove the duplicate index definition.
2026-04-15 15:48:47 [ERROR]: (node:17856) [MONGOOSE] Warning: Duplicate schema index on {"location_id":1} found. This is often due to declaring an index using both "index: true" and "schema.index()". Please remove the duplicate index definition.
2026-04-15 15:48:47 [ERROR]: (node:17856) [MONGOOSE] Warning: Duplicate schema index on {"slug":1} found. This is often due to declaring an index using both "index: true" and "schema.index()". Please remove the duplicate index definition.
2026-04-15 15:48:47 [ERROR]: (node:17856) [MONGOOSE] Warning: Duplicate schema index on {"location_id":1} found. This is often due to declaring an index using both "index: true" and "schema.index()". Please remove the duplicate index definition.
2026-04-15 15:48:47 [ERROR]: (node:17856) [MONGOOSE] Warning: Duplicate schema index on {"categoryName":1} found. This is often due to declaring an index using both "index: true" and "schema.index()". Please remove the duplicate index definition.
2026-04-15 15:48:50 [ERROR]: (node:2172) [MONGOOSE] Warning: Duplicate schema index on {"agentId":1} found. This is often due to declaring an index using both "index: true" and "schema.index()". Please remove the duplicate index definition.
(Use `node --trace-warnings ...` to show where the warning was created)
2026-04-15 15:48:50 [ERROR]: (node:2172) [MONGOOSE] Warning: Duplicate schema index on {"id":1} found. This is often due to declaring an index using both "index: true" and "schema.index()". Please remove the duplicate index definition.
2026-04-15 15:48:50 [ERROR]: (node:2172) [MONGOOSE] Warning: Duplicate schema index on {"location_id":1} found. This is often due to declaring an index using both "index: true" and "schema.index()". Please remove the duplicate index definition.
2026-04-15 15:48:50 [ERROR]: (node:2172) [MONGOOSE] Warning: Duplicate schema index on {"slug":1} found. This is often due to declaring an index using both "index: true" and "schema.index()". Please remove the duplicate index definition.
2026-04-15 15:48:50 [ERROR]: (node:2172) [MONGOOSE] Warning: Duplicate schema index on {"location_id":1} found. This is often due to declaring an index using both "index: true" and "schema.index()". Please remove the duplicate index definition.
2026-04-15 15:48:50 [ERROR]: (node:2172) [MONGOOSE] Warning: Duplicate schema index on {"categoryName":1} found. This is often due to declaring an index using both "index: true" and "schema.index()". Please remove the duplicate index definition.
2026-04-15 15:48:50 [ERROR]: (node:872) [MONGOOSE] Warning: Duplicate schema index on {"agentId":1} found. This is often due to declaring an index using both "index: true" and "schema.index()". Please remove the duplicate index definition.
(Use `node --trace-warnings ...` to show where the warning was created)
2026-04-15 15:48:50 [ERROR]: (node:872) [MONGOOSE] Warning: Duplicate schema index on {"id":1} found. This is often due to declaring an index using both "index: true" and "schema.index()". Please remove the duplicate index definition.
2026-04-15 15:48:50 [ERROR]: (node:872) [MONGOOSE] Warning: Duplicate schema index on {"location_id":1} found. This is often due to declaring an index using both "index: true" and "schema.index()". Please remove the duplicate index definition.
2026-04-15 15:48:50 [ERROR]: (node:872) [MONGOOSE] Warning: Duplicate schema index on {"slug":1} found. This is often due to declaring an index using both "index: true" and "schema.index()". Please remove the duplicate index definition.
2026-04-15 15:48:50 [ERROR]: (node:872) [MONGOOSE] Warning: Duplicate schema index on {"location_id":1} found. This is often due to declaring an index using both "index: true" and "schema.index()". Please remove the duplicate index definition.
2026-04-15 15:48:50 [ERROR]: (node:872) [MONGOOSE] Warning: Duplicate schema index on {"categoryName":1} found. This is often due to declaring an index using both "index: true" and "schema.index()". Please remove the duplicate index definition.
2026-04-15 15:48:55 [ERROR]: (node:4940) [MONGOOSE] Warning: Duplicate schema index on {"agentId":1} found. This is often due to declaring an index using both "index: true" and "schema.index()". Please remove the duplicate index definition.
(Use `node --trace-warnings ...` to show where the warning was created)
2026-04-15 15:48:55 [ERROR]: (node:10144) [MONGOOSE] Warning: Duplicate schema index on {"agentId":1} found. This is often due to declaring an index using both "index: true" and "schema.index()". Please remove the duplicate index definition.
(Use `node --trace-warnings ...` to show where the warning was created)
2026-04-15 15:48:55 [ERROR]: (node:10144) [MONGOOSE] Warning: Duplicate schema index on {"id":1} found. This is often due to declaring an index using both "index: true" and "schema.index()". Please remove the duplicate index definition.
2026-04-15 15:48:55 [ERROR]: (node:10144) [MONGOOSE] Warning: Duplicate schema index on {"location_id":1} found. This is often due to declaring an index using both "index: true" and "schema.index()". Please remove the duplicate index definition.
2026-04-15 15:48:55 [ERROR]: (node:10144) [MONGOOSE] Warning: Duplicate schema index on {"slug":1} found. This is often due to declaring an index using both "index: true" and "schema.index()". Please remove the duplicate index definition.
2026-04-15 15:48:55 [ERROR]: (node:10144) [MONGOOSE] Warning: Duplicate schema index on {"location_id":1} found. This is often due to declaring an index using both "index: true" and "schema.index()". Please remove the duplicate index definition.
2026-04-15 15:48:55 [ERROR]: (node:10144) [MONGOOSE] Warning: Duplicate schema index on {"categoryName":1} found. This is often due to declaring an index using both "index: true" and "schema.index()". Please remove the duplicate index definition.
2026-04-15 15:48:55 [ERROR]: (node:4940) [MONGOOSE] Warning: Duplicate schema index on {"id":1} found. This is often due to declaring an index using both "index: true" and "schema.index()". Please remove the duplicate index definition.
2026-04-15 15:48:55 [ERROR]: (node:4940) [MONGOOSE] Warning: Duplicate schema index on {"location_id":1} found. This is often due to declaring an index using both "index: true" and "schema.index()". Please remove the duplicate index definition.
2026-04-15 15:48:55 [ERROR]: (node:4940) [MONGOOSE] Warning: Duplicate schema index on {"slug":1} found. This is often due to declaring an index using both "index: true" and "schema.index()". Please remove the duplicate index definition.
2026-04-15 15:48:55 [ERROR]: (node:4940) [MONGOOSE] Warning: Duplicate schema index on {"location_id":1} found. This is often due to declaring an index using both "index: true" and "schema.index()". Please remove the duplicate index definition.
2026-04-15 15:48:55 [ERROR]: (node:4940) [MONGOOSE] Warning: Duplicate schema index on {"categoryName":1} found. This is often due to declaring an index using both "index: true" and "schema.index()". Please remove the duplicate index definition.
2026-04-15 15:49:17 [ERROR]: (node:4160) [MONGOOSE] Warning: Duplicate schema index on {"agentId":1} found. This is often due to declaring an index using both "index: true" and "schema.index()". Please remove the duplicate index definition.
(Use `node --trace-warnings ...` to show where the warning was created)
2026-04-15 15:49:17 [ERROR]: (node:4160) [MONGOOSE] Warning: Duplicate schema index on {"id":1} found. This is often due to declaring an index using both "index: true" and "schema.index()". Please remove the duplicate index definition.
2026-04-15 15:49:17 [ERROR]: (node:4160) [MONGOOSE] Warning: Duplicate schema index on {"location_id":1} found. This is often due to declaring an index using both "index: true" and "schema.index()". Please remove the duplicate index definition.
2026-04-15 15:49:17 [ERROR]: (node:4160) [MONGOOSE] Warning: Duplicate schema index on {"slug":1} found. This is often due to declaring an index using both "index: true" and "schema.index()". Please remove the duplicate index definition.
2026-04-15 15:49:17 [ERROR]: (node:4160) [MONGOOSE] Warning: Duplicate schema index on {"location_id":1} found. This is often due to declaring an index using both "index: true" and "schema.index()". Please remove the duplicate index definition.
2026-04-15 15:49:17 [ERROR]: (node:4160) [MONGOOSE] Warning: Duplicate schema index on {"categoryName":1} found. This is often due to declaring an index using both "index: true" and "schema.index()". Please remove the duplicate index definition.
2026-04-15 15:49:17 [ERROR]: (node:18580) [MONGOOSE] Warning: Duplicate schema index on {"agentId":1} found. This is often due to declaring an index using both "index: true" and "schema.index()". Please remove the duplicate index definition.
(Use `node --trace-warnings ...` to show where the warning was created)
2026-04-15 15:49:17 [ERROR]: (node:18580) [MONGOOSE] Warning: Duplicate schema index on {"id":1} found. This is often due to declaring an index using both "index: true" and "schema.index()". Please remove the duplicate index definition.
2026-04-15 15:49:17 [ERROR]: (node:18580) [MONGOOSE] Warning: Duplicate schema index on {"location_id":1} found. This is often due to declaring an index using both "index: true" and "schema.index()". Please remove the duplicate index definition.
2026-04-15 15:49:17 [ERROR]: (node:18580) [MONGOOSE] Warning: Duplicate schema index on {"slug":1} found. This is often due to declaring an index using both "index: true" and "schema.index()". Please remove the duplicate index definition.
2026-04-15 15:49:17 [ERROR]: (node:18580) [MONGOOSE] Warning: Duplicate schema index on {"location_id":1} found. This is often due to declaring an index using both "index: true" and "schema.index()". Please remove the duplicate index definition.
2026-04-15 15:49:17 [ERROR]: (node:18580) [MONGOOSE] Warning: Duplicate schema index on {"categoryName":1} found. This is often due to declaring an index using both "index: true" and "schema.index()". Please remove the duplicate index definition.
2026-04-15 15:49:57 [ERROR]: (node:7604) [MONGOOSE] Warning: Duplicate schema index on {"agentId":1} found. This is often due to declaring an index using both "index: true" and "schema.index()". Please remove the duplicate index definition.
(Use `node --trace-warnings ...` to show where the warning was created)
2026-04-15 15:49:57 [ERROR]: (node:7604) [MONGOOSE] Warning: Duplicate schema index on {"id":1} found. This is often due to declaring an index using both "index: true" and "schema.index()". Please remove the duplicate index definition.
2026-04-15 15:49:57 [ERROR]: (node:7604) [MONGOOSE] Warning: Duplicate schema index on {"location_id":1} found. This is often due to declaring an index using both "index: true" and "schema.index()". Please remove the duplicate index definition.
2026-04-15 15:49:57 [ERROR]: (node:7604) [MONGOOSE] Warning: Duplicate schema index on {"slug":1} found. This is often due to declaring an index using both "index: true" and "schema.index()". Please remove the duplicate index definition.
2026-04-15 15:49:57 [ERROR]: (node:7604) [MONGOOSE] Warning: Duplicate schema index on {"location_id":1} found. This is often due to declaring an index using both "index: true" and "schema.index()". Please remove the duplicate index definition.
2026-04-15 15:49:57 [ERROR]: (node:7604) [MONGOOSE] Warning: Duplicate schema index on {"categoryName":1} found. This is often due to declaring an index using both "index: true" and "schema.index()". Please remove the duplicate index definition.
2026-04-15 15:49:57 [ERROR]: (node:11644) [MONGOOSE] Warning: Duplicate schema index on {"agentId":1} found. This is often due to declaring an index using both "index: true" and "schema.index()". Please remove the duplicate index definition.
(Use `node --trace-warnings ...` to show where the warning was created)
2026-04-15 15:49:57 [ERROR]: (node:11644) [MONGOOSE] Warning: Duplicate schema index on {"id":1} found. This is often due to declaring an index using both "index: true" and "schema.index()". Please remove the duplicate index definition.
2026-04-15 15:49:57 [ERROR]: (node:11644) [MONGOOSE] Warning: Duplicate schema index on {"location_id":1} found. This is often due to declaring an index using both "index: true" and "schema.index()". Please remove the duplicate index definition.
2026-04-15 15:49:57 [ERROR]: (node:11644) [MONGOOSE] Warning: Duplicate schema index on {"slug":1} found. This is often due to declaring an index using both "index: true" and "schema.index()". Please remove the duplicate index definition.
2026-04-15 15:49:57 [ERROR]: (node:11644) [MONGOOSE] Warning: Duplicate schema index on {"location_id":1} found. This is often due to declaring an index using both "index: true" and "schema.index()". Please remove the duplicate index definition.
2026-04-15 15:49:57 [ERROR]: (node:11644) [MONGOOSE] Warning: Duplicate schema index on {"categoryName":1} found. This is often due to declaring an index using both "index: true" and "schema.index()". Please remove the duplicate index definition.
2026-04-15 15:50:13 [ERROR]: (node:19488) [MONGOOSE] Warning: Duplicate schema index on {"agentId":1} found. This is often due to declaring an index using both "index: true" and "schema.index()". Please remove the duplicate index definition.
(Use `node --trace-warnings ...` to show where the warning was created)
2026-04-15 15:50:13 [ERROR]: (node:20260) [MONGOOSE] Warning: Duplicate schema index on {"agentId":1} found. This is often due to declaring an index using both "index: true" and "schema.index()". Please remove the duplicate index definition.
(Use `node --trace-warnings ...` to show where the warning was created)
2026-04-15 15:50:13 [ERROR]: (node:20260) [MONGOOSE] Warning: Duplicate schema index on {"id":1} found. This is often due to declaring an index using both "index: true" and "schema.index()". Please remove the duplicate index definition.
2026-04-15 15:50:13 [ERROR]: (node:20260) [MONGOOSE] Warning: Duplicate schema index on {"location_id":1} found. This is often due to declaring an index using both "index: true" and "schema.index()". Please remove the duplicate index definition.
2026-04-15 15:50:13 [ERROR]: (node:20260) [MONGOOSE] Warning: Duplicate schema index on {"slug":1} found. This is often due to declaring an index using both "index: true" and "schema.index()". Please remove the duplicate index definition.
2026-04-15 15:50:13 [ERROR]: (node:19488) [MONGOOSE] Warning: Duplicate schema index on {"id":1} found. This is often due to declaring an index using both "index: true" and "schema.index()". Please remove the duplicate index definition.
2026-04-15 15:50:13 [ERROR]: (node:20260) [MONGOOSE] Warning: Duplicate schema index on {"location_id":1} found. This is often due to declaring an index using both "index: true" and "schema.index()". Please remove the duplicate index definition.
2026-04-15 15:50:13 [ERROR]: (node:20260) [MONGOOSE] Warning: Duplicate schema index on {"categoryName":1} found. This is often due to declaring an index using both "index: true" and "schema.index()". Please remove the duplicate index definition.
2026-04-15 15:50:13 [ERROR]: (node:19488) [MONGOOSE] Warning: Duplicate schema index on {"location_id":1} found. This is often due to declaring an index using both "index: true" and "schema.index()". Please remove the duplicate index definition.
2026-04-15 15:50:13 [ERROR]: (node:19488) [MONGOOSE] Warning: Duplicate schema index on {"slug":1} found. This is often due to declaring an index using both "index: true" and "schema.index()". Please remove the duplicate index definition.
2026-04-15 15:50:13 [ERROR]: (node:19488) [MONGOOSE] Warning: Duplicate schema index on {"location_id":1} found. This is often due to declaring an index using both "index: true" and "schema.index()". Please remove the duplicate index definition.
2026-04-15 15:50:13 [ERROR]: (node:19488) [MONGOOSE] Warning: Duplicate schema index on {"categoryName":1} found. This is often due to declaring an index using both "index: true" and "schema.index()". Please remove the duplicate index definition.
2026-04-15 15:50:20 [ERROR]: (node:17532) [MONGOOSE] Warning: Duplicate schema index on {"agentId":1} found. This is often due to declaring an index using both "index: true" and "schema.index()". Please remove the duplicate index definition.
(Use `node --trace-warnings ...` to show where the warning was created)
2026-04-15 15:50:20 [ERROR]: (node:17532) [MONGOOSE] Warning: Duplicate schema index on {"id":1} found. This is often due to declaring an index using both "index: true" and "schema.index()". Please remove the duplicate index definition.
2026-04-15 15:50:20 [ERROR]: (node:17532) [MONGOOSE] Warning: Duplicate schema index on {"location_id":1} found. This is often due to declaring an index using both "index: true" and "schema.index()". Please remove the duplicate index definition.
2026-04-15 15:50:20 [ERROR]: (node:17532) [MONGOOSE] Warning: Duplicate schema index on {"slug":1} found. This is often due to declaring an index using both "index: true" and "schema.index()". Please remove the duplicate index definition.
2026-04-15 15:50:20 [ERROR]: (node:17532) [MONGOOSE] Warning: Duplicate schema index on {"location_id":1} found. This is often due to declaring an index using both "index: true" and "schema.index()". Please remove the duplicate index definition.
2026-04-15 15:50:20 [ERROR]: (node:17532) [MONGOOSE] Warning: Duplicate schema index on {"categoryName":1} found. This is often due to declaring an index using both "index: true" and "schema.index()". Please remove the duplicate index definition.
2026-04-15 15:50:20 [ERROR]: (node:18704) [MONGOOSE] Warning: Duplicate schema index on {"agentId":1} found. This is often due to declaring an index using both "index: true" and "schema.index()". Please remove the duplicate index definition.
(Use `node --trace-warnings ...` to show where the warning was created)
2026-04-15 15:50:20 [ERROR]: (node:18704) [MONGOOSE] Warning: Duplicate schema index on {"id":1} found. This is often due to declaring an index using both "index: true" and "schema.index()". Please remove the duplicate index definition.
2026-04-15 15:50:20 [ERROR]: (node:18704) [MONGOOSE] Warning: Duplicate schema index on {"location_id":1} found. This is often due to declaring an index using both "index: true" and "schema.index()". Please remove the duplicate index definition.
2026-04-15 15:50:20 [ERROR]: (node:18704) [MONGOOSE] Warning: Duplicate schema index on {"slug":1} found. This is often due to declaring an index using both "index: true" and "schema.index()". Please remove the duplicate index definition.
2026-04-15 15:50:20 [ERROR]: (node:18704) [MONGOOSE] Warning: Duplicate schema index on {"location_id":1} found. This is often due to declaring an index using both "index: true" and "schema.index()". Please remove the duplicate index definition.
2026-04-15 15:50:20 [ERROR]: (node:18704) [MONGOOSE] Warning: Duplicate schema index on {"categoryName":1} found. This is often due to declaring an index using both "index: true" and "schema.index()". Please remove the duplicate index definition.
2026-04-15 15:51:29 [ERROR]: (node:5316) [MONGOOSE] Warning: Duplicate schema index on {"agentId":1} found. This is often due to declaring an index using both "index: true" and "schema.index()". Please remove the duplicate index definition.
(Use `node --trace-warnings ...` to show where the warning was created)
2026-04-15 15:51:29 [ERROR]: (node:19112) [MONGOOSE] Warning: Duplicate schema index on {"agentId":1} found. This is often due to declaring an index using both "index: true" and "schema.index()". Please remove the duplicate index definition.
(Use `node --trace-warnings ...` to show where the warning was created)
2026-04-15 15:51:29 [ERROR]: (node:5316) [MONGOOSE] Warning: Duplicate schema index on {"id":1} found. This is often due to declaring an index using both "index: true" and "schema.index()". Please remove the duplicate index definition.
2026-04-15 15:51:29 [ERROR]: (node:5316) [MONGOOSE] Warning: Duplicate schema index on {"location_id":1} found. This is often due to declaring an index using both "index: true" and "schema.index()". Please remove the duplicate index definition.
2026-04-15 15:51:29 [ERROR]: (node:5316) [MONGOOSE] Warning: Duplicate schema index on {"slug":1} found. This is often due to declaring an index using both "index: true" and "schema.index()". Please remove the duplicate index definition.
2026-04-15 15:51:29 [ERROR]: (node:5316) [MONGOOSE] Warning: Duplicate schema index on {"location_id":1} found. This is often due to declaring an index using both "index: true" and "schema.index()". Please remove the duplicate index definition.
2026-04-15 15:51:29 [ERROR]: (node:5316) [MONGOOSE] Warning: Duplicate schema index on {"categoryName":1} found. This is often due to declaring an index using both "index: true" and "schema.index()". Please remove the duplicate index definition.
2026-04-15 15:51:29 [ERROR]: (node:19112) [MONGOOSE] Warning: Duplicate schema index on {"id":1} found. This is often due to declaring an index using both "index: true" and "schema.index()". Please remove the duplicate index definition.
2026-04-15 15:51:29 [ERROR]: (node:19112) [MONGOOSE] Warning: Duplicate schema index on {"location_id":1} found. This is often due to declaring an index using both "index: true" and "schema.index()". Please remove the duplicate index definition.
2026-04-15 15:51:29 [ERROR]: (node:19112) [MONGOOSE] Warning: Duplicate schema index on {"slug":1} found. This is often due to declaring an index using both "index: true" and "schema.index()". Please remove the duplicate index definition.
2026-04-15 15:51:29 [ERROR]: (node:19112) [MONGOOSE] Warning: Duplicate schema index on {"location_id":1} found. This is often due to declaring an index using both "index: true" and "schema.index()". Please remove the duplicate index definition.
2026-04-15 15:51:29 [ERROR]: (node:19112) [MONGOOSE] Warning: Duplicate schema index on {"categoryName":1} found. This is often due to declaring an index using both "index: true" and "schema.index()". Please remove the duplicate index definition.
2026-04-15 15:52:33 [ERROR]: (node:1656) [MONGOOSE] Warning: Duplicate schema index on {"agentId":1} found. This is often due to declaring an index using both "index: true" and "schema.index()". Please remove the duplicate index definition.
(Use `node --trace-warnings ...` to show where the warning was created)
2026-04-15 15:52:33 [ERROR]: (node:1656) [MONGOOSE] Warning: Duplicate schema index on {"id":1} found. This is often due to declaring an index using both "index: true" and "schema.index()". Please remove the duplicate index definition.
2026-04-15 15:52:33 [ERROR]: (node:1656) [MONGOOSE] Warning: Duplicate schema index on {"location_id":1} found. This is often due to declaring an index using both "index: true" and "schema.index()". Please remove the duplicate index definition.
2026-04-15 15:52:33 [ERROR]: (node:1656) [MONGOOSE] Warning: Duplicate schema index on {"slug":1} found. This is often due to declaring an index using both "index: true" and "schema.index()". Please remove the duplicate index definition.
2026-04-15 15:52:33 [ERROR]: (node:1656) [MONGOOSE] Warning: Duplicate schema index on {"location_id":1} found. This is often due to declaring an index using both "index: true" and "schema.index()". Please remove the duplicate index definition.
2026-04-15 15:52:33 [ERROR]: (node:1656) [MONGOOSE] Warning: Duplicate schema index on {"categoryName":1} found. This is often due to declaring an index using both "index: true" and "schema.index()". Please remove the duplicate index definition.
2026-04-15 15:52:33 [ERROR]: (node:20012) [MONGOOSE] Warning: Duplicate schema index on {"agentId":1} found. This is often due to declaring an index using both "index: true" and "schema.index()". Please remove the duplicate index definition.
(Use `node --trace-warnings ...` to show where the warning was created)
2026-04-15 15:52:33 [ERROR]: (node:20012) [MONGOOSE] Warning: Duplicate schema index on {"id":1} found. This is often due to declaring an index using both "index: true" and "schema.index()". Please remove the duplicate index definition.
2026-04-15 15:52:33 [ERROR]: (node:20012) [MONGOOSE] Warning: Duplicate schema index on {"location_id":1} found. This is often due to declaring an index using both "index: true" and "schema.index()". Please remove the duplicate index definition.
2026-04-15 15:52:33 [ERROR]: (node:20012) [MONGOOSE] Warning: Duplicate schema index on {"slug":1} found. This is often due to declaring an index using both "index: true" and "schema.index()". Please remove the duplicate index definition.
2026-04-15 15:52:33 [ERROR]: (node:20012) [MONGOOSE] Warning: Duplicate schema index on {"location_id":1} found. This is often due to declaring an index using both "index: true" and "schema.index()". Please remove the duplicate index definition.
2026-04-15 15:52:33 [ERROR]: (node:20012) [MONGOOSE] Warning: Duplicate schema index on {"categoryName":1} found. This is often due to declaring an index using both "index: true" and "schema.index()". Please remove the duplicate index definition.
2026-04-15 15:52:42 [ERROR]: (node:19864) [MONGOOSE] Warning: Duplicate schema index on {"agentId":1} found. This is often due to declaring an index using both "index: true" and "schema.index()". Please remove the duplicate index definition.
(Use `node --trace-warnings ...` to show where the warning was created)
2026-04-15 15:52:42 [ERROR]: (node:19864) [MONGOOSE] Warning: Duplicate schema index on {"id":1} found. This is often due to declaring an index using both "index: true" and "schema.index()". Please remove the duplicate index definition.
2026-04-15 15:52:42 [ERROR]: (node:19864) [MONGOOSE] Warning: Duplicate schema index on {"location_id":1} found. This is often due to declaring an index using both "index: true" and "schema.index()". Please remove the duplicate index definition.
2026-04-15 15:52:42 [ERROR]: (node:19864) [MONGOOSE] Warning: Duplicate schema index on {"slug":1} found. This is often due to declaring an index using both "index: true" and "schema.index()". Please remove the duplicate index definition.
2026-04-15 15:52:42 [ERROR]: (node:19864) [MONGOOSE] Warning: Duplicate schema index on {"location_id":1} found. This is often due to declaring an index using both "index: true" and "schema.index()". Please remove the duplicate index definition.
2026-04-15 15:52:42 [ERROR]: (node:19864) [MONGOOSE] Warning: Duplicate schema index on {"categoryName":1} found. This is often due to declaring an index using both "index: true" and "schema.index()". Please remove the duplicate index definition.
2026-04-15 15:52:42 [ERROR]: (node:6928) [MONGOOSE] Warning: Duplicate schema index on {"agentId":1} found. This is often due to declaring an index using both "index: true" and "schema.index()". Please remove the duplicate index definition.
(Use `node --trace-warnings ...` to show where the warning was created)
2026-04-15 15:52:42 [ERROR]: (node:6928) [MONGOOSE] Warning: Duplicate schema index on {"id":1} found. This is often due to declaring an index using both "index: true" and "schema.index()". Please remove the duplicate index definition.
2026-04-15 15:52:42 [ERROR]: (node:6928) [MONGOOSE] Warning: Duplicate schema index on {"location_id":1} found. This is often due to declaring an index using both "index: true" and "schema.index()". Please remove the duplicate index definition.
2026-04-15 15:52:42 [ERROR]: (node:6928) [MONGOOSE] Warning: Duplicate schema index on {"slug":1} found. This is often due to declaring an index using both "index: true" and "schema.index()". Please remove the duplicate index definition.
2026-04-15 15:52:42 [ERROR]: (node:6928) [MONGOOSE] Warning: Duplicate schema index on {"location_id":1} found. This is often due to declaring an index using both "index: true" and "schema.index()". Please remove the duplicate index definition.
2026-04-15 15:52:42 [ERROR]: (node:6928) [MONGOOSE] Warning: Duplicate schema index on {"categoryName":1} found. This is often due to declaring an index using both "index: true" and "schema.index()". Please remove the duplicate index definition.
2026-04-15 16:10:48 [ERROR]: (node:11568) [MONGOOSE] Warning: Duplicate schema index on {"agentId":1} found. This is often due to declaring an index using both "index: true" and "schema.index()". Please remove the duplicate index definition.
(Use `node --trace-warnings ...` to show where the warning was created)
2026-04-15 16:10:48 [ERROR]: (node:11568) [MONGOOSE] Warning: Duplicate schema index on {"id":1} found. This is often due to declaring an index using both "index: true" and "schema.index()". Please remove the duplicate index definition.
2026-04-15 16:10:48 [ERROR]: (node:11568) [MONGOOSE] Warning: Duplicate schema index on {"location_id":1} found. This is often due to declaring an index using both "index: true" and "schema.index()". Please remove the duplicate index definition.
2026-04-15 16:10:48 [ERROR]: (node:11568) [MONGOOSE] Warning: Duplicate schema index on {"slug":1} found. This is often due to declaring an index using both "index: true" and "schema.index()". Please remove the duplicate index definition.
2026-04-15 16:10:48 [ERROR]: (node:11568) [MONGOOSE] Warning: Duplicate schema index on {"location_id":1} found. This is often due to declaring an index using both "index: true" and "schema.index()". Please remove the duplicate index definition.
2026-04-15 16:10:48 [ERROR]: (node:11568) [MONGOOSE] Warning: Duplicate schema index on {"categoryName":1} found. This is often due to declaring an index using both "index: true" and "schema.index()". Please remove the duplicate index definition.
2026-04-15 16:10:48 [ERROR]: (node:3392) [MONGOOSE] Warning: Duplicate schema index on {"agentId":1} found. This is often due to declaring an index using both "index: true" and "schema.index()". Please remove the duplicate index definition.
(Use `node --trace-warnings ...` to show where the warning was created)
2026-04-15 16:10:48 [ERROR]: (node:3392) [MONGOOSE] Warning: Duplicate schema index on {"id":1} found. This is often due to declaring an index using both "index: true" and "schema.index()". Please remove the duplicate index definition.
2026-04-15 16:10:48 [ERROR]: (node:3392) [MONGOOSE] Warning: Duplicate schema index on {"location_id":1} found. This is often due to declaring an index using both "index: true" and "schema.index()". Please remove the duplicate index definition.
2026-04-15 16:10:48 [ERROR]: (node:3392) [MONGOOSE] Warning: Duplicate schema index on {"slug":1} found. This is often due to declaring an index using both "index: true" and "schema.index()". Please remove the duplicate index definition.
2026-04-15 16:10:48 [ERROR]: (node:3392) [MONGOOSE] Warning: Duplicate schema index on {"location_id":1} found. This is often due to declaring an index using both "index: true" and "schema.index()". Please remove the duplicate index definition.
2026-04-15 16:10:48 [ERROR]: (node:3392) [MONGOOSE] Warning: Duplicate schema index on {"categoryName":1} found. This is often due to declaring an index using both "index: true" and "schema.index()". Please remove the duplicate index definition.
2026-04-15 16:12:10 [ERROR]: (node:15644) [MONGOOSE] Warning: Duplicate schema index on {"agentId":1} found. This is often due to declaring an index using both "index: true" and "schema.index()". Please remove the duplicate index definition.
(Use `node --trace-warnings ...` to show where the warning was created)
2026-04-15 16:12:10 [ERROR]: (node:15644) [MONGOOSE] Warning: Duplicate schema index on {"id":1} found. This is often due to declaring an index using both "index: true" and "schema.index()". Please remove the duplicate index definition.
2026-04-15 16:12:10 [ERROR]: (node:15644) [MONGOOSE] Warning: Duplicate schema index on {"location_id":1} found. This is often due to declaring an index using both "index: true" and "schema.index()". Please remove the duplicate index definition.
2026-04-15 16:12:10 [ERROR]: (node:15644) [MONGOOSE] Warning: Duplicate schema index on {"slug":1} found. This is often due to declaring an index using both "index: true" and "schema.index()". Please remove the duplicate index definition.
2026-04-15 16:12:10 [ERROR]: (node:15644) [MONGOOSE] Warning: Duplicate schema index on {"location_id":1} found. This is often due to declaring an index using both "index: true" and "schema.index()". Please remove the duplicate index definition.
2026-04-15 16:12:10 [ERROR]: (node:15644) [MONGOOSE] Warning: Duplicate schema index on {"categoryName":1} found. This is often due to declaring an index using both "index: true" and "schema.index()". Please remove the duplicate index definition.
2026-04-15 16:12:10 [ERROR]: (node:11520) [MONGOOSE] Warning: Duplicate schema index on {"agentId":1} found. This is often due to declaring an index using both "index: true" and "schema.index()". Please remove the duplicate index definition.
(Use `node --trace-warnings ...` to show where the warning was created)
2026-04-15 16:12:10 [ERROR]: (node:11520) [MONGOOSE] Warning: Duplicate schema index on {"id":1} found. This is often due to declaring an index using both "index: true" and "schema.index()". Please remove the duplicate index definition.
2026-04-15 16:12:10 [ERROR]: (node:11520) [MONGOOSE] Warning: Duplicate schema index on {"location_id":1} found. This is often due to declaring an index using both "index: true" and "schema.index()". Please remove the duplicate index definition.
2026-04-15 16:12:10 [ERROR]: (node:11520) [MONGOOSE] Warning: Duplicate schema index on {"slug":1} found. This is often due to declaring an index using both "index: true" and "schema.index()". Please remove the duplicate index definition.
2026-04-15 16:12:10 [ERROR]: (node:11520) [MONGOOSE] Warning: Duplicate schema index on {"location_id":1} found. This is often due to declaring an index using both "index: true" and "schema.index()". Please remove the duplicate index definition.
2026-04-15 16:12:10 [ERROR]: (node:11520) [MONGOOSE] Warning: Duplicate schema index on {"categoryName":1} found. This is often due to declaring an index using both "index: true" and "schema.index()". Please remove the duplicate index definition.
2026-04-15 16:12:31 [ERROR]: (node:17452) [MONGOOSE] Warning: Duplicate schema index on {"agentId":1} found. This is often due to declaring an index using both "index: true" and "schema.index()". Please remove the duplicate index definition.
(Use `node --trace-warnings ...` to show where the warning was created)
2026-04-15 16:12:31 [ERROR]: (node:17452) [MONGOOSE] Warning: Duplicate schema index on {"id":1} found. This is often due to declaring an index using both "index: true" and "schema.index()". Please remove the duplicate index definition.
2026-04-15 16:12:31 [ERROR]: (node:17452) [MONGOOSE] Warning: Duplicate schema index on {"location_id":1} found. This is often due to declaring an index using both "index: true" and "schema.index()". Please remove the duplicate index definition.
2026-04-15 16:12:31 [ERROR]: (node:17452) [MONGOOSE] Warning: Duplicate schema index on {"slug":1} found. This is often due to declaring an index using both "index: true" and "schema.index()". Please remove the duplicate index definition.
2026-04-15 16:12:31 [ERROR]: (node:17452) [MONGOOSE] Warning: Duplicate schema index on {"location_id":1} found. This is often due to declaring an index using both "index: true" and "schema.index()". Please remove the duplicate index definition.
2026-04-15 16:12:31 [ERROR]: (node:17452) [MONGOOSE] Warning: Duplicate schema index on {"categoryName":1} found. This is often due to declaring an index using both "index: true" and "schema.index()". Please remove the duplicate index definition.
2026-04-15 16:12:31 [ERROR]: (node:16760) [MONGOOSE] Warning: Duplicate schema index on {"agentId":1} found. This is often due to declaring an index using both "index: true" and "schema.index()". Please remove the duplicate index definition.
(Use `node --trace-warnings ...` to show where the warning was created)
2026-04-15 16:12:31 [ERROR]: (node:16760) [MONGOOSE] Warning: Duplicate schema index on {"id":1} found. This is often due to declaring an index using both "index: true" and "schema.index()". Please remove the duplicate index definition.
2026-04-15 16:12:31 [ERROR]: (node:16760) [MONGOOSE] Warning: Duplicate schema index on {"location_id":1} found. This is often due to declaring an index using both "index: true" and "schema.index()". Please remove the duplicate index definition.
2026-04-15 16:12:31 [ERROR]: (node:16760) [MONGOOSE] Warning: Duplicate schema index on {"slug":1} found. This is often due to declaring an index using both "index: true" and "schema.index()". Please remove the duplicate index definition.
2026-04-15 16:12:31 [ERROR]: (node:16760) [MONGOOSE] Warning: Duplicate schema index on {"location_id":1} found. This is often due to declaring an index using both "index: true" and "schema.index()". Please remove the duplicate index definition.
2026-04-15 16:12:31 [ERROR]: (node:16760) [MONGOOSE] Warning: Duplicate schema index on {"categoryName":1} found. This is often due to declaring an index using both "index: true" and "schema.index()". Please remove the duplicate index definition.
2026-04-15 16:12:38 [ERROR]: (node:1308) [MONGOOSE] Warning: Duplicate schema index on {"agentId":1} found. This is often due to declaring an index using both "index: true" and "schema.index()". Please remove the duplicate index definition.
(Use `node --trace-warnings ...` to show where the warning was created)
2026-04-15 16:12:38 [ERROR]: (node:2176) [MONGOOSE] Warning: Duplicate schema index on {"agentId":1} found. This is often due to declaring an index using both "index: true" and "schema.index()". Please remove the duplicate index definition.
(Use `node --trace-warnings ...` to show where the warning was created)
2026-04-15 16:12:38 [ERROR]: (node:1308) [MONGOOSE] Warning: Duplicate schema index on {"id":1} found. This is often due to declaring an index using both "index: true" and "schema.index()". Please remove the duplicate index definition.
2026-04-15 16:12:38 [ERROR]: (node:1308) [MONGOOSE] Warning: Duplicate schema index on {"location_id":1} found. This is often due to declaring an index using both "index: true" and "schema.index()". Please remove the duplicate index definition.
2026-04-15 16:12:38 [ERROR]: (node:1308) [MONGOOSE] Warning: Duplicate schema index on {"slug":1} found. This is often due to declaring an index using both "index: true" and "schema.index()". Please remove the duplicate index definition.
2026-04-15 16:12:38 [ERROR]: (node:1308) [MONGOOSE] Warning: Duplicate schema index on {"location_id":1} found. This is often due to declaring an index using both "index: true" and "schema.index()". Please remove the duplicate index definition.
2026-04-15 16:12:38 [ERROR]: (node:1308) [MONGOOSE] Warning: Duplicate schema index on {"categoryName":1} found. This is often due to declaring an index using both "index: true" and "schema.index()". Please remove the duplicate index definition.
2026-04-15 16:12:38 [ERROR]: (node:2176) [MONGOOSE] Warning: Duplicate schema index on {"id":1} found. This is often due to declaring an index using both "index: true" and "schema.index()". Please remove the duplicate index definition.
2026-04-15 16:12:38 [ERROR]: (node:2176) [MONGOOSE] Warning: Duplicate schema index on {"location_id":1} found. This is often due to declaring an index using both "index: true" and "schema.index()". Please remove the duplicate index definition.
2026-04-15 16:12:38 [ERROR]: (node:2176) [MONGOOSE] Warning: Duplicate schema index on {"slug":1} found. This is often due to declaring an index using both "index: true" and "schema.index()". Please remove the duplicate index definition.
2026-04-15 16:12:38 [ERROR]: (node:2176) [MONGOOSE] Warning: Duplicate schema index on {"location_id":1} found. This is often due to declaring an index using both "index: true" and "schema.index()". Please remove the duplicate index definition.
2026-04-15 16:12:38 [ERROR]: (node:2176) [MONGOOSE] Warning: Duplicate schema index on {"categoryName":1} found. This is often due to declaring an index using both "index: true" and "schema.index()". Please remove the duplicate index definition.
2026-04-15 16:12:42 [ERROR]: (node:19760) [MONGOOSE] Warning: Duplicate schema index on {"agentId":1} found. This is often due to declaring an index using both "index: true" and "schema.index()". Please remove the duplicate index definition.
(Use `node --trace-warnings ...` to show where the warning was created)
2026-04-15 16:12:42 [ERROR]: (node:19760) [MONGOOSE] Warning: Duplicate schema index on {"id":1} found. This is often due to declaring an index using both "index: true" and "schema.index()". Please remove the duplicate index definition.
2026-04-15 16:12:42 [ERROR]: (node:19760) [MONGOOSE] Warning: Duplicate schema index on {"location_id":1} found. This is often due to declaring an index using both "index: true" and "schema.index()". Please remove the duplicate index definition.
2026-04-15 16:12:42 [ERROR]: (node:19760) [MONGOOSE] Warning: Duplicate schema index on {"slug":1} found. This is often due to declaring an index using both "index: true" and "schema.index()". Please remove the duplicate index definition.
2026-04-15 16:12:42 [ERROR]: (node:19760) [MONGOOSE] Warning: Duplicate schema index on {"location_id":1} found. This is often due to declaring an index using both "index: true" and "schema.index()". Please remove the duplicate index definition.
2026-04-15 16:12:42 [ERROR]: (node:19760) [MONGOOSE] Warning: Duplicate schema index on {"categoryName":1} found. This is often due to declaring an index using both "index: true" and "schema.index()". Please remove the duplicate index definition.
2026-04-15 16:12:42 [ERROR]: (node:13060) [MONGOOSE] Warning: Duplicate schema index on {"agentId":1} found. This is often due to declaring an index using both "index: true" and "schema.index()". Please remove the duplicate index definition.
(Use `node --trace-warnings ...` to show where the warning was created)
2026-04-15 16:12:42 [ERROR]: (node:13060) [MONGOOSE] Warning: Duplicate schema index on {"id":1} found. This is often due to declaring an index using both "index: true" and "schema.index()". Please remove the duplicate index definition.
2026-04-15 16:12:42 [ERROR]: (node:13060) [MONGOOSE] Warning: Duplicate schema index on {"location_id":1} found. This is often due to declaring an index using both "index: true" and "schema.index()". Please remove the duplicate index definition.
2026-04-15 16:12:42 [ERROR]: (node:13060) [MONGOOSE] Warning: Duplicate schema index on {"slug":1} found. This is often due to declaring an index using both "index: true" and "schema.index()". Please remove the duplicate index definition.
2026-04-15 16:12:42 [ERROR]: (node:13060) [MONGOOSE] Warning: Duplicate schema index on {"location_id":1} found. This is often due to declaring an index using both "index: true" and "schema.index()". Please remove the duplicate index definition.
2026-04-15 16:12:42 [ERROR]: (node:13060) [MONGOOSE] Warning: Duplicate schema index on {"categoryName":1} found. This is often due to declaring an index using both "index: true" and "schema.index()". Please remove the duplicate index definition.
2026-04-15 16:13:19 [ERROR]: (node:14780) [MONGOOSE] Warning: Duplicate schema index on {"agentId":1} found. This is often due to declaring an index using both "index: true" and "schema.index()". Please remove the duplicate index definition.
(Use `node --trace-warnings ...` to show where the warning was created)
2026-04-15 16:13:19 [ERROR]: (node:14780) [MONGOOSE] Warning: Duplicate schema index on {"id":1} found. This is often due to declaring an index using both "index: true" and "schema.index()". Please remove the duplicate index definition.
2026-04-15 16:13:19 [ERROR]: (node:14780) [MONGOOSE] Warning: Duplicate schema index on {"location_id":1} found. This is often due to declaring an index using both "index: true" and "schema.index()". Please remove the duplicate index definition.
2026-04-15 16:13:19 [ERROR]: (node:14780) [MONGOOSE] Warning: Duplicate schema index on {"slug":1} found. This is often due to declaring an index using both "index: true" and "schema.index()". Please remove the duplicate index definition.
2026-04-15 16:13:19 [ERROR]: (node:14780) [MONGOOSE] Warning: Duplicate schema index on {"location_id":1} found. This is often due to declaring an index using both "index: true" and "schema.index()". Please remove the duplicate index definition.
2026-04-15 16:13:19 [ERROR]: (node:14780) [MONGOOSE] Warning: Duplicate schema index on {"categoryName":1} found. This is often due to declaring an index using both "index: true" and "schema.index()". Please remove the duplicate index definition.
2026-04-15 16:13:19 [ERROR]: (node:18196) [MONGOOSE] Warning: Duplicate schema index on {"agentId":1} found. This is often due to declaring an index using both "index: true" and "schema.index()". Please remove the duplicate index definition.
(Use `node --trace-warnings ...` to show where the warning was created)
2026-04-15 16:13:19 [ERROR]: (node:18196) [MONGOOSE] Warning: Duplicate schema index on {"id":1} found. This is often due to declaring an index using both "index: true" and "schema.index()". Please remove the duplicate index definition.
2026-04-15 16:13:19 [ERROR]: (node:18196) [MONGOOSE] Warning: Duplicate schema index on {"location_id":1} found. This is often due to declaring an index using both "index: true" and "schema.index()". Please remove the duplicate index definition.
2026-04-15 16:13:19 [ERROR]: (node:18196) [MONGOOSE] Warning: Duplicate schema index on {"slug":1} found. This is often due to declaring an index using both "index: true" and "schema.index()". Please remove the duplicate index definition.
2026-04-15 16:13:19 [ERROR]: (node:18196) [MONGOOSE] Warning: Duplicate schema index on {"location_id":1} found. This is often due to declaring an index using both "index: true" and "schema.index()". Please remove the duplicate index definition.
2026-04-15 16:13:19 [ERROR]: (node:18196) [MONGOOSE] Warning: Duplicate schema index on {"categoryName":1} found. This is often due to declaring an index using both "index: true" and "schema.index()". Please remove the duplicate index definition.
2026-04-15 16:13:47 [ERROR]: (node:1436) [MONGOOSE] Warning: Duplicate schema index on {"agentId":1} found. This is often due to declaring an index using both "index: true" and "schema.index()". Please remove the duplicate index definition.
(Use `node --trace-warnings ...` to show where the warning was created)
2026-04-15 16:13:47 [ERROR]: (node:1436) [MONGOOSE] Warning: Duplicate schema index on {"id":1} found. This is often due to declaring an index using both "index: true" and "schema.index()". Please remove the duplicate index definition.
2026-04-15 16:13:47 [ERROR]: (node:1436) [MONGOOSE] Warning: Duplicate schema index on {"location_id":1} found. This is often due to declaring an index using both "index: true" and "schema.index()". Please remove the duplicate index definition.
2026-04-15 16:13:47 [ERROR]: (node:1436) [MONGOOSE] Warning: Duplicate schema index on {"slug":1} found. This is often due to declaring an index using both "index: true" and "schema.index()". Please remove the duplicate index definition.
2026-04-15 16:13:47 [ERROR]: (node:1436) [MONGOOSE] Warning: Duplicate schema index on {"location_id":1} found. This is often due to declaring an index using both "index: true" and "schema.index()". Please remove the duplicate index definition.
2026-04-15 16:13:47 [ERROR]: (node:1436) [MONGOOSE] Warning: Duplicate schema index on {"categoryName":1} found. This is often due to declaring an index using both "index: true" and "schema.index()". Please remove the duplicate index definition.
2026-04-15 16:13:47 [ERROR]: (node:13260) [MONGOOSE] Warning: Duplicate schema index on {"agentId":1} found. This is often due to declaring an index using both "index: true" and "schema.index()". Please remove the duplicate index definition.
(Use `node --trace-warnings ...` to show where the warning was created)
2026-04-15 16:13:47 [ERROR]: (node:13260) [MONGOOSE] Warning: Duplicate schema index on {"id":1} found. This is often due to declaring an index using both "index: true" and "schema.index()". Please remove the duplicate index definition.
2026-04-15 16:13:47 [ERROR]: (node:13260) [MONGOOSE] Warning: Duplicate schema index on {"location_id":1} found. This is often due to declaring an index using both "index: true" and "schema.index()". Please remove the duplicate index definition.
2026-04-15 16:13:47 [ERROR]: (node:13260) [MONGOOSE] Warning: Duplicate schema index on {"slug":1} found. This is often due to declaring an index using both "index: true" and "schema.index()". Please remove the duplicate index definition.
2026-04-15 16:13:47 [ERROR]: (node:13260) [MONGOOSE] Warning: Duplicate schema index on {"location_id":1} found. This is often due to declaring an index using both "index: true" and "schema.index()". Please remove the duplicate index definition.
2026-04-15 16:13:47 [ERROR]: (node:13260) [MONGOOSE] Warning: Duplicate schema index on {"categoryName":1} found. This is often due to declaring an index using both "index: true" and "schema.index()". Please remove the duplicate index definition.
2026-04-15 16:15:48 [ERROR]: (node:3392) [MONGOOSE] Warning: Duplicate schema index on {"agentId":1} found. This is often due to declaring an index using both "index: true" and "schema.index()". Please remove the duplicate index definition.
(Use `node --trace-warnings ...` to show where the warning was created)
2026-04-15 16:15:48 [ERROR]: (node:3392) [MONGOOSE] Warning: Duplicate schema index on {"id":1} found. This is often due to declaring an index using both "index: true" and "schema.index()". Please remove the duplicate index definition.
2026-04-15 16:15:48 [ERROR]: (node:3392) [MONGOOSE] Warning: Duplicate schema index on {"location_id":1} found. This is often due to declaring an index using both "index: true" and "schema.index()". Please remove the duplicate index definition.
2026-04-15 16:15:48 [ERROR]: (node:3392) [MONGOOSE] Warning: Duplicate schema index on {"slug":1} found. This is often due to declaring an index using both "index: true" and "schema.index()". Please remove the duplicate index definition.
2026-04-15 16:15:48 [ERROR]: (node:3392) [MONGOOSE] Warning: Duplicate schema index on {"location_id":1} found. This is often due to declaring an index using both "index: true" and "schema.index()". Please remove the duplicate index definition.
2026-04-15 16:15:48 [ERROR]: (node:3392) [MONGOOSE] Warning: Duplicate schema index on {"categoryName":1} found. This is often due to declaring an index using both "index: true" and "schema.index()". Please remove the duplicate index definition.
2026-04-15 16:15:48 [ERROR]: (node:9884) [MONGOOSE] Warning: Duplicate schema index on {"agentId":1} found. This is often due to declaring an index using both "index: true" and "schema.index()". Please remove the duplicate index definition.
(Use `node --trace-warnings ...` to show where the warning was created)
2026-04-15 16:15:48 [ERROR]: (node:9884) [MONGOOSE] Warning: Duplicate schema index on {"id":1} found. This is often due to declaring an index using both "index: true" and "schema.index()". Please remove the duplicate index definition.
2026-04-15 16:15:48 [ERROR]: (node:9884) [MONGOOSE] Warning: Duplicate schema index on {"location_id":1} found. This is often due to declaring an index using both "index: true" and "schema.index()". Please remove the duplicate index definition.
2026-04-15 16:15:48 [ERROR]: (node:9884) [MONGOOSE] Warning: Duplicate schema index on {"slug":1} found. This is often due to declaring an index using both "index: true" and "schema.index()". Please remove the duplicate index definition.
2026-04-15 16:15:48 [ERROR]: (node:9884) [MONGOOSE] Warning: Duplicate schema index on {"location_id":1} found. This is often due to declaring an index using both "index: true" and "schema.index()". Please remove the duplicate index definition.
2026-04-15 16:15:48 [ERROR]: (node:9884) [MONGOOSE] Warning: Duplicate schema index on {"categoryName":1} found. This is often due to declaring an index using both "index: true" and "schema.index()". Please remove the duplicate index definition.
2026-04-15 16:16:04 [ERROR]: (node:10280) [MONGOOSE] Warning: Duplicate schema index on {"agentId":1} found. This is often due to declaring an index using both "index: true" and "schema.index()". Please remove the duplicate index definition.
(Use `node --trace-warnings ...` to show where the warning was created)
2026-04-15 16:16:04 [ERROR]: (node:10280) [MONGOOSE] Warning: Duplicate schema index on {"id":1} found. This is often due to declaring an index using both "index: true" and "schema.index()". Please remove the duplicate index definition.
2026-04-15 16:16:04 [ERROR]: (node:10280) [MONGOOSE] Warning: Duplicate schema index on {"location_id":1} found. This is often due to declaring an index using both "index: true" and "schema.index()". Please remove the duplicate index definition.
2026-04-15 16:16:04 [ERROR]: (node:10280) [MONGOOSE] Warning: Duplicate schema index on {"slug":1} found. This is often due to declaring an index using both "index: true" and "schema.index()". Please remove the duplicate index definition.
2026-04-15 16:16:04 [ERROR]: (node:10280) [MONGOOSE] Warning: Duplicate schema index on {"location_id":1} found. This is often due to declaring an index using both "index: true" and "schema.index()". Please remove the duplicate index definition.
2026-04-15 16:16:04 [ERROR]: (node:10280) [MONGOOSE] Warning: Duplicate schema index on {"categoryName":1} found. This is often due to declaring an index using both "index: true" and "schema.index()". Please remove the duplicate index definition.
2026-04-15 16:16:04 [ERROR]: (node:9540) [MONGOOSE] Warning: Duplicate schema index on {"agentId":1} found. This is often due to declaring an index using both "index: true" and "schema.index()". Please remove the duplicate index definition.
(Use `node --trace-warnings ...` to show where the warning was created)
2026-04-15 16:16:04 [ERROR]: (node:9540) [MONGOOSE] Warning: Duplicate schema index on {"id":1} found. This is often due to declaring an index using both "index: true" and "schema.index()". Please remove the duplicate index definition.
2026-04-15 16:16:04 [ERROR]: (node:9540) [MONGOOSE] Warning: Duplicate schema index on {"location_id":1} found. This is often due to declaring an index using both "index: true" and "schema.index()". Please remove the duplicate index definition.
2026-04-15 16:16:04 [ERROR]: (node:9540) [MONGOOSE] Warning: Duplicate schema index on {"slug":1} found. This is often due to declaring an index using both "index: true" and "schema.index()". Please remove the duplicate index definition.
2026-04-15 16:16:04 [ERROR]: (node:9540) [MONGOOSE] Warning: Duplicate schema index on {"location_id":1} found. This is often due to declaring an index using both "index: true" and "schema.index()". Please remove the duplicate index definition.
2026-04-15 16:16:04 [ERROR]: (node:9540) [MONGOOSE] Warning: Duplicate schema index on {"categoryName":1} found. This is often due to declaring an index using both "index: true" and "schema.index()". Please remove the duplicate index definition.
2026-04-15 16:16:07 [ERROR]: (node:776) [MONGOOSE] Warning: Duplicate schema index on {"agentId":1} found. This is often due to declaring an index using both "index: true" and "schema.index()". Please remove the duplicate index definition.
(Use `node --trace-warnings ...` to show where the warning was created)
2026-04-15 16:16:07 [ERROR]: (node:776) [MONGOOSE] Warning: Duplicate schema index on {"id":1} found. This is often due to declaring an index using both "index: true" and "schema.index()". Please remove the duplicate index definition.
2026-04-15 16:16:07 [ERROR]: (node:776) [MONGOOSE] Warning: Duplicate schema index on {"location_id":1} found. This is often due to declaring an index using both "index: true" and "schema.index()". Please remove the duplicate index definition.
2026-04-15 16:16:07 [ERROR]: (node:776) [MONGOOSE] Warning: Duplicate schema index on {"slug":1} found. This is often due to declaring an index using both "index: true" and "schema.index()". Please remove the duplicate index definition.
2026-04-15 16:16:07 [ERROR]: (node:776) [MONGOOSE] Warning: Duplicate schema index on {"location_id":1} found. This is often due to declaring an index using both "index: true" and "schema.index()". Please remove the duplicate index definition.
2026-04-15 16:16:07 [ERROR]: (node:776) [MONGOOSE] Warning: Duplicate schema index on {"categoryName":1} found. This is often due to declaring an index using both "index: true" and "schema.index()". Please remove the duplicate index definition.
2026-04-15 16:16:07 [ERROR]: (node:14872) [MONGOOSE] Warning: Duplicate schema index on {"agentId":1} found. This is often due to declaring an index using both "index: true" and "schema.index()". Please remove the duplicate index definition.
(Use `node --trace-warnings ...` to show where the warning was created)
2026-04-15 16:16:07 [ERROR]: (node:14872) [MONGOOSE] Warning: Duplicate schema index on {"id":1} found. This is often due to declaring an index using both "index: true" and "schema.index()". Please remove the duplicate index definition.
2026-04-15 16:16:07 [ERROR]: (node:14872) [MONGOOSE] Warning: Duplicate schema index on {"location_id":1} found. This is often due to declaring an index using both "index: true" and "schema.index()". Please remove the duplicate index definition.
2026-04-15 16:16:07 [ERROR]: (node:14872) [MONGOOSE] Warning: Duplicate schema index on {"slug":1} found. This is often due to declaring an index using both "index: true" and "schema.index()". Please remove the duplicate index definition.
2026-04-15 16:16:07 [ERROR]: (node:14872) [MONGOOSE] Warning: Duplicate schema index on {"location_id":1} found. This is often due to declaring an index using both "index: true" and "schema.index()". Please remove the duplicate index definition.
2026-04-15 16:16:08 [ERROR]: (node:14872) [MONGOOSE] Warning: Duplicate schema index on {"categoryName":1} found. This is often due to declaring an index using both "index: true" and "schema.index()". Please remove the duplicate index definition.
2026-04-15 16:16:23 [ERROR]: (node:15724) [MONGOOSE] Warning: Duplicate schema index on {"agentId":1} found. This is often due to declaring an index using both "index: true" and "schema.index()". Please remove the duplicate index definition.
(Use `node --trace-warnings ...` to show where the warning was created)
2026-04-15 16:16:23 [ERROR]: (node:15724) [MONGOOSE] Warning: Duplicate schema index on {"id":1} found. This is often due to declaring an index using both "index: true" and "schema.index()". Please remove the duplicate index definition.
2026-04-15 16:16:23 [ERROR]: (node:15724) [MONGOOSE] Warning: Duplicate schema index on {"location_id":1} found. This is often due to declaring an index using both "index: true" and "schema.index()". Please remove the duplicate index definition.
2026-04-15 16:16:23 [ERROR]: (node:15724) [MONGOOSE] Warning: Duplicate schema index on {"slug":1} found. This is often due to declaring an index using both "index: true" and "schema.index()". Please remove the duplicate index definition.
2026-04-15 16:16:23 [ERROR]: (node:15724) [MONGOOSE] Warning: Duplicate schema index on {"location_id":1} found. This is often due to declaring an index using both "index: true" and "schema.index()". Please remove the duplicate index definition.
2026-04-15 16:16:23 [ERROR]: (node:15724) [MONGOOSE] Warning: Duplicate schema index on {"categoryName":1} found. This is often due to declaring an index using both "index: true" and "schema.index()". Please remove the duplicate index definition.
2026-04-15 16:16:23 [ERROR]: (node:19028) [MONGOOSE] Warning: Duplicate schema index on {"agentId":1} found. This is often due to declaring an index using both "index: true" and "schema.index()". Please remove the duplicate index definition.
(Use `node --trace-warnings ...` to show where the warning was created)
2026-04-15 16:16:23 [ERROR]: (node:19028) [MONGOOSE] Warning: Duplicate schema index on {"id":1} found. This is often due to declaring an index using both "index: true" and "schema.index()". Please remove the duplicate index definition.
2026-04-15 16:16:23 [ERROR]: (node:19028) [MONGOOSE] Warning: Duplicate schema index on {"location_id":1} found. This is often due to declaring an index using both "index: true" and "schema.index()". Please remove the duplicate index definition.
2026-04-15 16:16:23 [ERROR]: (node:19028) [MONGOOSE] Warning: Duplicate schema index on {"slug":1} found. This is often due to declaring an index using both "index: true" and "schema.index()". Please remove the duplicate index definition.
2026-04-15 16:16:23 [ERROR]: (node:19028) [MONGOOSE] Warning: Duplicate schema index on {"location_id":1} found. This is often due to declaring an index using both "index: true" and "schema.index()". Please remove the duplicate index definition.
2026-04-15 16:16:23 [ERROR]: (node:19028) [MONGOOSE] Warning: Duplicate schema index on {"categoryName":1} found. This is often due to declaring an index using both "index: true" and "schema.index()". Please remove the duplicate index definition.
2026-04-15 16:16:32 [ERROR]: (node:8108) [MONGOOSE] Warning: Duplicate schema index on {"agentId":1} found. This is often due to declaring an index using both "index: true" and "schema.index()". Please remove the duplicate index definition.
(Use `node --trace-warnings ...` to show where the warning was created)
2026-04-15 16:16:32 [ERROR]: (node:8108) [MONGOOSE] Warning: Duplicate schema index on {"id":1} found. This is often due to declaring an index using both "index: true" and "schema.index()". Please remove the duplicate index definition.
2026-04-15 16:16:32 [ERROR]: (node:8108) [MONGOOSE] Warning: Duplicate schema index on {"location_id":1} found. This is often due to declaring an index using both "index: true" and "schema.index()". Please remove the duplicate index definition.
2026-04-15 16:16:32 [ERROR]: (node:8108) [MONGOOSE] Warning: Duplicate schema index on {"slug":1} found. This is often due to declaring an index using both "index: true" and "schema.index()". Please remove the duplicate index definition.
2026-04-15 16:16:32 [ERROR]: (node:8108) [MONGOOSE] Warning: Duplicate schema index on {"location_id":1} found. This is often due to declaring an index using both "index: true" and "schema.index()". Please remove the duplicate index definition.
2026-04-15 16:16:32 [ERROR]: (node:8108) [MONGOOSE] Warning: Duplicate schema index on {"categoryName":1} found. This is often due to declaring an index using both "index: true" and "schema.index()". Please remove the duplicate index definition.
2026-04-15 16:16:32 [ERROR]: (node:10988) [MONGOOSE] Warning: Duplicate schema index on {"agentId":1} found. This is often due to declaring an index using both "index: true" and "schema.index()". Please remove the duplicate index definition.
(Use `node --trace-warnings ...` to show where the warning was created)
2026-04-15 16:16:32 [ERROR]: (node:10988) [MONGOOSE] Warning: Duplicate schema index on {"id":1} found. This is often due to declaring an index using both "index: true" and "schema.index()". Please remove the duplicate index definition.
2026-04-15 16:16:32 [ERROR]: (node:10988) [MONGOOSE] Warning: Duplicate schema index on {"location_id":1} found. This is often due to declaring an index using both "index: true" and "schema.index()". Please remove the duplicate index definition.
2026-04-15 16:16:32 [ERROR]: (node:10988) [MONGOOSE] Warning: Duplicate schema index on {"slug":1} found. This is often due to declaring an index using both "index: true" and "schema.index()". Please remove the duplicate index definition.
2026-04-15 16:16:32 [ERROR]: (node:10988) [MONGOOSE] Warning: Duplicate schema index on {"location_id":1} found. This is often due to declaring an index using both "index: true" and "schema.index()". Please remove the duplicate index definition.
2026-04-15 16:16:32 [ERROR]: (node:10988) [MONGOOSE] Warning: Duplicate schema index on {"categoryName":1} found. This is often due to declaring an index using both "index: true" and "schema.index()". Please remove the duplicate index definition.
2026-04-15 16:16:45 [ERROR]: (node:2220) [MONGOOSE] Warning: Duplicate schema index on {"agentId":1} found. This is often due to declaring an index using both "index: true" and "schema.index()". Please remove the duplicate index definition.
(Use `node --trace-warnings ...` to show where the warning was created)
2026-04-15 16:16:45 [ERROR]: (node:2220) [MONGOOSE] Warning: Duplicate schema index on {"id":1} found. This is often due to declaring an index using both "index: true" and "schema.index()". Please remove the duplicate index definition.
2026-04-15 16:16:45 [ERROR]: (node:2220) [MONGOOSE] Warning: Duplicate schema index on {"location_id":1} found. This is often due to declaring an index using both "index: true" and "schema.index()". Please remove the duplicate index definition.
2026-04-15 16:16:45 [ERROR]: (node:2220) [MONGOOSE] Warning: Duplicate schema index on {"slug":1} found. This is often due to declaring an index using both "index: true" and "schema.index()". Please remove the duplicate index definition.
2026-04-15 16:16:45 [ERROR]: (node:2220) [MONGOOSE] Warning: Duplicate schema index on {"location_id":1} found. This is often due to declaring an index using both "index: true" and "schema.index()". Please remove the duplicate index definition.
2026-04-15 16:16:45 [ERROR]: (node:2220) [MONGOOSE] Warning: Duplicate schema index on {"categoryName":1} found. This is often due to declaring an index using both "index: true" and "schema.index()". Please remove the duplicate index definition.
2026-04-15 16:16:45 [ERROR]: (node:6792) [MONGOOSE] Warning: Duplicate schema index on {"agentId":1} found. This is often due to declaring an index using both "index: true" and "schema.index()". Please remove the duplicate index definition.
(Use `node --trace-warnings ...` to show where the warning was created)
2026-04-15 16:16:45 [ERROR]: (node:6792) [MONGOOSE] Warning: Duplicate schema index on {"id":1} found. This is often due to declaring an index using both "index: true" and "schema.index()". Please remove the duplicate index definition.
2026-04-15 16:16:45 [ERROR]: (node:6792) [MONGOOSE] Warning: Duplicate schema index on {"location_id":1} found. This is often due to declaring an index using both "index: true" and "schema.index()". Please remove the duplicate index definition.
2026-04-15 16:16:45 [ERROR]: (node:6792) [MONGOOSE] Warning: Duplicate schema index on {"slug":1} found. This is often due to declaring an index using both "index: true" and "schema.index()". Please remove the duplicate index definition.
2026-04-15 16:16:45 [ERROR]: (node:6792) [MONGOOSE] Warning: Duplicate schema index on {"location_id":1} found. This is often due to declaring an index using both "index: true" and "schema.index()". Please remove the duplicate index definition.
2026-04-15 16:16:45 [ERROR]: (node:6792) [MONGOOSE] Warning: Duplicate schema index on {"categoryName":1} found. This is often due to declaring an index using both "index: true" and "schema.index()". Please remove the duplicate index definition.
2026-04-15 16:16:48 [ERROR]: (node:10884) [MONGOOSE] Warning: Duplicate schema index on {"agentId":1} found. This is often due to declaring an index using both "index: true" and "schema.index()". Please remove the duplicate index definition.
(Use `node --trace-warnings ...` to show where the warning was created)
2026-04-15 16:16:48 [ERROR]: (node:10884) [MONGOOSE] Warning: Duplicate schema index on {"id":1} found. This is often due to declaring an index using both "index: true" and "schema.index()". Please remove the duplicate index definition.
2026-04-15 16:16:48 [ERROR]: (node:10884) [MONGOOSE] Warning: Duplicate schema index on {"location_id":1} found. This is often due to declaring an index using both "index: true" and "schema.index()". Please remove the duplicate index definition.
2026-04-15 16:16:48 [ERROR]: (node:10884) [MONGOOSE] Warning: Duplicate schema index on {"slug":1} found. This is often due to declaring an index using both "index: true" and "schema.index()". Please remove the duplicate index definition.
2026-04-15 16:16:48 [ERROR]: (node:10884) [MONGOOSE] Warning: Duplicate schema index on {"location_id":1} found. This is often due to declaring an index using both "index: true" and "schema.index()". Please remove the duplicate index definition.
2026-04-15 16:16:48 [ERROR]: (node:10884) [MONGOOSE] Warning: Duplicate schema index on {"categoryName":1} found. This is often due to declaring an index using both "index: true" and "schema.index()". Please remove the duplicate index definition.
2026-04-15 16:16:48 [ERROR]: (node:14992) [MONGOOSE] Warning: Duplicate schema index on {"agentId":1} found. This is often due to declaring an index using both "index: true" and "schema.index()". Please remove the duplicate index definition.
(Use `node --trace-warnings ...` to show where the warning was created)
2026-04-15 16:16:48 [ERROR]: (node:14992) [MONGOOSE] Warning: Duplicate schema index on {"id":1} found. This is often due to declaring an index using both "index: true" and "schema.index()". Please remove the duplicate index definition.
2026-04-15 16:16:48 [ERROR]: (node:14992) [MONGOOSE] Warning: Duplicate schema index on {"location_id":1} found. This is often due to declaring an index using both "index: true" and "schema.index()". Please remove the duplicate index definition.
2026-04-15 16:16:48 [ERROR]: (node:14992) [MONGOOSE] Warning: Duplicate schema index on {"slug":1} found. This is often due to declaring an index using both "index: true" and "schema.index()". Please remove the duplicate index definition.
2026-04-15 16:16:48 [ERROR]: (node:14992) [MONGOOSE] Warning: Duplicate schema index on {"location_id":1} found. This is often due to declaring an index using both "index: true" and "schema.index()". Please remove the duplicate index definition.
2026-04-15 16:16:48 [ERROR]: (node:14992) [MONGOOSE] Warning: Duplicate schema index on {"categoryName":1} found. This is often due to declaring an index using both "index: true" and "schema.index()". Please remove the duplicate index definition.
2026-04-15 16:17:00 [ERROR]: (node:15428) [MONGOOSE] Warning: Duplicate schema index on {"agentId":1} found. This is often due to declaring an index using both "index: true" and "schema.index()". Please remove the duplicate index definition.
(Use `node --trace-warnings ...` to show where the warning was created)
2026-04-15 16:17:00 [ERROR]: (node:15428) [MONGOOSE] Warning: Duplicate schema index on {"id":1} found. This is often due to declaring an index using both "index: true" and "schema.index()". Please remove the duplicate index definition.
2026-04-15 16:17:00 [ERROR]: (node:15428) [MONGOOSE] Warning: Duplicate schema index on {"location_id":1} found. This is often due to declaring an index using both "index: true" and "schema.index()". Please remove the duplicate index definition.
2026-04-15 16:17:00 [ERROR]: (node:15428) [MONGOOSE] Warning: Duplicate schema index on {"slug":1} found. This is often due to declaring an index using both "index: true" and "schema.index()". Please remove the duplicate index definition.
2026-04-15 16:17:00 [ERROR]: (node:15428) [MONGOOSE] Warning: Duplicate schema index on {"location_id":1} found. This is often due to declaring an index using both "index: true" and "schema.index()". Please remove the duplicate index definition.
2026-04-15 16:17:00 [ERROR]: (node:15428) [MONGOOSE] Warning: Duplicate schema index on {"categoryName":1} found. This is often due to declaring an index using both "index: true" and "schema.index()". Please remove the duplicate index definition.
2026-04-15 16:17:00 [ERROR]: (node:768) [MONGOOSE] Warning: Duplicate schema index on {"agentId":1} found. This is often due to declaring an index using both "index: true" and "schema.index()". Please remove the duplicate index definition.
(Use `node --trace-warnings ...` to show where the warning was created)
2026-04-15 16:17:00 [ERROR]: (node:768) [MONGOOSE] Warning: Duplicate schema index on {"id":1} found. This is often due to declaring an index using both "index: true" and "schema.index()". Please remove the duplicate index definition.
2026-04-15 16:17:00 [ERROR]: (node:768) [MONGOOSE] Warning: Duplicate schema index on {"location_id":1} found. This is often due to declaring an index using both "index: true" and "schema.index()". Please remove the duplicate index definition.
2026-04-15 16:17:00 [ERROR]: (node:768) [MONGOOSE] Warning: Duplicate schema index on {"slug":1} found. This is often due to declaring an index using both "index: true" and "schema.index()". Please remove the duplicate index definition.
2026-04-15 16:17:00 [ERROR]: (node:768) [MONGOOSE] Warning: Duplicate schema index on {"location_id":1} found. This is often due to declaring an index using both "index: true" and "schema.index()". Please remove the duplicate index definition.
2026-04-15 16:17:00 [ERROR]: (node:768) [MONGOOSE] Warning: Duplicate schema index on {"categoryName":1} found. This is often due to declaring an index using both "index: true" and "schema.index()". Please remove the duplicate index definition.
2026-04-15 16:26:23 [ERROR]: (node:12808) [MONGOOSE] Warning: Duplicate schema index on {"agentId":1} found. This is often due to declaring an index using both "index: true" and "schema.index()". Please remove the duplicate index definition.
(Use `node --trace-warnings ...` to show where the warning was created)
2026-04-15 16:26:23 [ERROR]: (node:12808) [MONGOOSE] Warning: Duplicate schema index on {"id":1} found. This is often due to declaring an index using both "index: true" and "schema.index()". Please remove the duplicate index definition.
2026-04-15 16:26:23 [ERROR]: (node:12808) [MONGOOSE] Warning: Duplicate schema index on {"location_id":1} found. This is often due to declaring an index using both "index: true" and "schema.index()". Please remove the duplicate index definition.
2026-04-15 16:26:23 [ERROR]: (node:12808) [MONGOOSE] Warning: Duplicate schema index on {"slug":1} found. This is often due to declaring an index using both "index: true" and "schema.index()". Please remove the duplicate index definition.
2026-04-15 16:26:23 [ERROR]: (node:12808) [MONGOOSE] Warning: Duplicate schema index on {"location_id":1} found. This is often due to declaring an index using both "index: true" and "schema.index()". Please remove the duplicate index definition.
2026-04-15 16:26:23 [ERROR]: (node:12808) [MONGOOSE] Warning: Duplicate schema index on {"categoryName":1} found. This is often due to declaring an index using both "index: true" and "schema.index()". Please remove the duplicate index definition.
2026-04-15 16:26:23 [ERROR]: (node:11752) [MONGOOSE] Warning: Duplicate schema index on {"agentId":1} found. This is often due to declaring an index using both "index: true" and "schema.index()". Please remove the duplicate index definition.
(Use `node --trace-warnings ...` to show where the warning was created)
2026-04-15 16:26:23 [ERROR]: (node:11752) [MONGOOSE] Warning: Duplicate schema index on {"id":1} found. This is often due to declaring an index using both "index: true" and "schema.index()". Please remove the duplicate index definition.
2026-04-15 16:26:23 [ERROR]: (node:11752) [MONGOOSE] Warning: Duplicate schema index on {"location_id":1} found. This is often due to declaring an index using both "index: true" and "schema.index()". Please remove the duplicate index definition.
2026-04-15 16:26:23 [ERROR]: (node:11752) [MONGOOSE] Warning: Duplicate schema index on {"slug":1} found. This is often due to declaring an index using both "index: true" and "schema.index()". Please remove the duplicate index definition.
2026-04-15 16:26:23 [ERROR]: (node:11752) [MONGOOSE] Warning: Duplicate schema index on {"location_id":1} found. This is often due to declaring an index using both "index: true" and "schema.index()". Please remove the duplicate index definition.
2026-04-15 16:26:23 [ERROR]: (node:11752) [MONGOOSE] Warning: Duplicate schema index on {"categoryName":1} found. This is often due to declaring an index using both "index: true" and "schema.index()". Please remove the duplicate index definition.
2026-04-15 16:27:12 [ERROR]: (node:17892) [MONGOOSE] Warning: Duplicate schema index on {"agentId":1} found. This is often due to declaring an index using both "index: true" and "schema.index()". Please remove the duplicate index definition.
(Use `node --trace-warnings ...` to show where the warning was created)
2026-04-15 16:27:12 [ERROR]: (node:17892) [MONGOOSE] Warning: Duplicate schema index on {"id":1} found. This is often due to declaring an index using both "index: true" and "schema.index()". Please remove the duplicate index definition.
2026-04-15 16:27:12 [ERROR]: (node:17892) [MONGOOSE] Warning: Duplicate schema index on {"location_id":1} found. This is often due to declaring an index using both "index: true" and "schema.index()". Please remove the duplicate index definition.
2026-04-15 16:27:12 [ERROR]: (node:17892) [MONGOOSE] Warning: Duplicate schema index on {"slug":1} found. This is often due to declaring an index using both "index: true" and "schema.index()". Please remove the duplicate index definition.
2026-04-15 16:27:12 [ERROR]: (node:17892) [MONGOOSE] Warning: Duplicate schema index on {"location_id":1} found. This is often due to declaring an index using both "index: true" and "schema.index()". Please remove the duplicate index definition.
2026-04-15 16:27:12 [ERROR]: (node:17892) [MONGOOSE] Warning: Duplicate schema index on {"categoryName":1} found. This is often due to declaring an index using both "index: true" and "schema.index()". Please remove the duplicate index definition.
2026-04-15 16:27:12 [ERROR]: (node:5544) [MONGOOSE] Warning: Duplicate schema index on {"agentId":1} found. This is often due to declaring an index using both "index: true" and "schema.index()". Please remove the duplicate index definition.
(Use `node --trace-warnings ...` to show where the warning was created)
2026-04-15 16:27:12 [ERROR]: (node:5544) [MONGOOSE] Warning: Duplicate schema index on {"id":1} found. This is often due to declaring an index using both "index: true" and "schema.index()". Please remove the duplicate index definition.
2026-04-15 16:27:12 [ERROR]: (node:5544) [MONGOOSE] Warning: Duplicate schema index on {"location_id":1} found. This is often due to declaring an index using both "index: true" and "schema.index()". Please remove the duplicate index definition.
2026-04-15 16:27:12 [ERROR]: (node:5544) [MONGOOSE] Warning: Duplicate schema index on {"slug":1} found. This is often due to declaring an index using both "index: true" and "schema.index()". Please remove the duplicate index definition.
2026-04-15 16:27:12 [ERROR]: (node:5544) [MONGOOSE] Warning: Duplicate schema index on {"location_id":1} found. This is often due to declaring an index using both "index: true" and "schema.index()". Please remove the duplicate index definition.
2026-04-15 16:27:12 [ERROR]: (node:5544) [MONGOOSE] Warning: Duplicate schema index on {"categoryName":1} found. This is often due to declaring an index using both "index: true" and "schema.index()". Please remove the duplicate index definition.
2026-04-15 16:34:49 [ERROR]: (node:2072) [MONGOOSE] Warning: Duplicate schema index on {"agentId":1} found. This is often due to declaring an index using both "index: true" and "schema.index()". Please remove the duplicate index definition.
(Use `node --trace-warnings ...` to show where the warning was created)
2026-04-15 16:34:49 [ERROR]: (node:2072) [MONGOOSE] Warning: Duplicate schema index on {"id":1} found. This is often due to declaring an index using both "index: true" and "schema.index()". Please remove the duplicate index definition.
2026-04-15 16:34:49 [ERROR]: (node:2072) [MONGOOSE] Warning: Duplicate schema index on {"location_id":1} found. This is often due to declaring an index using both "index: true" and "schema.index()". Please remove the duplicate index definition.
2026-04-15 16:34:49 [ERROR]: (node:2072) [MONGOOSE] Warning: Duplicate schema index on {"slug":1} found. This is often due to declaring an index using both "index: true" and "schema.index()". Please remove the duplicate index definition.
2026-04-15 16:34:49 [ERROR]: (node:2072) [MONGOOSE] Warning: Duplicate schema index on {"location_id":1} found. This is often due to declaring an index using both "index: true" and "schema.index()". Please remove the duplicate index definition.
2026-04-15 16:34:49 [ERROR]: (node:2072) [MONGOOSE] Warning: Duplicate schema index on {"categoryName":1} found. This is often due to declaring an index using both "index: true" and "schema.index()". Please remove the duplicate index definition.
2026-04-15 16:34:49 [ERROR]: (node:15416) [MONGOOSE] Warning: Duplicate schema index on {"agentId":1} found. This is often due to declaring an index using both "index: true" and "schema.index()". Please remove the duplicate index definition.
(Use `node --trace-warnings ...` to show where the warning was created)
2026-04-15 16:34:49 [ERROR]: (node:15416) [MONGOOSE] Warning: Duplicate schema index on {"id":1} found. This is often due to declaring an index using both "index: true" and "schema.index()". Please remove the duplicate index definition.
2026-04-15 16:34:49 [ERROR]: (node:15416) [MONGOOSE] Warning: Duplicate schema index on {"location_id":1} found. This is often due to declaring an index using both "index: true" and "schema.index()". Please remove the duplicate index definition.
2026-04-15 16:34:49 [ERROR]: (node:15416) [MONGOOSE] Warning: Duplicate schema index on {"slug":1} found. This is often due to declaring an index using both "index: true" and "schema.index()". Please remove the duplicate index definition.
2026-04-15 16:34:49 [ERROR]: (node:15416) [MONGOOSE] Warning: Duplicate schema index on {"location_id":1} found. This is often due to declaring an index using both "index: true" and "schema.index()". Please remove the duplicate index definition.
2026-04-15 16:34:49 [ERROR]: (node:15416) [MONGOOSE] Warning: Duplicate schema index on {"categoryName":1} found. This is often due to declaring an index using both "index: true" and "schema.index()". Please remove the duplicate index definition.
2026-04-15 16:40:14 [ERROR]: (node:1996) [MONGOOSE] Warning: Duplicate schema index on {"agentId":1} found. This is often due to declaring an index using both "index: true" and "schema.index()". Please remove the duplicate index definition.
(Use `node --trace-warnings ...` to show where the warning was created)
2026-04-15 16:40:14 [ERROR]: (node:1996) [MONGOOSE] Warning: Duplicate schema index on {"id":1} found. This is often due to declaring an index using both "index: true" and "schema.index()". Please remove the duplicate index definition.
2026-04-15 16:40:14 [ERROR]: (node:1996) [MONGOOSE] Warning: Duplicate schema index on {"location_id":1} found. This is often due to declaring an index using both "index: true" and "schema.index()". Please remove the duplicate index definition.
2026-04-15 16:40:14 [ERROR]: (node:1996) [MONGOOSE] Warning: Duplicate schema index on {"slug":1} found. This is often due to declaring an index using both "index: true" and "schema.index()". Please remove the duplicate index definition.
2026-04-15 16:40:14 [ERROR]: (node:1996) [MONGOOSE] Warning: Duplicate schema index on {"location_id":1} found. This is often due to declaring an index using both "index: true" and "schema.index()". Please remove the duplicate index definition.
2026-04-15 16:40:14 [ERROR]: (node:1996) [MONGOOSE] Warning: Duplicate schema index on {"categoryName":1} found. This is often due to declaring an index using both "index: true" and "schema.index()". Please remove the duplicate index definition.
2026-04-15 16:40:14 [ERROR]: (node:13408) [MONGOOSE] Warning: Duplicate schema index on {"agentId":1} found. This is often due to declaring an index using both "index: true" and "schema.index()". Please remove the duplicate index definition.
(Use `node --trace-warnings ...` to show where the warning was created)
2026-04-15 16:40:14 [ERROR]: (node:13408) [MONGOOSE] Warning: Duplicate schema index on {"id":1} found. This is often due to declaring an index using both "index: true" and "schema.index()". Please remove the duplicate index definition.
2026-04-15 16:40:14 [ERROR]: (node:13408) [MONGOOSE] Warning: Duplicate schema index on {"location_id":1} found. This is often due to declaring an index using both "index: true" and "schema.index()". Please remove the duplicate index definition.
2026-04-15 16:40:14 [ERROR]: (node:13408) [MONGOOSE] Warning: Duplicate schema index on {"slug":1} found. This is often due to declaring an index using both "index: true" and "schema.index()". Please remove the duplicate index definition.
2026-04-15 16:40:14 [ERROR]: (node:13408) [MONGOOSE] Warning: Duplicate schema index on {"location_id":1} found. This is often due to declaring an index using both "index: true" and "schema.index()". Please remove the duplicate index definition.
2026-04-15 16:40:14 [ERROR]: (node:13408) [MONGOOSE] Warning: Duplicate schema index on {"categoryName":1} found. This is often due to declaring an index using both "index: true" and "schema.index()". Please remove the duplicate index definition.
2026-04-15 16:40:16 [ERROR]: (node:11252) [MONGOOSE] Warning: Duplicate schema index on {"agentId":1} found. This is often due to declaring an index using both "index: true" and "schema.index()". Please remove the duplicate index definition.
(Use `node --trace-warnings ...` to show where the warning was created)
2026-04-15 16:40:16 [ERROR]: (node:11252) [MONGOOSE] Warning: Duplicate schema index on {"id":1} found. This is often due to declaring an index using both "index: true" and "schema.index()". Please remove the duplicate index definition.
2026-04-15 16:40:16 [ERROR]: (node:11252) [MONGOOSE] Warning: Duplicate schema index on {"location_id":1} found. This is often due to declaring an index using both "index: true" and "schema.index()". Please remove the duplicate index definition.
2026-04-15 16:40:16 [ERROR]: (node:11252) [MONGOOSE] Warning: Duplicate schema index on {"slug":1} found. This is often due to declaring an index using both "index: true" and "schema.index()". Please remove the duplicate index definition.
2026-04-15 16:40:16 [ERROR]: (node:11252) [MONGOOSE] Warning: Duplicate schema index on {"location_id":1} found. This is often due to declaring an index using both "index: true" and "schema.index()". Please remove the duplicate index definition.
2026-04-15 16:40:16 [ERROR]: (node:11252) [MONGOOSE] Warning: Duplicate schema index on {"categoryName":1} found. This is often due to declaring an index using both "index: true" and "schema.index()". Please remove the duplicate index definition.
2026-04-15 16:40:16 [ERROR]: (node:17980) [MONGOOSE] Warning: Duplicate schema index on {"agentId":1} found. This is often due to declaring an index using both "index: true" and "schema.index()". Please remove the duplicate index definition.
(Use `node --trace-warnings ...` to show where the warning was created)
2026-04-15 16:40:16 [ERROR]: (node:17980) [MONGOOSE] Warning: Duplicate schema index on {"id":1} found. This is often due to declaring an index using both "index: true" and "schema.index()". Please remove the duplicate index definition.
2026-04-15 16:40:16 [ERROR]: (node:17980) [MONGOOSE] Warning: Duplicate schema index on {"location_id":1} found. This is often due to declaring an index using both "index: true" and "schema.index()". Please remove the duplicate index definition.
2026-04-15 16:40:16 [ERROR]: (node:17980) [MONGOOSE] Warning: Duplicate schema index on {"slug":1} found. This is often due to declaring an index using both "index: true" and "schema.index()". Please remove the duplicate index definition.
2026-04-15 16:40:16 [ERROR]: (node:17980) [MONGOOSE] Warning: Duplicate schema index on {"location_id":1} found. This is often due to declaring an index using both "index: true" and "schema.index()". Please remove the duplicate index definition.
2026-04-15 16:40:16 [ERROR]: (node:17980) [MONGOOSE] Warning: Duplicate schema index on {"categoryName":1} found. This is often due to declaring an index using both "index: true" and "schema.index()". Please remove the duplicate index definition.
2026-04-15 16:40:19 [ERROR]: (node:4412) [MONGOOSE] Warning: Duplicate schema index on {"agentId":1} found. This is often due to declaring an index using both "index: true" and "schema.index()". Please remove the duplicate index definition.
(Use `node --trace-warnings ...` to show where the warning was created)
2026-04-15 16:40:19 [ERROR]: (node:4412) [MONGOOSE] Warning: Duplicate schema index on {"id":1} found. This is often due to declaring an index using both "index: true" and "schema.index()". Please remove the duplicate index definition.
2026-04-15 16:40:19 [ERROR]: (node:4412) [MONGOOSE] Warning: Duplicate schema index on {"location_id":1} found. This is often due to declaring an index using both "index: true" and "schema.index()". Please remove the duplicate index definition.
2026-04-15 16:40:19 [ERROR]: (node:4412) [MONGOOSE] Warning: Duplicate schema index on {"slug":1} found. This is often due to declaring an index using both "index: true" and "schema.index()". Please remove the duplicate index definition.
2026-04-15 16:40:19 [ERROR]: (node:4412) [MONGOOSE] Warning: Duplicate schema index on {"location_id":1} found. This is often due to declaring an index using both "index: true" and "schema.index()". Please remove the duplicate index definition.
2026-04-15 16:40:19 [ERROR]: (node:4412) [MONGOOSE] Warning: Duplicate schema index on {"categoryName":1} found. This is often due to declaring an index using both "index: true" and "schema.index()". Please remove the duplicate index definition.
2026-04-15 16:40:19 [ERROR]: (node:2060) [MONGOOSE] Warning: Duplicate schema index on {"agentId":1} found. This is often due to declaring an index using both "index: true" and "schema.index()". Please remove the duplicate index definition.
(Use `node --trace-warnings ...` to show where the warning was created)
2026-04-15 16:40:19 [ERROR]: (node:2060) [MONGOOSE] Warning: Duplicate schema index on {"id":1} found. This is often due to declaring an index using both "index: true" and "schema.index()". Please remove the duplicate index definition.
2026-04-15 16:40:19 [ERROR]: (node:2060) [MONGOOSE] Warning: Duplicate schema index on {"location_id":1} found. This is often due to declaring an index using both "index: true" and "schema.index()". Please remove the duplicate index definition.
2026-04-15 16:40:19 [ERROR]: (node:2060) [MONGOOSE] Warning: Duplicate schema index on {"slug":1} found. This is often due to declaring an index using both "index: true" and "schema.index()". Please remove the duplicate index definition.
2026-04-15 16:40:19 [ERROR]: (node:2060) [MONGOOSE] Warning: Duplicate schema index on {"location_id":1} found. This is often due to declaring an index using both "index: true" and "schema.index()". Please remove the duplicate index definition.
2026-04-15 16:40:19 [ERROR]: (node:2060) [MONGOOSE] Warning: Duplicate schema index on {"categoryName":1} found. This is often due to declaring an index using both "index: true" and "schema.index()". Please remove the duplicate index definition.
2026-04-15 16:40:22 [ERROR]: (node:2932) [MONGOOSE] Warning: Duplicate schema index on {"agentId":1} found. This is often due to declaring an index using both "index: true" and "schema.index()". Please remove the duplicate index definition.
(Use `node --trace-warnings ...` to show where the warning was created)
2026-04-15 16:40:22 [ERROR]: (node:2932) [MONGOOSE] Warning: Duplicate schema index on {"id":1} found. This is often due to declaring an index using both "index: true" and "schema.index()". Please remove the duplicate index definition.
2026-04-15 16:40:22 [ERROR]: (node:2932) [MONGOOSE] Warning: Duplicate schema index on {"location_id":1} found. This is often due to declaring an index using both "index: true" and "schema.index()". Please remove the duplicate index definition.
2026-04-15 16:40:22 [ERROR]: (node:2932) [MONGOOSE] Warning: Duplicate schema index on {"slug":1} found. This is often due to declaring an index using both "index: true" and "schema.index()". Please remove the duplicate index definition.
2026-04-15 16:40:22 [ERROR]: (node:2932) [MONGOOSE] Warning: Duplicate schema index on {"location_id":1} found. This is often due to declaring an index using both "index: true" and "schema.index()". Please remove the duplicate index definition.
2026-04-15 16:40:22 [ERROR]: (node:2932) [MONGOOSE] Warning: Duplicate schema index on {"categoryName":1} found. This is often due to declaring an index using both "index: true" and "schema.index()". Please remove the duplicate index definition.
2026-04-15 16:40:22 [ERROR]: (node:13304) [MONGOOSE] Warning: Duplicate schema index on {"agentId":1} found. This is often due to declaring an index using both "index: true" and "schema.index()". Please remove the duplicate index definition.
(Use `node --trace-warnings ...` to show where the warning was created)
2026-04-15 16:40:22 [ERROR]: (node:13304) [MONGOOSE] Warning: Duplicate schema index on {"id":1} found. This is often due to declaring an index using both "index: true" and "schema.index()". Please remove the duplicate index definition.
2026-04-15 16:40:22 [ERROR]: (node:13304) [MONGOOSE] Warning: Duplicate schema index on {"location_id":1} found. This is often due to declaring an index using both "index: true" and "schema.index()". Please remove the duplicate index definition.
2026-04-15 16:40:22 [ERROR]: (node:13304) [MONGOOSE] Warning: Duplicate schema index on {"slug":1} found. This is often due to declaring an index using both "index: true" and "schema.index()". Please remove the duplicate index definition.
2026-04-15 16:40:22 [ERROR]: (node:13304) [MONGOOSE] Warning: Duplicate schema index on {"location_id":1} found. This is often due to declaring an index using both "index: true" and "schema.index()". Please remove the duplicate index definition.
2026-04-15 16:40:22 [ERROR]: (node:13304) [MONGOOSE] Warning: Duplicate schema index on {"categoryName":1} found. This is often due to declaring an index using both "index: true" and "schema.index()". Please remove the duplicate index definition.
2026-04-15 16:40:24 [ERROR]: (node:20012) [MONGOOSE] Warning: Duplicate schema index on {"agentId":1} found. This is often due to declaring an index using both "index: true" and "schema.index()". Please remove the duplicate index definition.
(Use `node --trace-warnings ...` to show where the warning was created)
2026-04-15 16:40:24 [ERROR]: (node:20012) [MONGOOSE] Warning: Duplicate schema index on {"id":1} found. This is often due to declaring an index using both "index: true" and "schema.index()". Please remove the duplicate index definition.
2026-04-15 16:40:24 [ERROR]: (node:20012) [MONGOOSE] Warning: Duplicate schema index on {"location_id":1} found. This is often due to declaring an index using both "index: true" and "schema.index()". Please remove the duplicate index definition.
2026-04-15 16:40:24 [ERROR]: (node:20012) [MONGOOSE] Warning: Duplicate schema index on {"slug":1} found. This is often due to declaring an index using both "index: true" and "schema.index()". Please remove the duplicate index definition.
2026-04-15 16:40:24 [ERROR]: (node:20012) [MONGOOSE] Warning: Duplicate schema index on {"location_id":1} found. This is often due to declaring an index using both "index: true" and "schema.index()". Please remove the duplicate index definition.
2026-04-15 16:40:24 [ERROR]: (node:20012) [MONGOOSE] Warning: Duplicate schema index on {"categoryName":1} found. This is often due to declaring an index using both "index: true" and "schema.index()". Please remove the duplicate index definition.
2026-04-15 16:40:24 [ERROR]: (node:14712) [MONGOOSE] Warning: Duplicate schema index on {"agentId":1} found. This is often due to declaring an index using both "index: true" and "schema.index()". Please remove the duplicate index definition.
(Use `node --trace-warnings ...` to show where the warning was created)
2026-04-15 16:40:24 [ERROR]: (node:14712) [MONGOOSE] Warning: Duplicate schema index on {"id":1} found. This is often due to declaring an index using both "index: true" and "schema.index()". Please remove the duplicate index definition.
2026-04-15 16:40:24 [ERROR]: (node:14712) [MONGOOSE] Warning: Duplicate schema index on {"location_id":1} found. This is often due to declaring an index using both "index: true" and "schema.index()". Please remove the duplicate index definition.
2026-04-15 16:40:24 [ERROR]: (node:14712) [MONGOOSE] Warning: Duplicate schema index on {"slug":1} found. This is often due to declaring an index using both "index: true" and "schema.index()". Please remove the duplicate index definition.
2026-04-15 16:40:24 [ERROR]: (node:14712) [MONGOOSE] Warning: Duplicate schema index on {"location_id":1} found. This is often due to declaring an index using both "index: true" and "schema.index()". Please remove the duplicate index definition.
2026-04-15 16:40:24 [ERROR]: (node:14712) [MONGOOSE] Warning: Duplicate schema index on {"categoryName":1} found. This is often due to declaring an index using both "index: true" and "schema.index()". Please remove the duplicate index definition.
2026-04-15 16:40:29 [ERROR]: (node:19500) [MONGOOSE] Warning: Duplicate schema index on {"agentId":1} found. This is often due to declaring an index using both "index: true" and "schema.index()". Please remove the duplicate index definition.
(Use `node --trace-warnings ...` to show where the warning was created)
2026-04-15 16:40:29 [ERROR]: (node:19500) [MONGOOSE] Warning: Duplicate schema index on {"id":1} found. This is often due to declaring an index using both "index: true" and "schema.index()". Please remove the duplicate index definition.
2026-04-15 16:40:29 [ERROR]: (node:19500) [MONGOOSE] Warning: Duplicate schema index on {"location_id":1} found. This is often due to declaring an index using both "index: true" and "schema.index()". Please remove the duplicate index definition.
2026-04-15 16:40:29 [ERROR]: (node:19500) [MONGOOSE] Warning: Duplicate schema index on {"slug":1} found. This is often due to declaring an index using both "index: true" and "schema.index()". Please remove the duplicate index definition.
2026-04-15 16:40:29 [ERROR]: (node:19500) [MONGOOSE] Warning: Duplicate schema index on {"location_id":1} found. This is often due to declaring an index using both "index: true" and "schema.index()". Please remove the duplicate index definition.
2026-04-15 16:40:29 [ERROR]: (node:19500) [MONGOOSE] Warning: Duplicate schema index on {"categoryName":1} found. This is often due to declaring an index using both "index: true" and "schema.index()". Please remove the duplicate index definition.
2026-04-15 16:40:29 [ERROR]: (node:428) [MONGOOSE] Warning: Duplicate schema index on {"agentId":1} found. This is often due to declaring an index using both "index: true" and "schema.index()". Please remove the duplicate index definition.
(Use `node --trace-warnings ...` to show where the warning was created)
2026-04-15 16:40:29 [ERROR]: (node:428) [MONGOOSE] Warning: Duplicate schema index on {"id":1} found. This is often due to declaring an index using both "index: true" and "schema.index()". Please remove the duplicate index definition.
2026-04-15 16:40:29 [ERROR]: (node:428) [MONGOOSE] Warning: Duplicate schema index on {"location_id":1} found. This is often due to declaring an index using both "index: true" and "schema.index()". Please remove the duplicate index definition.
2026-04-15 16:40:29 [ERROR]: (node:428) [MONGOOSE] Warning: Duplicate schema index on {"slug":1} found. This is often due to declaring an index using both "index: true" and "schema.index()". Please remove the duplicate index definition.
2026-04-15 16:40:29 [ERROR]: (node:428) [MONGOOSE] Warning: Duplicate schema index on {"location_id":1} found. This is often due to declaring an index using both "index: true" and "schema.index()". Please remove the duplicate index definition.
2026-04-15 16:40:29 [ERROR]: (node:428) [MONGOOSE] Warning: Duplicate schema index on {"categoryName":1} found. This is often due to declaring an index using both "index: true" and "schema.index()". Please remove the duplicate index definition.
2026-04-15 16:41:19 [ERROR]: (node:18108) [MONGOOSE] Warning: Duplicate schema index on {"agentId":1} found. This is often due to declaring an index using both "index: true" and "schema.index()". Please remove the duplicate index definition.
(Use `node --trace-warnings ...` to show where the warning was created)
2026-04-15 16:41:19 [ERROR]: (node:18108) [MONGOOSE] Warning: Duplicate schema index on {"id":1} found. This is often due to declaring an index using both "index: true" and "schema.index()". Please remove the duplicate index definition.
2026-04-15 16:41:19 [ERROR]: (node:18108) [MONGOOSE] Warning: Duplicate schema index on {"location_id":1} found. This is often due to declaring an index using both "index: true" and "schema.index()". Please remove the duplicate index definition.
2026-04-15 16:41:19 [ERROR]: (node:18108) [MONGOOSE] Warning: Duplicate schema index on {"slug":1} found. This is often due to declaring an index using both "index: true" and "schema.index()". Please remove the duplicate index definition.
2026-04-15 16:41:19 [ERROR]: (node:18108) [MONGOOSE] Warning: Duplicate schema index on {"location_id":1} found. This is often due to declaring an index using both "index: true" and "schema.index()". Please remove the duplicate index definition.
2026-04-15 16:41:19 [ERROR]: (node:18108) [MONGOOSE] Warning: Duplicate schema index on {"categoryName":1} found. This is often due to declaring an index using both "index: true" and "schema.index()". Please remove the duplicate index definition.
2026-04-15 16:41:19 [ERROR]: (node:4708) [MONGOOSE] Warning: Duplicate schema index on {"agentId":1} found. This is often due to declaring an index using both "index: true" and "schema.index()". Please remove the duplicate index definition.
(Use `node --trace-warnings ...` to show where the warning was created)
2026-04-15 16:41:19 [ERROR]: (node:4708) [MONGOOSE] Warning: Duplicate schema index on {"id":1} found. This is often due to declaring an index using both "index: true" and "schema.index()". Please remove the duplicate index definition.
2026-04-15 16:41:19 [ERROR]: (node:4708) [MONGOOSE] Warning: Duplicate schema index on {"location_id":1} found. This is often due to declaring an index using both "index: true" and "schema.index()". Please remove the duplicate index definition.
2026-04-15 16:41:19 [ERROR]: (node:4708) [MONGOOSE] Warning: Duplicate schema index on {"slug":1} found. This is often due to declaring an index using both "index: true" and "schema.index()". Please remove the duplicate index definition.
2026-04-15 16:41:19 [ERROR]: (node:4708) [MONGOOSE] Warning: Duplicate schema index on {"location_id":1} found. This is often due to declaring an index using both "index: true" and "schema.index()". Please remove the duplicate index definition.
2026-04-15 16:41:19 [ERROR]: (node:4708) [MONGOOSE] Warning: Duplicate schema index on {"categoryName":1} found. This is often due to declaring an index using both "index: true" and "schema.index()". Please remove the duplicate index definition.
2026-04-15 16:41:26 [ERROR]: (node:18912) [MONGOOSE] Warning: Duplicate schema index on {"agentId":1} found. This is often due to declaring an index using both "index: true" and "schema.index()". Please remove the duplicate index definition.
(Use `node --trace-warnings ...` to show where the warning was created)
2026-04-15 16:41:26 [ERROR]: (node:18912) [MONGOOSE] Warning: Duplicate schema index on {"id":1} found. This is often due to declaring an index using both "index: true" and "schema.index()". Please remove the duplicate index definition.
2026-04-15 16:41:26 [ERROR]: (node:18912) [MONGOOSE] Warning: Duplicate schema index on {"location_id":1} found. This is often due to declaring an index using both "index: true" and "schema.index()". Please remove the duplicate index definition.
2026-04-15 16:41:26 [ERROR]: (node:18912) [MONGOOSE] Warning: Duplicate schema index on {"slug":1} found. This is often due to declaring an index using both "index: true" and "schema.index()". Please remove the duplicate index definition.
2026-04-15 16:41:26 [ERROR]: (node:18912) [MONGOOSE] Warning: Duplicate schema index on {"location_id":1} found. This is often due to declaring an index using both "index: true" and "schema.index()". Please remove the duplicate index definition.
2026-04-15 16:41:26 [ERROR]: (node:18912) [MONGOOSE] Warning: Duplicate schema index on {"categoryName":1} found. This is often due to declaring an index using both "index: true" and "schema.index()". Please remove the duplicate index definition.
2026-04-15 16:41:26 [ERROR]: (node:10292) [MONGOOSE] Warning: Duplicate schema index on {"agentId":1} found. This is often due to declaring an index using both "index: true" and "schema.index()". Please remove the duplicate index definition.
(Use `node --trace-warnings ...` to show where the warning was created)
2026-04-15 16:41:26 [ERROR]: (node:10292) [MONGOOSE] Warning: Duplicate schema index on {"id":1} found. This is often due to declaring an index using both "index: true" and "schema.index()". Please remove the duplicate index definition.
2026-04-15 16:41:26 [ERROR]: (node:10292) [MONGOOSE] Warning: Duplicate schema index on {"location_id":1} found. This is often due to declaring an index using both "index: true" and "schema.index()". Please remove the duplicate index definition.
2026-04-15 16:41:26 [ERROR]: (node:10292) [MONGOOSE] Warning: Duplicate schema index on {"slug":1} found. This is often due to declaring an index using both "index: true" and "schema.index()". Please remove the duplicate index definition.
2026-04-15 16:41:26 [ERROR]: (node:10292) [MONGOOSE] Warning: Duplicate schema index on {"location_id":1} found. This is often due to declaring an index using both "index: true" and "schema.index()". Please remove the duplicate index definition.
2026-04-15 16:41:26 [ERROR]: (node:10292) [MONGOOSE] Warning: Duplicate schema index on {"categoryName":1} found. This is often due to declaring an index using both "index: true" and "schema.index()". Please remove the duplicate index definition.
2026-04-15 16:41:28 [ERROR]: (node:12512) [MONGOOSE] Warning: Duplicate schema index on {"agentId":1} found. This is often due to declaring an index using both "index: true" and "schema.index()". Please remove the duplicate index definition.
(Use `node --trace-warnings ...` to show where the warning was created)
2026-04-15 16:41:28 [ERROR]: (node:12512) [MONGOOSE] Warning: Duplicate schema index on {"id":1} found. This is often due to declaring an index using both "index: true" and "schema.index()". Please remove the duplicate index definition.
2026-04-15 16:41:28 [ERROR]: (node:12512) [MONGOOSE] Warning: Duplicate schema index on {"location_id":1} found. This is often due to declaring an index using both "index: true" and "schema.index()". Please remove the duplicate index definition.
2026-04-15 16:41:28 [ERROR]: (node:12512) [MONGOOSE] Warning: Duplicate schema index on {"slug":1} found. This is often due to declaring an index using both "index: true" and "schema.index()". Please remove the duplicate index definition.
2026-04-15 16:41:28 [ERROR]: (node:12512) [MONGOOSE] Warning: Duplicate schema index on {"location_id":1} found. This is often due to declaring an index using both "index: true" and "schema.index()". Please remove the duplicate index definition.
2026-04-15 16:41:28 [ERROR]: (node:12512) [MONGOOSE] Warning: Duplicate schema index on {"categoryName":1} found. This is often due to declaring an index using both "index: true" and "schema.index()". Please remove the duplicate index definition.
2026-04-15 16:41:28 [ERROR]: (node:11108) [MONGOOSE] Warning: Duplicate schema index on {"agentId":1} found. This is often due to declaring an index using both "index: true" and "schema.index()". Please remove the duplicate index definition.
(Use `node --trace-warnings ...` to show where the warning was created)
2026-04-15 16:41:28 [ERROR]: (node:11108) [MONGOOSE] Warning: Duplicate schema index on {"id":1} found. This is often due to declaring an index using both "index: true" and "schema.index()". Please remove the duplicate index definition.
2026-04-15 16:41:28 [ERROR]: (node:11108) [MONGOOSE] Warning: Duplicate schema index on {"location_id":1} found. This is often due to declaring an index using both "index: true" and "schema.index()". Please remove the duplicate index definition.
2026-04-15 16:41:28 [ERROR]: (node:11108) [MONGOOSE] Warning: Duplicate schema index on {"slug":1} found. This is often due to declaring an index using both "index: true" and "schema.index()". Please remove the duplicate index definition.
2026-04-15 16:41:28 [ERROR]: (node:11108) [MONGOOSE] Warning: Duplicate schema index on {"location_id":1} found. This is often due to declaring an index using both "index: true" and "schema.index()". Please remove the duplicate index definition.
2026-04-15 16:41:28 [ERROR]: (node:11108) [MONGOOSE] Warning: Duplicate schema index on {"categoryName":1} found. This is often due to declaring an index using both "index: true" and "schema.index()". Please remove the duplicate index definition.
2026-04-15 16:41:32 [ERROR]: (node:6024) [MONGOOSE] Warning: Duplicate schema index on {"agentId":1} found. This is often due to declaring an index using both "index: true" and "schema.index()". Please remove the duplicate index definition.
(Use `node --trace-warnings ...` to show where the warning was created)
2026-04-15 16:41:32 [ERROR]: (node:6024) [MONGOOSE] Warning: Duplicate schema index on {"id":1} found. This is often due to declaring an index using both "index: true" and "schema.index()". Please remove the duplicate index definition.
2026-04-15 16:41:32 [ERROR]: (node:6024) [MONGOOSE] Warning: Duplicate schema index on {"location_id":1} found. This is often due to declaring an index using both "index: true" and "schema.index()". Please remove the duplicate index definition.
2026-04-15 16:41:32 [ERROR]: (node:6024) [MONGOOSE] Warning: Duplicate schema index on {"slug":1} found. This is often due to declaring an index using both "index: true" and "schema.index()". Please remove the duplicate index definition.
2026-04-15 16:41:32 [ERROR]: (node:6024) [MONGOOSE] Warning: Duplicate schema index on {"location_id":1} found. This is often due to declaring an index using both "index: true" and "schema.index()". Please remove the duplicate index definition.
2026-04-15 16:41:32 [ERROR]: (node:6024) [MONGOOSE] Warning: Duplicate schema index on {"categoryName":1} found. This is often due to declaring an index using both "index: true" and "schema.index()". Please remove the duplicate index definition.
2026-04-15 16:41:32 [ERROR]: (node:19324) [MONGOOSE] Warning: Duplicate schema index on {"agentId":1} found. This is often due to declaring an index using both "index: true" and "schema.index()". Please remove the duplicate index definition.
(Use `node --trace-warnings ...` to show where the warning was created)
2026-04-15 16:41:32 [ERROR]: (node:19324) [MONGOOSE] Warning: Duplicate schema index on {"id":1} found. This is often due to declaring an index using both "index: true" and "schema.index()". Please remove the duplicate index definition.
2026-04-15 16:41:32 [ERROR]: (node:19324) [MONGOOSE] Warning: Duplicate schema index on {"location_id":1} found. This is often due to declaring an index using both "index: true" and "schema.index()". Please remove the duplicate index definition.
2026-04-15 16:41:32 [ERROR]: (node:19324) [MONGOOSE] Warning: Duplicate schema index on {"slug":1} found. This is often due to declaring an index using both "index: true" and "schema.index()". Please remove the duplicate index definition.
2026-04-15 16:41:32 [ERROR]: (node:19324) [MONGOOSE] Warning: Duplicate schema index on {"location_id":1} found. This is often due to declaring an index using both "index: true" and "schema.index()". Please remove the duplicate index definition.
2026-04-15 16:41:32 [ERROR]: (node:19324) [MONGOOSE] Warning: Duplicate schema index on {"categoryName":1} found. This is often due to declaring an index using both "index: true" and "schema.index()". Please remove the duplicate index definition.
2026-04-15 17:10:29 [ERROR]: (node:10504) [MONGOOSE] Warning: Duplicate schema index on {"agentId":1} found. This is often due to declaring an index using both "index: true" and "schema.index()". Please remove the duplicate index definition.
(Use `node --trace-warnings ...` to show where the warning was created)
2026-04-15 17:10:29 [ERROR]: (node:10504) [MONGOOSE] Warning: Duplicate schema index on {"id":1} found. This is often due to declaring an index using both "index: true" and "schema.index()". Please remove the duplicate index definition.
2026-04-15 17:10:29 [ERROR]: (node:10504) [MONGOOSE] Warning: Duplicate schema index on {"location_id":1} found. This is often due to declaring an index using both "index: true" and "schema.index()". Please remove the duplicate index definition.
2026-04-15 17:10:29 [ERROR]: (node:10504) [MONGOOSE] Warning: Duplicate schema index on {"slug":1} found. This is often due to declaring an index using both "index: true" and "schema.index()". Please remove the duplicate index definition.
2026-04-15 17:10:29 [ERROR]: (node:10504) [MONGOOSE] Warning: Duplicate schema index on {"location_id":1} found. This is often due to declaring an index using both "index: true" and "schema.index()". Please remove the duplicate index definition.
2026-04-15 17:10:29 [ERROR]: (node:10504) [MONGOOSE] Warning: Duplicate schema index on {"categoryName":1} found. This is often due to declaring an index using both "index: true" and "schema.index()". Please remove the duplicate index definition.
2026-04-15 17:10:29 [ERROR]: (node:1236) [MONGOOSE] Warning: Duplicate schema index on {"agentId":1} found. This is often due to declaring an index using both "index: true" and "schema.index()". Please remove the duplicate index definition.
(Use `node --trace-warnings ...` to show where the warning was created)
2026-04-15 17:10:29 [ERROR]: (node:1236) [MONGOOSE] Warning: Duplicate schema index on {"id":1} found. This is often due to declaring an index using both "index: true" and "schema.index()". Please remove the duplicate index definition.
2026-04-15 17:10:29 [ERROR]: (node:1236) [MONGOOSE] Warning: Duplicate schema index on {"location_id":1} found. This is often due to declaring an index using both "index: true" and "schema.index()". Please remove the duplicate index definition.
2026-04-15 17:10:29 [ERROR]: (node:1236) [MONGOOSE] Warning: Duplicate schema index on {"slug":1} found. This is often due to declaring an index using both "index: true" and "schema.index()". Please remove the duplicate index definition.
2026-04-15 17:10:29 [ERROR]: (node:1236) [MONGOOSE] Warning: Duplicate schema index on {"location_id":1} found. This is often due to declaring an index using both "index: true" and "schema.index()". Please remove the duplicate index definition.
2026-04-15 17:10:29 [ERROR]: (node:1236) [MONGOOSE] Warning: Duplicate schema index on {"categoryName":1} found. This is often due to declaring an index using both "index: true" and "schema.index()". Please remove the duplicate index definition.
2026-04-15 18:02:50 [ERROR]: (node:15680) [MONGOOSE] Warning: Duplicate schema index on {"agentId":1} found. This is often due to declaring an index using both "index: true" and "schema.index()". Please remove the duplicate index definition.
(Use `node --trace-warnings ...` to show where the warning was created)
2026-04-15 18:02:50 [ERROR]: (node:15680) [MONGOOSE] Warning: Duplicate schema index on {"id":1} found. This is often due to declaring an index using both "index: true" and "schema.index()". Please remove the duplicate index definition.
2026-04-15 18:02:50 [ERROR]: (node:15680) [MONGOOSE] Warning: Duplicate schema index on {"location_id":1} found. This is often due to declaring an index using both "index: true" and "schema.index()". Please remove the duplicate index definition.
2026-04-15 18:02:50 [ERROR]: (node:15680) [MONGOOSE] Warning: Duplicate schema index on {"slug":1} found. This is often due to declaring an index using both "index: true" and "schema.index()". Please remove the duplicate index definition.
2026-04-15 18:02:50 [ERROR]: (node:15680) [MONGOOSE] Warning: Duplicate schema index on {"location_id":1} found. This is often due to declaring an index using both "index: true" and "schema.index()". Please remove the duplicate index definition.
2026-04-15 18:02:50 [ERROR]: (node:15680) [MONGOOSE] Warning: Duplicate schema index on {"categoryName":1} found. This is often due to declaring an index using both "index: true" and "schema.index()". Please remove the duplicate index definition.
2026-04-15 18:02:50 [ERROR]: (node:15792) [MONGOOSE] Warning: Duplicate schema index on {"agentId":1} found. This is often due to declaring an index using both "index: true" and "schema.index()". Please remove the duplicate index definition.
(Use `node --trace-warnings ...` to show where the warning was created)
2026-04-15 18:02:50 [ERROR]: (node:15792) [MONGOOSE] Warning: Duplicate schema index on {"id":1} found. This is often due to declaring an index using both "index: true" and "schema.index()". Please remove the duplicate index definition.
2026-04-15 18:02:50 [ERROR]: (node:15792) [MONGOOSE] Warning: Duplicate schema index on {"location_id":1} found. This is often due to declaring an index using both "index: true" and "schema.index()". Please remove the duplicate index definition.
2026-04-15 18:02:50 [ERROR]: (node:15792) [MONGOOSE] Warning: Duplicate schema index on {"slug":1} found. This is often due to declaring an index using both "index: true" and "schema.index()". Please remove the duplicate index definition.
2026-04-15 18:02:50 [ERROR]: (node:15792) [MONGOOSE] Warning: Duplicate schema index on {"location_id":1} found. This is often due to declaring an index using both "index: true" and "schema.index()". Please remove the duplicate index definition.
2026-04-15 18:02:50 [ERROR]: (node:15792) [MONGOOSE] Warning: Duplicate schema index on {"categoryName":1} found. This is often due to declaring an index using both "index: true" and "schema.index()". Please remove the duplicate index definition.
